2026-07-28T14:49:15.260450Z  INFO herdr::api::server: api server listening path=/home/jacky/.config/herdr/herdr.sock
2026-07-28T14:49:15.261559Z  INFO herdr::app: using pane scrollback configuration pane_scrollback_limit_bytes=10000000
2026-07-28T14:49:15.305650Z  INFO herdr::logging: checking for updates event="update.check.start" subsystem="update" outcome="started"
2026-07-28T14:49:15.307446Z  INFO herdr::logging: spawning pane terminal event="pane.spawn.start" subsystem="pane" outcome="started" pane_id=1 rows=24 cols=80 scrollback_limit_bytes=10000000
2026-07-28T14:49:15.308506Z  INFO herdr::logging: pane child spawned event="pane.spawned" subsystem="pane" outcome="ok" pane_id=1 pid=4048864
2026-07-28T14:49:15.308692Z  INFO herdr::logging: workspace created event="workspace.create" subsystem="workspace" outcome="ok" workspace_id="w1" pane_id=1
2026-07-28T14:49:15.308702Z  INFO herdr::logging: workspace focused event="workspace.focus" subsystem="workspace" outcome="ok" workspace_id="w1"
2026-07-28T14:49:15.308720Z  INFO herdr::logging: tab focused event="tab.focus" subsystem="tab" outcome="ok" workspace_id="w1" tab_id="w1:t1"
2026-07-28T14:49:15.308732Z  INFO herdr::server::headless: created startup workspace cwd=/home/jacky/github/cleverlabs/exceed-guest-management
2026-07-28T14:49:15.308813Z  INFO herdr::server::headless: client protocol socket listening path=/home/jacky/.config/herdr/herdr-client.sock
2026-07-28T14:49:15.308835Z  INFO herdr::server::headless: herdr server started api_socket=/home/jacky/.config/herdr/herdr.sock client_socket=/home/jacky/.config/herdr/herdr-client.sock
2026-07-28T14:49:15.309026Z  INFO herdr::logging: herdr starting event="app.startup" subsystem="server" outcome="started" pid=4048832
2026-07-28T14:49:15.310167Z  INFO herdr::server::headless: client connected client_id=2 cols=154 rows=65 cell_width_px=0 cell_height_px=0 render_encoding=SemanticFrame
2026-07-28T14:49:20.310517Z  INFO herdr::logging: session saved event="persist.save" subsystem="persist" outcome="ok" path=/home/jacky/.config/herdr/session.json workspaces=1
2026-07-28T14:50:00.511037Z  INFO herdr::pane: agent changed pane=1 previous_agent=None agent=Some(OpenCode) process=opencode pgid=Some(4057723)
2026-07-28T14:52:29.579380Z  WARN herdr::raw_input: flushing lone escape after input timeout; if this follows an alt chord or focus switch it may reach the pane as plain esc bytes=[27]
2026-07-28T14:52:30.425500Z  WARN herdr::raw_input: flushing lone escape after input timeout; if this follows an alt chord or focus switch it may reach the pane as plain esc bytes=[27]
2026-07-28T14:52:35.663724Z  INFO herdr::pane: agent changed pane=1 previous_agent=Some(OpenCode) agent=None pgid=Some(4048864)
2026-07-28T14:52:45.697532Z  INFO herdr::pane: agent changed pane=1 previous_agent=None agent=Some(OpenCode) process=opencode pgid=Some(4090894)
2026-07-28T14:55:04.286143Z  INFO herdr::logging: api request received event="api.request.start" subsystem="api" outcome="started" request_id="cli:server:reload-config" method="server.reload_config" changes_ui=true
2026-07-28T14:55:04.286512Z  WARN herdr::config::keybinds: config diagnostic prefix+r: kept keys.reload_config, disabled keys.resize_mode
2026-07-28T14:55:04.286532Z  WARN herdr::config::keybinds: config diagnostic prefix+p: kept keys.previous_workspace, disabled keys.command[0].key
2026-07-28T14:55:04.286708Z  INFO herdr::logging: api request completed event="api.request.complete" subsystem="api" outcome="ok" request_id="cli:server:reload-config" method="server.reload_config"
2026-07-28T14:56:03.459988Z  INFO herdr::logging: api request received event="api.request.start" subsystem="api" outcome="started" request_id="cli:server:reload-config" method="server.reload_config" changes_ui=true
2026-07-28T14:56:03.460435Z  INFO herdr::logging: api request completed event="api.request.complete" subsystem="api" outcome="ok" request_id="cli:server:reload-config" method="server.reload_config"
2026-07-28T14:57:12.695619Z  INFO herdr::logging: api request received event="api.request.start" subsystem="api" outcome="started" request_id="cli:server:reload-config" method="server.reload_config" changes_ui=true
2026-07-28T14:57:12.699207Z  INFO herdr::logging: api request completed event="api.request.complete" subsystem="api" outcome="ok" request_id="cli:server:reload-config" method="server.reload_config"
2026-07-28T15:00:15.304220Z  INFO herdr::pane: agent changed pane=1 previous_agent=Some(OpenCode) agent=None pgid=Some(4048864)
2026-07-28T15:00:16.241923Z  INFO herdr::logging: pane child exited event="pane.exit" subsystem="pane" outcome="completed" pane_id=1 status="ExitStatus { code: 0, signal: None }"
2026-07-28T15:00:16.242106Z  INFO herdr::pane: pane session terminated pane=1 pid=4048864 signal=Hangup
2026-07-28T15:00:16.242222Z  INFO herdr::logging: spawning pane terminal event="pane.spawn.start" subsystem="pane" outcome="started" pane_id=2 rows=64 cols=128 scrollback_limit_bytes=10000000
2026-07-28T15:00:16.244123Z  INFO herdr::logging: pane child spawned event="pane.spawned" subsystem="pane" outcome="ok" pane_id=2 pid=4178611
2026-07-28T15:00:16.244295Z  INFO herdr::logging: workspace created event="workspace.create" subsystem="workspace" outcome="ok" workspace_id="w2" pane_id=2
2026-07-28T15:00:16.244308Z  INFO herdr::logging: workspace focused event="workspace.focus" subsystem="workspace" outcome="ok" workspace_id="w2"
2026-07-28T15:00:16.244402Z  INFO herdr::logging: tab focused event="tab.focus" subsystem="tab" outcome="ok" workspace_id="w2" tab_id="w2:t1"
2026-07-28T15:00:17.400249Z  INFO herdr::logging: pane child exited event="pane.exit" subsystem="pane" outcome="completed" pane_id=2 status="ExitStatus { code: 0, signal: None }"
2026-07-28T15:00:17.400404Z  INFO herdr::pane: pane session terminated pane=2 pid=4178611 signal=Hangup
2026-07-28T15:00:17.400856Z  INFO herdr::logging: spawning pane terminal event="pane.spawn.start" subsystem="pane" outcome="started" pane_id=3 rows=64 cols=128 scrollback_limit_bytes=10000000
2026-07-28T15:00:17.402625Z  INFO herdr::logging: pane child spawned event="pane.spawned" subsystem="pane" outcome="ok" pane_id=3 pid=4178809
2026-07-28T15:00:17.402785Z  INFO herdr::logging: workspace created event="workspace.create" subsystem="workspace" outcome="ok" workspace_id="w3" pane_id=3
2026-07-28T15:00:17.402797Z  INFO herdr::logging: workspace focused event="workspace.focus" subsystem="workspace" outcome="ok" workspace_id="w3"
2026-07-28T15:00:17.402874Z  INFO herdr::logging: tab focused event="tab.focus" subsystem="tab" outcome="ok" workspace_id="w3" tab_id="w3:t1"
2026-07-28T15:00:18.216147Z  INFO herdr::logging: pane child exited event="pane.exit" subsystem="pane" outcome="completed" pane_id=3 status="ExitStatus { code: 0, signal: None }"
2026-07-28T15:00:18.216299Z  INFO herdr::pane: pane session terminated pane=3 pid=4178809 signal=Hangup
2026-07-28T15:00:18.216692Z  INFO herdr::logging: spawning pane terminal event="pane.spawn.start" subsystem="pane" outcome="started" pane_id=4 rows=64 cols=128 scrollback_limit_bytes=10000000
2026-07-28T15:00:18.218433Z  INFO herdr::logging: pane child spawned event="pane.spawned" subsystem="pane" outcome="ok" pane_id=4 pid=4178952
2026-07-28T15:00:18.218597Z  INFO herdr::logging: workspace created event="workspace.create" subsystem="workspace" outcome="ok" workspace_id="w4" pane_id=4
2026-07-28T15:00:18.218608Z  INFO herdr::logging: workspace focused event="workspace.focus" subsystem="workspace" outcome="ok" workspace_id="w4"
2026-07-28T15:00:18.218687Z  INFO herdr::logging: tab focused event="tab.focus" subsystem="tab" outcome="ok" workspace_id="w4" tab_id="w4:t1"
2026-07-28T15:00:18.955603Z  INFO herdr::logging: pane child exited event="pane.exit" subsystem="pane" outcome="completed" pane_id=4 status="ExitStatus { code: 0, signal: None }"
2026-07-28T15:00:18.955708Z  INFO herdr::pane: pane session terminated pane=4 pid=4178952 signal=Hangup
2026-07-28T15:00:18.956002Z  INFO herdr::logging: spawning pane terminal event="pane.spawn.start" subsystem="pane" outcome="started" pane_id=5 rows=64 cols=128 scrollback_limit_bytes=10000000
2026-07-28T15:00:18.957280Z  INFO herdr::logging: pane child spawned event="pane.spawned" subsystem="pane" outcome="ok" pane_id=5 pid=4179150
2026-07-28T15:00:18.957387Z  INFO herdr::logging: workspace created event="workspace.create" subsystem="workspace" outcome="ok" workspace_id="w5" pane_id=5
2026-07-28T15:00:18.957400Z  INFO herdr::logging: workspace focused event="workspace.focus" subsystem="workspace" outcome="ok" workspace_id="w5"
2026-07-28T15:00:18.957454Z  INFO herdr::logging: tab focused event="tab.focus" subsystem="tab" outcome="ok" workspace_id="w5" tab_id="w5:t1"
2026-07-28T15:00:19.560911Z  INFO herdr::logging: pane child exited event="pane.exit" subsystem="pane" outcome="completed" pane_id=5 status="ExitStatus { code: 0, signal: None }"
2026-07-28T15:00:19.561073Z  INFO herdr::pane: pane session terminated pane=5 pid=4179150 signal=Hangup
2026-07-28T15:00:19.561353Z  INFO herdr::logging: spawning pane terminal event="pane.spawn.start" subsystem="pane" outcome="started" pane_id=6 rows=64 cols=128 scrollback_limit_bytes=10000000
2026-07-28T15:00:19.562871Z  INFO herdr::logging: pane child spawned event="pane.spawned" subsystem="pane" outcome="ok" pane_id=6 pid=4179367
2026-07-28T15:00:19.563121Z  INFO herdr::logging: workspace created event="workspace.create" subsystem="workspace" outcome="ok" workspace_id="w6" pane_id=6
2026-07-28T15:00:19.563135Z  INFO herdr::logging: workspace focused event="workspace.focus" subsystem="workspace" outcome="ok" workspace_id="w6"
2026-07-28T15:00:19.563218Z  INFO herdr::logging: tab focused event="tab.focus" subsystem="tab" outcome="ok" workspace_id="w6" tab_id="w6:t1"
2026-07-28T15:00:20.156808Z  INFO herdr::logging: pane child exited event="pane.exit" subsystem="pane" outcome="completed" pane_id=6 status="ExitStatus { code: 0, signal: None }"
2026-07-28T15:00:20.156899Z  INFO herdr::pane: pane session terminated pane=6 pid=4179367 signal=Hangup
2026-07-28T15:00:20.157147Z  INFO herdr::logging: spawning pane terminal event="pane.spawn.start" subsystem="pane" outcome="started" pane_id=7 rows=64 cols=128 scrollback_limit_bytes=10000000
2026-07-28T15:00:20.158370Z  INFO herdr::logging: pane child spawned event="pane.spawned" subsystem="pane" outcome="ok" pane_id=7 pid=4179459
2026-07-28T15:00:20.158518Z  INFO herdr::logging: workspace created event="workspace.create" subsystem="workspace" outcome="ok" workspace_id="w7" pane_id=7
2026-07-28T15:00:20.158527Z  INFO herdr::logging: workspace focused event="workspace.focus" subsystem="workspace" outcome="ok" workspace_id="w7"
2026-07-28T15:00:20.158582Z  INFO herdr::logging: tab focused event="tab.focus" subsystem="tab" outcome="ok" workspace_id="w7" tab_id="w7:t1"
2026-07-28T15:00:20.739555Z  INFO herdr::logging: pane child exited event="pane.exit" subsystem="pane" outcome="completed" pane_id=7 status="ExitStatus { code: 0, signal: None }"
2026-07-28T15:00:20.739654Z  INFO herdr::pane: pane session terminated pane=7 pid=4179459 signal=Hangup
2026-07-28T15:00:20.739959Z  INFO herdr::logging: spawning pane terminal event="pane.spawn.start" subsystem="pane" outcome="started" pane_id=8 rows=64 cols=128 scrollback_limit_bytes=10000000
2026-07-28T15:00:20.741194Z  INFO herdr::logging: pane child spawned event="pane.spawned" subsystem="pane" outcome="ok" pane_id=8 pid=4179702
2026-07-28T15:00:20.741325Z  INFO herdr::logging: workspace created event="workspace.create" subsystem="workspace" outcome="ok" workspace_id="w8" pane_id=8
2026-07-28T15:00:20.741334Z  INFO herdr::logging: workspace focused event="workspace.focus" subsystem="workspace" outcome="ok" workspace_id="w8"
2026-07-28T15:00:20.741390Z  INFO herdr::logging: tab focused event="tab.focus" subsystem="tab" outcome="ok" workspace_id="w8" tab_id="w8:t1"
2026-07-28T15:00:21.328039Z  INFO herdr::logging: pane child exited event="pane.exit" subsystem="pane" outcome="completed" pane_id=8 status="ExitStatus { code: 0, signal: None }"
2026-07-28T15:00:21.328172Z  INFO herdr::pane: pane session terminated pane=8 pid=4179702 signal=Hangup
2026-07-28T15:00:21.328548Z  INFO herdr::logging: spawning pane terminal event="pane.spawn.start" subsystem="pane" outcome="started" pane_id=9 rows=64 cols=128 scrollback_limit_bytes=10000000
2026-07-28T15:00:21.330066Z  INFO herdr::logging: pane child spawned event="pane.spawned" subsystem="pane" outcome="ok" pane_id=9 pid=4179791
2026-07-28T15:00:21.330222Z  INFO herdr::logging: workspace created event="workspace.create" subsystem="workspace" outcome="ok" workspace_id="w9" pane_id=9
2026-07-28T15:00:21.330234Z  INFO herdr::logging: workspace focused event="workspace.focus" subsystem="workspace" outcome="ok" workspace_id="w9"
2026-07-28T15:00:21.330314Z  INFO herdr::logging: tab focused event="tab.focus" subsystem="tab" outcome="ok" workspace_id="w9" tab_id="w9:t1"
2026-07-28T15:00:21.980031Z  INFO herdr::logging: pane child exited event="pane.exit" subsystem="pane" outcome="completed" pane_id=9 status="ExitStatus { code: 0, signal: None }"
2026-07-28T15:00:21.980148Z  INFO herdr::pane: pane session terminated pane=9 pid=4179791 signal=Hangup
2026-07-28T15:00:21.980455Z  INFO herdr::logging: spawning pane terminal event="pane.spawn.start" subsystem="pane" outcome="started" pane_id=10 rows=64 cols=128 scrollback_limit_bytes=10000000
2026-07-28T15:00:21.982016Z  INFO herdr::logging: pane child spawned event="pane.spawned" subsystem="pane" outcome="ok" pane_id=10 pid=4179920
2026-07-28T15:00:21.982187Z  INFO herdr::logging: workspace created event="workspace.create" subsystem="workspace" outcome="ok" workspace_id="wA" pane_id=10
2026-07-28T15:00:21.982200Z  INFO herdr::logging: workspace focused event="workspace.focus" subsystem="workspace" outcome="ok" workspace_id="wA"
2026-07-28T15:00:21.982277Z  INFO herdr::logging: tab focused event="tab.focus" subsystem="tab" outcome="ok" workspace_id="wA" tab_id="wA:t1"
2026-07-28T15:00:23.631779Z  INFO herdr::server::headless: client disconnected client_id=2
2026-07-28T15:00:26.986704Z  INFO herdr::logging: session saved event="persist.save" subsystem="persist" outcome="ok" path=/home/jacky/.config/herdr/session.json workspaces=1
2026-07-28T15:05:34.142973Z  INFO herdr::server::headless: client connected client_id=4 cols=154 rows=65 cell_width_px=0 cell_height_px=0 render_encoding=SemanticFrame
2026-07-28T15:05:43.149515Z  INFO herdr::pane: agent changed pane=10 previous_agent=None agent=Some(OpenCode) process=opencode pgid=Some(60935)
2026-07-28T15:06:16.890299Z  INFO herdr::pane: agent changed pane=10 previous_agent=Some(OpenCode) agent=None pgid=Some(4179920)
2026-07-28T15:07:51.116038Z  INFO herdr::app::actions: copied selection to clipboard
2026-07-28T15:11:47.971620Z  INFO herdr::logging: pane child exited event="pane.exit" subsystem="pane" outcome="completed" pane_id=10 status="ExitStatus { code: 0, signal: None }"
2026-07-28T15:11:47.972135Z  INFO herdr::pane: pane session terminated pane=10 pid=4179920 signal=Hangup
2026-07-28T15:11:47.972501Z  INFO herdr::logging: spawning pane terminal event="pane.spawn.start" subsystem="pane" outcome="started" pane_id=11 rows=64 cols=128 scrollback_limit_bytes=10000000
2026-07-28T15:11:47.974150Z  INFO herdr::logging: pane child spawned event="pane.spawned" subsystem="pane" outcome="ok" pane_id=11 pid=132218
2026-07-28T15:11:47.974338Z  INFO herdr::logging: workspace created event="workspace.create" subsystem="workspace" outcome="ok" workspace_id="wB" pane_id=11
2026-07-28T15:11:47.974350Z  INFO herdr::logging: workspace focused event="workspace.focus" subsystem="workspace" outcome="ok" workspace_id="wB"
2026-07-28T15:11:47.974436Z  INFO herdr::logging: tab focused event="tab.focus" subsystem="tab" outcome="ok" workspace_id="wB" tab_id="wB:t1"
2026-07-28T15:11:49.085232Z  INFO herdr::logging: pane child exited event="pane.exit" subsystem="pane" outcome="completed" pane_id=11 status="ExitStatus { code: 0, signal: None }"
2026-07-28T15:11:49.085345Z  INFO herdr::pane: pane session terminated pane=11 pid=132218 signal=Hangup
2026-07-28T15:11:49.085614Z  INFO herdr::logging: spawning pane terminal event="pane.spawn.start" subsystem="pane" outcome="started" pane_id=12 rows=64 cols=128 scrollback_limit_bytes=10000000
2026-07-28T15:11:49.086935Z  INFO herdr::logging: pane child spawned event="pane.spawned" subsystem="pane" outcome="ok" pane_id=12 pid=132418
2026-07-28T15:11:49.087093Z  INFO herdr::logging: workspace created event="workspace.create" subsystem="workspace" outcome="ok" workspace_id="wC" pane_id=12
2026-07-28T15:11:49.087104Z  INFO herdr::logging: workspace focused event="workspace.focus" subsystem="workspace" outcome="ok" workspace_id="wC"
2026-07-28T15:11:49.087171Z  INFO herdr::logging: tab focused event="tab.focus" subsystem="tab" outcome="ok" workspace_id="wC" tab_id="wC:t1"
2026-07-28T15:11:49.593179Z  INFO herdr::logging: pane child exited event="pane.exit" subsystem="pane" outcome="completed" pane_id=12 status="ExitStatus { code: 0, signal: None }"
2026-07-28T15:11:49.593328Z  INFO herdr::pane: pane session terminated pane=12 pid=132418 signal=Hangup
2026-07-28T15:11:49.593665Z  INFO herdr::logging: spawning pane terminal event="pane.spawn.start" subsystem="pane" outcome="started" pane_id=13 rows=64 cols=128 scrollback_limit_bytes=10000000
2026-07-28T15:11:49.595715Z  INFO herdr::logging: pane child spawned event="pane.spawned" subsystem="pane" outcome="ok" pane_id=13 pid=132675
2026-07-28T15:11:49.596276Z  INFO herdr::logging: workspace created event="workspace.create" subsystem="workspace" outcome="ok" workspace_id="wD" pane_id=13
2026-07-28T15:11:49.596297Z  INFO herdr::logging: workspace focused event="workspace.focus" subsystem="workspace" outcome="ok" workspace_id="wD"
2026-07-28T15:11:49.596400Z  INFO herdr::logging: tab focused event="tab.focus" subsystem="tab" outcome="ok" workspace_id="wD" tab_id="wD:t1"
2026-07-28T15:11:49.998967Z  INFO herdr::logging: pane child exited event="pane.exit" subsystem="pane" outcome="completed" pane_id=13 status="ExitStatus { code: 0, signal: None }"
2026-07-28T15:11:49.999076Z  INFO herdr::pane: pane session terminated pane=13 pid=132675 signal=Hangup
2026-07-28T15:11:49.999327Z  INFO herdr::logging: spawning pane terminal event="pane.spawn.start" subsystem="pane" outcome="started" pane_id=14 rows=64 cols=128 scrollback_limit_bytes=10000000
2026-07-28T15:11:50.000586Z  INFO herdr::logging: pane child spawned event="pane.spawned" subsystem="pane" outcome="ok" pane_id=14 pid=132757
2026-07-28T15:11:50.000714Z  INFO herdr::logging: workspace created event="workspace.create" subsystem="workspace" outcome="ok" workspace_id="wE" pane_id=14
2026-07-28T15:11:50.000721Z  INFO herdr::logging: workspace focused event="workspace.focus" subsystem="workspace" outcome="ok" workspace_id="wE"
2026-07-28T15:11:50.000777Z  INFO herdr::logging: tab focused event="tab.focus" subsystem="tab" outcome="ok" workspace_id="wE" tab_id="wE:t1"
2026-07-28T15:11:50.711422Z  INFO herdr::logging: pane child exited event="pane.exit" subsystem="pane" outcome="completed" pane_id=14 status="ExitStatus { code: 0, signal: None }"
2026-07-28T15:11:50.711530Z  INFO herdr::pane: pane session terminated pane=14 pid=132757 signal=Hangup
2026-07-28T15:11:50.711797Z  INFO herdr::logging: spawning pane terminal event="pane.spawn.start" subsystem="pane" outcome="started" pane_id=15 rows=64 cols=128 scrollback_limit_bytes=10000000
2026-07-28T15:11:50.713175Z  INFO herdr::logging: pane child spawned event="pane.spawned" subsystem="pane" outcome="ok" pane_id=15 pid=132994
2026-07-28T15:11:50.713289Z  INFO herdr::logging: workspace created event="workspace.create" subsystem="workspace" outcome="ok" workspace_id="wF" pane_id=15
2026-07-28T15:11:50.713298Z  INFO herdr::logging: workspace focused event="workspace.focus" subsystem="workspace" outcome="ok" workspace_id="wF"
2026-07-28T15:11:50.713356Z  INFO herdr::logging: tab focused event="tab.focus" subsystem="tab" outcome="ok" workspace_id="wF" tab_id="wF:t1"
2026-07-28T15:11:52.286779Z  INFO herdr::server::headless: client disconnected client_id=4
2026-07-28T15:11:55.716983Z  INFO herdr::logging: session saved event="persist.save" subsystem="persist" outcome="ok" path=/home/jacky/.config/herdr/session.json workspaces=1
2026-07-28T15:13:47.957993Z  INFO herdr::server::headless: client connected client_id=6 cols=120 rows=39 cell_width_px=0 cell_height_px=0 render_encoding=SemanticFrame
2026-07-28T15:14:11.709722Z  INFO herdr::pane: agent changed pane=15 previous_agent=None agent=Some(OpenCode) process=opencode pgid=Some(163342)
2026-07-28T15:17:36.283846Z  WARN herdr::raw_input: flushing lone escape after input timeout; if this follows an alt chord or focus switch it may reach the pane as plain esc bytes=[27]
2026-07-28T15:17:36.799467Z  WARN herdr::raw_input: flushing lone escape after input timeout; if this follows an alt chord or focus switch it may reach the pane as plain esc bytes=[27]
2026-07-28T15:19:15.306111Z  INFO herdr::logging: checking for updates event="update.check.start" subsystem="update" outcome="started"
2026-07-28T15:21:52.026455Z  INFO herdr::server::headless: client connected client_id=8 cols=72 rows=27 cell_width_px=0 cell_height_px=0 render_encoding=SemanticFrame
2026-07-28T15:21:54.428559Z  INFO herdr::server::headless: client resize client_id=8 cols=74 rows=27 cell_width_px=0 cell_height_px=0
2026-07-28T15:21:54.528582Z  INFO herdr::server::headless: client resize client_id=8 cols=74 rows=28 cell_width_px=0 cell_height_px=0
2026-07-28T15:21:54.628768Z  INFO herdr::server::headless: client resize client_id=8 cols=102 rows=36 cell_width_px=0 cell_height_px=0
2026-07-28T15:21:54.728724Z  INFO herdr::server::headless: client resize client_id=8 cols=125 rows=43 cell_width_px=0 cell_height_px=0
2026-07-28T15:21:54.928790Z  INFO herdr::server::headless: client resize client_id=8 cols=126 rows=43 cell_width_px=0 cell_height_px=0
2026-07-28T15:21:56.829673Z  INFO herdr::server::headless: client resize client_id=8 cols=128 rows=45 cell_width_px=0 cell_height_px=0
2026-07-28T15:21:56.929736Z  INFO herdr::server::headless: client resize client_id=8 cols=129 rows=45 cell_width_px=0 cell_height_px=0
2026-07-28T15:22:01.508014Z  INFO herdr::logging: spawning pane terminal event="pane.spawn.start" subsystem="pane" outcome="started" pane_id=16 rows=44 cols=103 scrollback_limit_bytes=10000000
2026-07-28T15:22:01.509482Z  INFO herdr::logging: pane child spawned event="pane.spawned" subsystem="pane" outcome="ok" pane_id=16 pid=260619
2026-07-28T15:22:01.509743Z  INFO herdr::logging: tab focused event="tab.focus" subsystem="tab" outcome="ok" workspace_id="wF" tab_id="wF:t2"
2026-07-28T15:22:06.511882Z  INFO herdr::logging: session saved event="persist.save" subsystem="persist" outcome="ok" path=/home/jacky/.config/herdr/session.json workspaces=1
2026-07-28T15:22:07.299950Z  INFO herdr::logging: tab focused event="tab.focus" subsystem="tab" outcome="ok" workspace_id="wF" tab_id="wF:t1"
2026-07-28T15:22:08.224191Z  INFO herdr::logging: tab focused event="tab.focus" subsystem="tab" outcome="ok" workspace_id="wF" tab_id="wF:t2"
2026-07-28T15:22:09.152401Z  INFO herdr::logging: tab focused event="tab.focus" subsystem="tab" outcome="ok" workspace_id="wF" tab_id="wF:t1"
2026-07-28T15:22:11.108222Z  INFO herdr::logging: tab focused event="tab.focus" subsystem="tab" outcome="ok" workspace_id="wF" tab_id="wF:t2"
2026-07-28T15:22:12.965851Z  INFO herdr::logging: tab focused event="tab.focus" subsystem="tab" outcome="ok" workspace_id="wF" tab_id="wF:t1"
2026-07-28T15:22:14.716966Z  INFO herdr::logging: tab focused event="tab.focus" subsystem="tab" outcome="ok" workspace_id="wF" tab_id="wF:t2"
2026-07-28T15:22:15.781506Z  INFO herdr::logging: tab focused event="tab.focus" subsystem="tab" outcome="ok" workspace_id="wF" tab_id="wF:t1"
2026-07-28T15:22:17.483134Z  INFO herdr::logging: tab focused event="tab.focus" subsystem="tab" outcome="ok" workspace_id="wF" tab_id="wF:t2"
2026-07-28T15:22:22.484520Z  INFO herdr::logging: session saved event="persist.save" subsystem="persist" outcome="ok" path=/home/jacky/.config/herdr/session.json workspaces=1
2026-07-28T15:22:22.532591Z  INFO herdr::logging: pane child exited event="pane.exit" subsystem="pane" outcome="completed" pane_id=16 status="ExitStatus { code: 0, signal: None }"
2026-07-28T15:22:22.532772Z  INFO herdr::pane: pane session terminated pane=16 pid=260619 signal=Hangup
2026-07-28T15:22:24.339818Z  INFO herdr::pane: agent changed pane=15 previous_agent=Some(OpenCode) agent=None pgid=Some(132994)
2026-07-28T15:22:24.661218Z  INFO herdr::logging: pane child exited event="pane.exit" subsystem="pane" outcome="completed" pane_id=15 status="ExitStatus { code: 0, signal: None }"
2026-07-28T15:22:24.667849Z  INFO herdr::pane: pane session terminated pane=15 pid=132994 signal=Hangup
2026-07-28T15:22:24.668300Z  INFO herdr::logging: spawning pane terminal event="pane.spawn.start" subsystem="pane" outcome="started" pane_id=17 rows=44 cols=103 scrollback_limit_bytes=10000000
2026-07-28T15:22:24.670881Z  INFO herdr::logging: pane child spawned event="pane.spawned" subsystem="pane" outcome="ok" pane_id=17 pid=265326
2026-07-28T15:22:24.671202Z  INFO herdr::logging: workspace created event="workspace.create" subsystem="workspace" outcome="ok" workspace_id="wG" pane_id=17
2026-07-28T15:22:24.671215Z  INFO herdr::logging: workspace focused event="workspace.focus" subsystem="workspace" outcome="ok" workspace_id="wG"
2026-07-28T15:22:24.671300Z  INFO herdr::logging: tab focused event="tab.focus" subsystem="tab" outcome="ok" workspace_id="wG" tab_id="wG:t1"
2026-07-28T15:22:25.553315Z  INFO herdr::logging: pane child exited event="pane.exit" subsystem="pane" outcome="completed" pane_id=17 status="ExitStatus { code: 0, signal: None }"
2026-07-28T15:22:25.553461Z  INFO herdr::pane: pane session terminated pane=17 pid=265326 signal=Hangup
2026-07-28T15:22:25.553720Z  INFO herdr::logging: spawning pane terminal event="pane.spawn.start" subsystem="pane" outcome="started" pane_id=18 rows=44 cols=103 scrollback_limit_bytes=10000000
2026-07-28T15:22:25.555379Z  INFO herdr::logging: pane child spawned event="pane.spawned" subsystem="pane" outcome="ok" pane_id=18 pid=265651
2026-07-28T15:22:25.555572Z  INFO herdr::logging: workspace created event="workspace.create" subsystem="workspace" outcome="ok" workspace_id="wH" pane_id=18
2026-07-28T15:22:25.555585Z  INFO herdr::logging: workspace focused event="workspace.focus" subsystem="workspace" outcome="ok" workspace_id="wH"
2026-07-28T15:22:25.555683Z  INFO herdr::logging: tab focused event="tab.focus" subsystem="tab" outcome="ok" workspace_id="wH" tab_id="wH:t1"
2026-07-28T15:22:26.579972Z  INFO herdr::server::headless: client disconnected client_id=8
2026-07-28T15:22:30.559453Z  INFO herdr::logging: session saved event="persist.save" subsystem="persist" outcome="ok" path=/home/jacky/.config/herdr/session.json workspaces=1
2026-07-28T15:22:41.153911Z  INFO herdr::pane: agent changed pane=18 previous_agent=None agent=Some(OpenCode) process=opencode pgid=Some(268879)
2026-07-28T15:25:20.072670Z  INFO herdr::pane: agent changed pane=18 previous_agent=Some(OpenCode) agent=None pgid=Some(265651)
2026-07-28T15:25:20.971207Z  INFO herdr::logging: pane child exited event="pane.exit" subsystem="pane" outcome="completed" pane_id=18 status="ExitStatus { code: 0, signal: None }"
2026-07-28T15:25:20.971336Z  INFO herdr::pane: pane session terminated pane=18 pid=265651 signal=Hangup
2026-07-28T15:25:20.971553Z  INFO herdr::logging: spawning pane terminal event="pane.spawn.start" subsystem="pane" outcome="started" pane_id=19 rows=38 cols=94 scrollback_limit_bytes=10000000
2026-07-28T15:25:20.972929Z  INFO herdr::logging: pane child spawned event="pane.spawned" subsystem="pane" outcome="ok" pane_id=19 pid=301162
2026-07-28T15:25:20.973066Z  INFO herdr::logging: workspace created event="workspace.create" subsystem="workspace" outcome="ok" workspace_id="wJ" pane_id=19
2026-07-28T15:25:20.973076Z  INFO herdr::logging: workspace focused event="workspace.focus" subsystem="workspace" outcome="ok" workspace_id="wJ"
2026-07-28T15:25:20.973146Z  INFO herdr::logging: tab focused event="tab.focus" subsystem="tab" outcome="ok" workspace_id="wJ" tab_id="wJ:t1"
2026-07-28T15:25:22.203162Z  INFO herdr::logging: pane child exited event="pane.exit" subsystem="pane" outcome="completed" pane_id=19 status="ExitStatus { code: 0, signal: None }"
2026-07-28T15:25:22.203262Z  INFO herdr::pane: pane session terminated pane=19 pid=301162 signal=Hangup
2026-07-28T15:25:22.203469Z  INFO herdr::logging: spawning pane terminal event="pane.spawn.start" subsystem="pane" outcome="started" pane_id=20 rows=38 cols=94 scrollback_limit_bytes=10000000
2026-07-28T15:25:22.204725Z  INFO herdr::logging: pane child spawned event="pane.spawned" subsystem="pane" outcome="ok" pane_id=20 pid=301305
2026-07-28T15:25:22.204847Z  INFO herdr::logging: workspace created event="workspace.create" subsystem="workspace" outcome="ok" workspace_id="wK" pane_id=20
2026-07-28T15:25:22.204855Z  INFO herdr::logging: workspace focused event="workspace.focus" subsystem="workspace" outcome="ok" workspace_id="wK"
2026-07-28T15:25:22.204916Z  INFO herdr::logging: tab focused event="tab.focus" subsystem="tab" outcome="ok" workspace_id="wK" tab_id="wK:t1"
2026-07-28T15:25:25.078767Z  INFO herdr::server::headless: client disconnected client_id=6
2026-07-28T15:25:27.210794Z  INFO herdr::logging: session saved event="persist.save" subsystem="persist" outcome="ok" path=/home/jacky/.config/herdr/session.json workspaces=1
2026-07-28T15:25:31.983215Z  INFO herdr::server::headless: client connected client_id=10 cols=72 rows=27 cell_width_px=0 cell_height_px=0 render_encoding=SemanticFrame
2026-07-28T15:25:46.491170Z  INFO herdr::server::headless: client resize client_id=10 cols=75 rows=27 cell_width_px=0 cell_height_px=0
2026-07-28T15:25:46.591298Z  INFO herdr::server::headless: client resize client_id=10 cols=116 rows=32 cell_width_px=0 cell_height_px=0
2026-07-28T15:25:46.691265Z  INFO herdr::server::headless: client resize client_id=10 cols=127 rows=33 cell_width_px=0 cell_height_px=0
2026-07-28T15:25:46.791337Z  INFO herdr::server::headless: client resize client_id=10 cols=127 rows=34 cell_width_px=0 cell_height_px=0
2026-07-28T15:25:46.891367Z  INFO herdr::server::headless: client resize client_id=10 cols=130 rows=36 cell_width_px=0 cell_height_px=0
2026-07-28T15:25:46.991521Z  INFO herdr::server::headless: client resize client_id=10 cols=138 rows=37 cell_width_px=0 cell_height_px=0
2026-07-28T15:26:20.506045Z  INFO herdr::server::headless: client disconnected client_id=10
2026-07-28T15:26:25.278322Z  INFO herdr::server::headless: client connected client_id=12 cols=72 rows=27 cell_width_px=0 cell_height_px=0 render_encoding=SemanticFrame
2026-07-28T15:26:28.380842Z  INFO herdr::server::headless: client resize client_id=12 cols=88 rows=29 cell_width_px=0 cell_height_px=0
2026-07-28T15:26:28.480978Z  INFO herdr::server::headless: client resize client_id=12 cols=125 rows=35 cell_width_px=0 cell_height_px=0
2026-07-28T15:26:28.581067Z  INFO herdr::server::headless: client resize client_id=12 cols=134 rows=36 cell_width_px=0 cell_height_px=0
2026-07-28T15:26:29.081231Z  INFO herdr::server::headless: client resize client_id=12 cols=132 rows=37 cell_width_px=0 cell_height_px=0
2026-07-28T15:26:52.021380Z  INFO herdr::pane: agent changed pane=20 previous_agent=None agent=Some(OpenCode) process=opencode pgid=Some(319940)
2026-07-28T15:33:18.393681Z  INFO herdr::logging: spawning pane terminal event="pane.spawn.start" subsystem="pane" outcome="started" pane_id=21 rows=36 cols=106 scrollback_limit_bytes=10000000
2026-07-28T15:33:18.394997Z  INFO herdr::logging: pane child spawned event="pane.spawned" subsystem="pane" outcome="ok" pane_id=21 pid=394021
2026-07-28T15:33:18.395233Z  INFO herdr::logging: tab focused event="tab.focus" subsystem="tab" outcome="ok" workspace_id="wK" tab_id="wK:t2"
2026-07-28T15:33:23.397927Z  INFO herdr::logging: session saved event="persist.save" subsystem="persist" outcome="ok" path=/home/jacky/.config/herdr/session.json workspaces=1
2026-07-28T15:35:51.931732Z  INFO herdr::logging: tab focused event="tab.focus" subsystem="tab" outcome="ok" workspace_id="wK" tab_id="wK:t1"
2026-07-28T15:35:53.483529Z  INFO herdr::logging: tab focused event="tab.focus" subsystem="tab" outcome="ok" workspace_id="wK" tab_id="wK:t2"
2026-07-28T15:35:54.650530Z  INFO herdr::logging: tab focused event="tab.focus" subsystem="tab" outcome="ok" workspace_id="wK" tab_id="wK:t1"
2026-07-28T15:35:59.652432Z  INFO herdr::logging: session saved event="persist.save" subsystem="persist" outcome="ok" path=/home/jacky/.config/herdr/session.json workspaces=1
2026-07-28T15:36:00.264118Z  INFO herdr::logging: tab focused event="tab.focus" subsystem="tab" outcome="ok" workspace_id="wK" tab_id="wK:t2"
2026-07-28T15:36:05.265431Z  INFO herdr::logging: session saved event="persist.save" subsystem="persist" outcome="ok" path=/home/jacky/.config/herdr/session.json workspaces=1
2026-07-28T15:36:12.427931Z  INFO herdr::logging: spawning pane terminal event="pane.spawn.start" subsystem="pane" outcome="started" pane_id=22 rows=36 cols=106 scrollback_limit_bytes=10000000
2026-07-28T15:36:12.429773Z  INFO herdr::logging: pane child spawned event="pane.spawned" subsystem="pane" outcome="ok" pane_id=22 pid=428872
2026-07-28T15:36:12.429996Z  INFO herdr::logging: tab renamed event="tab.rename" subsystem="tab" outcome="ok" workspace_id="wK" tab_id="wK:t3"
2026-07-28T15:36:12.430097Z  INFO herdr::logging: tab focused event="tab.focus" subsystem="tab" outcome="ok" workspace_id="wK" tab_id="wK:t3"
2026-07-28T15:36:17.432870Z  INFO herdr::logging: session saved event="persist.save" subsystem="persist" outcome="ok" path=/home/jacky/.config/herdr/session.json workspaces=1
2026-07-28T15:36:55.003478Z  INFO herdr::server::headless: client resize client_id=12 cols=150 rows=45 cell_width_px=0 cell_height_px=0
2026-07-28T15:36:55.103534Z  INFO herdr::server::headless: client resize client_id=12 cols=182 rows=60 cell_width_px=0 cell_height_px=0
2026-07-28T15:36:55.203591Z  INFO herdr::server::headless: client resize client_id=12 cols=192 rows=63 cell_width_px=0 cell_height_px=0
2026-07-28T15:36:55.303637Z  INFO herdr::server::headless: client resize client_id=12 cols=192 rows=64 cell_width_px=0 cell_height_px=0
2026-07-28T15:36:55.403691Z  INFO herdr::server::headless: client resize client_id=12 cols=191 rows=64 cell_width_px=0 cell_height_px=0
2026-07-28T15:36:55.603857Z  INFO herdr::server::headless: client resize client_id=12 cols=192 rows=66 cell_width_px=0 cell_height_px=0
2026-07-28T15:36:55.903961Z  INFO herdr::server::headless: client resize client_id=12 cols=193 rows=66 cell_width_px=0 cell_height_px=0
2026-07-28T15:36:56.003992Z  INFO herdr::server::headless: client resize client_id=12 cols=196 rows=67 cell_width_px=0 cell_height_px=0
2026-07-28T15:36:56.104061Z  INFO herdr::server::headless: client resize client_id=12 cols=197 rows=67 cell_width_px=0 cell_height_px=0
2026-07-28T15:36:56.304176Z  INFO herdr::server::headless: client resize client_id=12 cols=196 rows=67 cell_width_px=0 cell_height_px=0
2026-07-28T15:36:58.309060Z  INFO herdr::logging: tab focused event="tab.focus" subsystem="tab" outcome="ok" workspace_id="wK" tab_id="wK:t2"
2026-07-28T15:37:01.886918Z  INFO herdr::logging: tab focused event="tab.focus" subsystem="tab" outcome="ok" workspace_id="wK" tab_id="wK:t1"
2026-07-28T15:37:04.388857Z  INFO herdr::logging: tab focused event="tab.focus" subsystem="tab" outcome="ok" workspace_id="wK" tab_id="wK:t2"
2026-07-28T15:37:09.391363Z  INFO herdr::logging: session saved event="persist.save" subsystem="persist" outcome="ok" path=/home/jacky/.config/herdr/session.json workspaces=1
2026-07-28T15:37:12.354885Z  INFO herdr::logging: tab focused event="tab.focus" subsystem="tab" outcome="ok" workspace_id="wK" tab_id="wK:t3"
2026-07-28T15:37:13.080969Z  INFO herdr::logging: tab focused event="tab.focus" subsystem="tab" outcome="ok" workspace_id="wK" tab_id="wK:t2"
2026-07-28T15:37:18.082484Z  INFO herdr::logging: session saved event="persist.save" subsystem="persist" outcome="ok" path=/home/jacky/.config/herdr/session.json workspaces=1
2026-07-28T15:37:21.151524Z  INFO herdr::logging: tab focused event="tab.focus" subsystem="tab" outcome="ok" workspace_id="wK" tab_id="wK:t3"
2026-07-28T15:37:23.437170Z  INFO herdr::logging: tab focused event="tab.focus" subsystem="tab" outcome="ok" workspace_id="wK" tab_id="wK:t2"
2026-07-28T15:37:28.439408Z  INFO herdr::logging: session saved event="persist.save" subsystem="persist" outcome="ok" path=/home/jacky/.config/herdr/session.json workspaces=1
2026-07-28T15:37:29.461748Z  INFO herdr::logging: pane child exited event="pane.exit" subsystem="pane" outcome="completed" pane_id=21 status="ExitStatus { code: 0, signal: None }"
2026-07-28T15:37:29.461901Z  INFO herdr::pane: pane session terminated pane=21 pid=394021 signal=Hangup
2026-07-28T15:37:34.464317Z  INFO herdr::logging: session saved event="persist.save" subsystem="persist" outcome="ok" path=/home/jacky/.config/herdr/session.json workspaces=1
2026-07-28T15:37:39.825348Z  INFO herdr::logging: spawning pane terminal event="pane.spawn.start" subsystem="pane" outcome="started" pane_id=23 rows=66 cols=170 scrollback_limit_bytes=10000000
2026-07-28T15:37:39.826826Z  INFO herdr::logging: pane child spawned event="pane.spawned" subsystem="pane" outcome="ok" pane_id=23 pid=445793
2026-07-28T15:37:39.826996Z  INFO herdr::logging: tab renamed event="tab.rename" subsystem="tab" outcome="ok" workspace_id="wK" tab_id="wK:t4"
2026-07-28T15:37:39.827114Z  INFO herdr::logging: tab focused event="tab.focus" subsystem="tab" outcome="ok" workspace_id="wK" tab_id="wK:t4"
2026-07-28T15:37:44.829703Z  INFO herdr::logging: session saved event="persist.save" subsystem="persist" outcome="ok" path=/home/jacky/.config/herdr/session.json workspaces=1
2026-07-28T15:37:53.873663Z  INFO herdr::logging: spawning pane terminal event="pane.spawn.start" subsystem="pane" outcome="started" pane_id=24 rows=66 cols=170 scrollback_limit_bytes=10000000
2026-07-28T15:37:53.875099Z  INFO herdr::logging: pane child spawned event="pane.spawned" subsystem="pane" outcome="ok" pane_id=24 pid=448357
2026-07-28T15:37:53.875254Z  INFO herdr::logging: tab renamed event="tab.rename" subsystem="tab" outcome="ok" workspace_id="wK" tab_id="wK:t5"
2026-07-28T15:37:53.875331Z  INFO herdr::logging: tab focused event="tab.focus" subsystem="tab" outcome="ok" workspace_id="wK" tab_id="wK:t5"
2026-07-28T15:37:56.521900Z  INFO herdr::logging: tab focused event="tab.focus" subsystem="tab" outcome="ok" workspace_id="wK" tab_id="wK:t4"
2026-07-28T15:37:58.073680Z  INFO herdr::logging: tab focused event="tab.focus" subsystem="tab" outcome="ok" workspace_id="wK" tab_id="wK:t3"
2026-07-28T15:37:59.017422Z  INFO herdr::logging: tab focused event="tab.focus" subsystem="tab" outcome="ok" workspace_id="wK" tab_id="wK:t1"
2026-07-28T15:38:00.804475Z  INFO herdr::server::headless: client disconnected client_id=12
2026-07-28T15:38:04.019967Z  INFO herdr::logging: session saved event="persist.save" subsystem="persist" outcome="ok" path=/home/jacky/.config/herdr/session.json workspaces=1
2026-07-28T15:38:12.560058Z  INFO herdr::server::headless: client connected client_id=14 cols=72 rows=27 cell_width_px=0 cell_height_px=0 render_encoding=SemanticFrame
2026-07-28T15:38:14.762155Z  INFO herdr::server::headless: client resize client_id=14 cols=74 rows=27 cell_width_px=0 cell_height_px=0
2026-07-28T15:38:14.862194Z  INFO herdr::server::headless: client resize client_id=14 cols=125 rows=41 cell_width_px=0 cell_height_px=0
2026-07-28T15:38:14.962245Z  INFO herdr::server::headless: client resize client_id=14 cols=149 rows=47 cell_width_px=0 cell_height_px=0
2026-07-28T15:38:15.062285Z  INFO herdr::server::headless: client resize client_id=14 cols=148 rows=48 cell_width_px=0 cell_height_px=0
2026-07-28T15:38:15.162330Z  INFO herdr::server::headless: client resize client_id=14 cols=147 rows=50 cell_width_px=0 cell_height_px=0
2026-07-28T15:38:15.262443Z  INFO herdr::server::headless: client resize client_id=14 cols=148 rows=52 cell_width_px=0 cell_height_px=0
2026-07-28T15:38:15.362474Z  INFO herdr::server::headless: client resize client_id=14 cols=151 rows=55 cell_width_px=0 cell_height_px=0
2026-07-28T15:38:15.462506Z  INFO herdr::server::headless: client resize client_id=14 cols=151 rows=59 cell_width_px=0 cell_height_px=0
2026-07-28T15:38:15.562542Z  INFO herdr::server::headless: client resize client_id=14 cols=150 rows=60 cell_width_px=0 cell_height_px=0
2026-07-28T15:38:15.662570Z  INFO herdr::server::headless: client resize client_id=14 cols=150 rows=61 cell_width_px=0 cell_height_px=0
2026-07-28T15:38:15.762666Z  INFO herdr::server::headless: client resize client_id=14 cols=151 rows=61 cell_width_px=0 cell_height_px=0
2026-07-28T15:38:17.107393Z  INFO herdr::logging: tab focused event="tab.focus" subsystem="tab" outcome="ok" workspace_id="wK" tab_id="wK:t4"
2026-07-28T15:38:19.357400Z  INFO herdr::logging: tab focused event="tab.focus" subsystem="tab" outcome="ok" workspace_id="wK" tab_id="wK:t5"
2026-07-28T15:38:20.745220Z  INFO herdr::logging: tab focused event="tab.focus" subsystem="tab" outcome="ok" workspace_id="wK" tab_id="wK:t4"
2026-07-28T15:38:23.654041Z  INFO herdr::logging: tab focused event="tab.focus" subsystem="tab" outcome="ok" workspace_id="wK" tab_id="wK:t3"
2026-07-28T15:38:25.230041Z  INFO herdr::logging: tab focused event="tab.focus" subsystem="tab" outcome="ok" workspace_id="wK" tab_id="wK:t1"
2026-07-28T15:38:30.232032Z  INFO herdr::logging: session saved event="persist.save" subsystem="persist" outcome="ok" path=/home/jacky/.config/herdr/session.json workspaces=1
2026-07-28T15:38:31.944599Z  INFO herdr::logging: tab focused event="tab.focus" subsystem="tab" outcome="ok" workspace_id="wK" tab_id="wK:t3"
2026-07-28T15:38:33.299164Z  INFO herdr::logging: tab focused event="tab.focus" subsystem="tab" outcome="ok" workspace_id="wK" tab_id="wK:t4"
2026-07-28T15:38:35.602342Z  INFO herdr::logging: tab focused event="tab.focus" subsystem="tab" outcome="ok" workspace_id="wK" tab_id="wK:t5"
2026-07-28T15:38:37.147326Z  INFO herdr::logging: tab focused event="tab.focus" subsystem="tab" outcome="ok" workspace_id="wK" tab_id="wK:t1"
2026-07-28T15:38:38.069461Z  INFO herdr::logging: tab focused event="tab.focus" subsystem="tab" outcome="ok" workspace_id="wK" tab_id="wK:t3"
2026-07-28T15:38:43.071896Z  INFO herdr::logging: session saved event="persist.save" subsystem="persist" outcome="ok" path=/home/jacky/.config/herdr/session.json workspaces=1
2026-07-28T15:49:15.308139Z  INFO herdr::logging: checking for updates event="update.check.start" subsystem="update" outcome="started"
2026-07-28T16:19:15.310822Z  INFO herdr::logging: checking for updates event="update.check.start" subsystem="update" outcome="started"
2026-07-28T16:49:15.311095Z  INFO herdr::logging: checking for updates event="update.check.start" subsystem="update" outcome="started"
2026-07-28T17:19:15.312762Z  INFO herdr::logging: checking for updates event="update.check.start" subsystem="update" outcome="started"
2026-07-28T17:49:15.313428Z  INFO herdr::logging: checking for updates event="update.check.start" subsystem="update" outcome="started"
2026-07-28T18:19:15.314360Z  INFO herdr::logging: checking for updates event="update.check.start" subsystem="update" outcome="started"
2026-07-28T18:49:15.315836Z  INFO herdr::logging: checking for updates event="update.check.start" subsystem="update" outcome="started"
2026-07-28T19:19:15.316737Z  INFO herdr::logging: checking for updates event="update.check.start" subsystem="update" outcome="started"
2026-07-28T19:49:15.317147Z  INFO herdr::logging: checking for updates event="update.check.start" subsystem="update" outcome="started"
2026-07-28T20:19:15.318811Z  INFO herdr::logging: checking for updates event="update.check.start" subsystem="update" outcome="started"
2026-07-28T20:26:29.113651Z  INFO herdr::server::headless: client disconnected client_id=14
2026-07-29T08:16:38.969782Z  INFO herdr::api::server: api server listening path=/home/jacky/.config/herdr/herdr.sock
2026-07-29T08:16:38.972575Z  INFO herdr::logging: spawning pane terminal event="pane.spawn.start" subsystem="pane" outcome="started" pane_id=1 rows=24 cols=80 scrollback_limit_bytes=10000000
2026-07-29T08:16:38.973978Z  INFO herdr::logging: pane child spawned event="pane.spawned" subsystem="pane" outcome="ok" pane_id=1 pid=22191
2026-07-29T08:16:38.974586Z  INFO herdr::logging: spawning pane terminal event="pane.spawn.start" subsystem="pane" outcome="started" pane_id=2 rows=24 cols=80 scrollback_limit_bytes=10000000
2026-07-29T08:16:38.975872Z  INFO herdr::logging: pane child spawned event="pane.spawned" subsystem="pane" outcome="ok" pane_id=2 pid=22194
2026-07-29T08:16:38.976938Z  INFO herdr::logging: spawning pane terminal event="pane.spawn.start" subsystem="pane" outcome="started" pane_id=3 rows=24 cols=80 scrollback_limit_bytes=10000000
2026-07-29T08:16:38.978382Z  INFO herdr::logging: pane child spawned event="pane.spawned" subsystem="pane" outcome="ok" pane_id=3 pid=22197
2026-07-29T08:16:38.979109Z  INFO herdr::logging: spawning pane terminal event="pane.spawn.start" subsystem="pane" outcome="started" pane_id=4 rows=24 cols=80 scrollback_limit_bytes=10000000
2026-07-29T08:16:38.980566Z  INFO herdr::logging: pane child spawned event="pane.spawned" subsystem="pane" outcome="ok" pane_id=4 pid=22203
2026-07-29T08:16:38.981014Z  INFO herdr::logging: session restore evaluated event="persist.restore" subsystem="persist" outcome="ok" workspaces=1
2026-07-29T08:16:38.981038Z  INFO herdr::app: using pane scrollback configuration pane_scrollback_limit_bytes=10000000
2026-07-29T08:16:39.085880Z  INFO herdr::logging: checking for updates event="update.check.start" subsystem="update" outcome="started"
2026-07-29T08:16:39.089733Z  INFO herdr::server::headless: restored session already has workspaces; ignoring startup cwd cwd=/home/jacky
2026-07-29T08:16:39.089995Z  INFO herdr::server::headless: client protocol socket listening path=/home/jacky/.config/herdr/herdr-client.sock
2026-07-29T08:16:39.090034Z  INFO herdr::server::headless: herdr server started api_socket=/home/jacky/.config/herdr/herdr.sock client_socket=/home/jacky/.config/herdr/herdr-client.sock
2026-07-29T08:16:39.090907Z  INFO herdr::logging: herdr starting event="app.startup" subsystem="server" outcome="started" pid=22173
2026-07-29T08:16:39.127099Z  INFO herdr::server::headless: client connected client_id=2 cols=72 rows=27 cell_width_px=0 cell_height_px=0 render_encoding=SemanticFrame
2026-07-29T08:17:04.404835Z  INFO herdr::logging: integration action finished event="integration.action" subsystem="integration" outcome="error" action="install" target="pi"
2026-07-29T08:17:04.577271Z  INFO herdr::logging: integration action finished event="integration.action" subsystem="integration" outcome="error" action="install" target="kimi"
2026-07-29T08:17:04.577657Z  INFO herdr::logging: integration action finished event="integration.action" subsystem="integration" outcome="ok" action="install" target="opencode"
2026-07-29T08:17:04.577948Z  INFO herdr::logging: integration action finished event="integration.action" subsystem="integration" outcome="ok" action="install" target="cursor"
2026-07-29T08:17:09.580937Z  INFO herdr::logging: session saved event="persist.save" subsystem="persist" outcome="ok" path=/home/jacky/.config/herdr/session.json workspaces=1
2026-07-29T08:17:22.480716Z  INFO herdr::server::headless: client resize client_id=2 cols=74 rows=27 cell_width_px=0 cell_height_px=0
2026-07-29T08:17:22.580169Z  INFO herdr::server::headless: client resize client_id=2 cols=102 rows=40 cell_width_px=0 cell_height_px=0
2026-07-29T08:17:22.680190Z  INFO herdr::server::headless: client resize client_id=2 cols=128 rows=46 cell_width_px=0 cell_height_px=0
2026-07-29T08:17:22.780275Z  INFO herdr::server::headless: client resize client_id=2 cols=139 rows=48 cell_width_px=0 cell_height_px=0
2026-07-29T08:17:22.880384Z  INFO herdr::server::headless: client resize client_id=2 cols=146 rows=51 cell_width_px=0 cell_height_px=0
2026-07-29T08:17:23.080510Z  INFO herdr::server::headless: client resize client_id=2 cols=142 rows=52 cell_width_px=0 cell_height_px=0
2026-07-29T08:17:23.180827Z  INFO herdr::server::headless: client resize client_id=2 cols=141 rows=53 cell_width_px=0 cell_height_px=0
2026-07-29T08:17:23.580929Z  INFO herdr::server::headless: client resize client_id=2 cols=145 rows=52 cell_width_px=0 cell_height_px=0
2026-07-29T08:17:23.680950Z  INFO herdr::server::headless: client resize client_id=2 cols=147 rows=53 cell_width_px=0 cell_height_px=0
2026-07-29T08:17:23.781020Z  INFO herdr::server::headless: client resize client_id=2 cols=147 rows=54 cell_width_px=0 cell_height_px=0
2026-07-29T08:17:23.881105Z  INFO herdr::server::headless: client resize client_id=2 cols=148 rows=54 cell_width_px=0 cell_height_px=0
2026-07-29T08:17:23.981122Z  INFO herdr::server::headless: client resize client_id=2 cols=153 rows=55 cell_width_px=0 cell_height_px=0
2026-07-29T08:17:24.081230Z  INFO herdr::server::headless: client resize client_id=2 cols=157 rows=56 cell_width_px=0 cell_height_px=0
2026-07-29T08:17:25.848870Z  INFO herdr::logging: tab focused event="tab.focus" subsystem="tab" outcome="ok" workspace_id="wK" tab_id="wK:t1"
2026-07-29T08:17:26.552772Z  INFO herdr::logging: tab focused event="tab.focus" subsystem="tab" outcome="ok" workspace_id="wK" tab_id="wK:t3"
2026-07-29T08:17:27.880642Z  INFO herdr::logging: tab focused event="tab.focus" subsystem="tab" outcome="ok" workspace_id="wK" tab_id="wK:t4"
2026-07-29T08:17:28.662002Z  INFO herdr::logging: tab focused event="tab.focus" subsystem="tab" outcome="ok" workspace_id="wK" tab_id="wK:t5"
2026-07-29T08:17:29.268642Z  INFO herdr::logging: tab focused event="tab.focus" subsystem="tab" outcome="ok" workspace_id="wK" tab_id="wK:t4"
2026-07-29T08:17:29.705742Z  INFO herdr::logging: tab focused event="tab.focus" subsystem="tab" outcome="ok" workspace_id="wK" tab_id="wK:t3"
2026-07-29T08:17:34.707569Z  INFO herdr::logging: session saved event="persist.save" subsystem="persist" outcome="ok" path=/home/jacky/.config/herdr/session.json workspaces=1
2026-07-29T08:17:42.606952Z  INFO herdr::logging: tab focused event="tab.focus" subsystem="tab" outcome="ok" workspace_id="wK" tab_id="wK:t1"
2026-07-29T08:17:44.102934Z  INFO herdr::logging: tab focused event="tab.focus" subsystem="tab" outcome="ok" workspace_id="wK" tab_id="wK:t3"
2026-07-29T08:17:44.567015Z  INFO herdr::logging: tab focused event="tab.focus" subsystem="tab" outcome="ok" workspace_id="wK" tab_id="wK:t4"
2026-07-29T08:17:49.569523Z  INFO herdr::logging: session saved event="persist.save" subsystem="persist" outcome="ok" path=/home/jacky/.config/herdr/session.json workspaces=1
2026-07-29T08:27:02.140653Z  INFO herdr::logging: spawning pane terminal event="pane.spawn.start" subsystem="pane" outcome="started" pane_id=5 rows=55 cols=131 scrollback_limit_bytes=10000000
2026-07-29T08:27:02.142498Z  INFO herdr::logging: pane child spawned event="pane.spawned" subsystem="pane" outcome="ok" pane_id=5 pid=121893
2026-07-29T08:27:02.142813Z  INFO herdr::logging: tab focused event="tab.focus" subsystem="tab" outcome="ok" workspace_id="wK" tab_id="wK:t6"
2026-07-29T08:27:07.146098Z  INFO herdr::logging: session saved event="persist.save" subsystem="persist" outcome="ok" path=/home/jacky/.config/herdr/session.json workspaces=1
2026-07-29T08:27:16.252547Z  INFO herdr::pane: agent changed pane=5 previous_agent=None agent=Some(OpenCode) process=opencode pgid=Some(124322)
2026-07-29T08:27:43.069819Z  INFO herdr::pane: agent changed pane=5 previous_agent=Some(OpenCode) agent=None pgid=Some(121893)
2026-07-29T08:28:22.881263Z  INFO herdr::logging: tab focused event="tab.focus" subsystem="tab" outcome="ok" workspace_id="wK" tab_id="wK:t5"
2026-07-29T08:28:23.931552Z  INFO herdr::logging: tab focused event="tab.focus" subsystem="tab" outcome="ok" workspace_id="wK" tab_id="wK:t6"
2026-07-29T08:28:25.740220Z  INFO herdr::logging: tab focused event="tab.focus" subsystem="tab" outcome="ok" workspace_id="wK" tab_id="wK:t5"
2026-07-29T08:28:27.148003Z  INFO herdr::logging: tab focused event="tab.focus" subsystem="tab" outcome="ok" workspace_id="wK" tab_id="wK:t4"
2026-07-29T08:28:32.149997Z  INFO herdr::logging: session saved event="persist.save" subsystem="persist" outcome="ok" path=/home/jacky/.config/herdr/session.json workspaces=1
2026-07-29T08:28:32.761342Z  INFO herdr::logging: tab focused event="tab.focus" subsystem="tab" outcome="ok" workspace_id="wK" tab_id="wK:t3"
2026-07-29T08:28:33.484149Z  INFO herdr::logging: tab focused event="tab.focus" subsystem="tab" outcome="ok" workspace_id="wK" tab_id="wK:t1"
2026-07-29T08:28:38.487445Z  INFO herdr::logging: session saved event="persist.save" subsystem="persist" outcome="ok" path=/home/jacky/.config/herdr/session.json workspaces=1
2026-07-29T08:28:39.553412Z  INFO herdr::logging: pane child exited event="pane.exit" subsystem="pane" outcome="completed" pane_id=1 status="ExitStatus { code: 0, signal: None }"
2026-07-29T08:28:39.553618Z  INFO herdr::pane: pane session terminated pane=1 pid=22191 signal=Hangup
2026-07-29T08:28:40.465373Z  INFO herdr::logging: tab focused event="tab.focus" subsystem="tab" outcome="ok" workspace_id="wK" tab_id="wK:t4"
2026-07-29T08:28:45.467727Z  INFO herdr::logging: session saved event="persist.save" subsystem="persist" outcome="ok" path=/home/jacky/.config/herdr/session.json workspaces=1
2026-07-29T08:41:59.458965Z  INFO herdr::app::actions: copied selection to clipboard
2026-07-29T08:42:03.905556Z  INFO herdr::logging: tab focused event="tab.focus" subsystem="tab" outcome="ok" workspace_id="wK" tab_id="wK:t5"
2026-07-29T08:42:08.494992Z  INFO herdr::logging: tab focused event="tab.focus" subsystem="tab" outcome="ok" workspace_id="wK" tab_id="wK:t4"
2026-07-29T08:42:13.496362Z  INFO herdr::logging: session saved event="persist.save" subsystem="persist" outcome="ok" path=/home/jacky/.config/herdr/session.json workspaces=1
2026-07-29T08:42:16.344014Z  INFO herdr::logging: tab focused event="tab.focus" subsystem="tab" outcome="ok" workspace_id="wK" tab_id="wK:t5"
2026-07-29T08:42:21.346649Z  INFO herdr::logging: session saved event="persist.save" subsystem="persist" outcome="ok" path=/home/jacky/.config/herdr/session.json workspaces=1
2026-07-29T08:42:23.313815Z  INFO herdr::pane: agent changed pane=4 previous_agent=None agent=Some(OpenCode) process=opencode pgid=Some(272021)
2026-07-29T08:42:37.934123Z  INFO herdr::pane: agent changed pane=4 previous_agent=None agent=Some(OpenCode) process=opencode pgid=Some(272021)
2026-07-29T08:42:42.931386Z  INFO herdr::logging: session saved event="persist.save" subsystem="persist" outcome="ok" path=/home/jacky/.config/herdr/session.json workspaces=1
2026-07-29T08:43:44.803192Z  INFO herdr::server::headless: client resize client_id=2 cols=156 rows=58 cell_width_px=0 cell_height_px=0
2026-07-29T08:43:44.903277Z  INFO herdr::server::headless: client resize client_id=2 cols=156 rows=60 cell_width_px=0 cell_height_px=0
2026-07-29T08:43:45.003384Z  INFO herdr::server::headless: client resize client_id=2 cols=155 rows=61 cell_width_px=0 cell_height_px=0
2026-07-29T08:43:45.103405Z  INFO herdr::server::headless: client resize client_id=2 cols=155 rows=62 cell_width_px=0 cell_height_px=0
2026-07-29T08:43:45.203459Z  INFO herdr::server::headless: client resize client_id=2 cols=155 rows=64 cell_width_px=0 cell_height_px=0
2026-07-29T08:43:45.303559Z  INFO herdr::server::headless: client resize client_id=2 cols=156 rows=64 cell_width_px=0 cell_height_px=0
2026-07-29T08:43:45.403569Z  INFO herdr::server::headless: client resize client_id=2 cols=157 rows=65 cell_width_px=0 cell_height_px=0
2026-07-29T08:43:45.703793Z  INFO herdr::server::headless: client resize client_id=2 cols=158 rows=66 cell_width_px=0 cell_height_px=0
2026-07-29T08:43:48.105260Z  INFO herdr::server::headless: client resize client_id=2 cols=158 rows=67 cell_width_px=0 cell_height_px=0
2026-07-29T08:43:48.305352Z  INFO herdr::server::headless: client resize client_id=2 cols=158 rows=68 cell_width_px=0 cell_height_px=0
2026-07-29T08:43:48.405391Z  INFO herdr::server::headless: client resize client_id=2 cols=157 rows=68 cell_width_px=0 cell_height_px=0
2026-07-29T08:43:48.605572Z  INFO herdr::server::headless: client resize client_id=2 cols=157 rows=69 cell_width_px=0 cell_height_px=0
2026-07-29T08:44:57.779414Z  INFO herdr::logging: tab focused event="tab.focus" subsystem="tab" outcome="ok" workspace_id="wK" tab_id="wK:t6"
2026-07-29T08:45:02.781924Z  INFO herdr::logging: session saved event="persist.save" subsystem="persist" outcome="ok" path=/home/jacky/.config/herdr/session.json workspaces=1
2026-07-29T08:46:39.087252Z  INFO herdr::logging: checking for updates event="update.check.start" subsystem="update" outcome="started"
2026-07-29T08:57:12.841172Z  INFO herdr::app::actions: copied selection to clipboard
2026-07-29T09:16:39.088104Z  INFO herdr::logging: checking for updates event="update.check.start" subsystem="update" outcome="started"
2026-07-29T09:42:20.364674Z  INFO herdr::app::actions: copied selection to clipboard
2026-07-29T09:44:24.228587Z  INFO herdr::app::actions: copied selection to clipboard
2026-07-29T09:44:33.070243Z  INFO herdr::app::actions: copied selection to clipboard
2026-07-29T09:44:36.295440Z  INFO herdr::logging: tab focused event="tab.focus" subsystem="tab" outcome="ok" workspace_id="wK" tab_id="wK:t5"
2026-07-29T09:44:41.299870Z  INFO herdr::logging: session saved event="persist.save" subsystem="persist" outcome="ok" path=/home/jacky/.config/herdr/session.json workspaces=1
2026-07-29T09:46:26.403706Z  INFO herdr::logging: tab focused event="tab.focus" subsystem="tab" outcome="ok" workspace_id="wK" tab_id="wK:t4"
2026-07-29T09:46:27.814522Z  INFO herdr::logging: tab focused event="tab.focus" subsystem="tab" outcome="ok" workspace_id="wK" tab_id="wK:t3"
2026-07-29T09:46:29.012703Z  INFO herdr::logging: tab focused event="tab.focus" subsystem="tab" outcome="ok" workspace_id="wK" tab_id="wK:t4"
2026-07-29T09:46:29.846903Z  INFO herdr::logging: tab focused event="tab.focus" subsystem="tab" outcome="ok" workspace_id="wK" tab_id="wK:t5"
2026-07-29T09:46:30.499034Z  INFO herdr::logging: tab focused event="tab.focus" subsystem="tab" outcome="ok" workspace_id="wK" tab_id="wK:t6"
2026-07-29T09:46:35.503086Z  INFO herdr::logging: session saved event="persist.save" subsystem="persist" outcome="ok" path=/home/jacky/.config/herdr/session.json workspaces=1
2026-07-29T09:46:39.089407Z  INFO herdr::logging: checking for updates event="update.check.start" subsystem="update" outcome="started"
2026-07-29T09:46:47.570110Z  INFO herdr::app::actions: copied selection to clipboard
2026-07-29T09:46:49.737516Z  INFO herdr::logging: tab focused event="tab.focus" subsystem="tab" outcome="ok" workspace_id="wK" tab_id="wK:t5"
2026-07-29T09:46:53.623472Z  INFO herdr::pane: agent changed pane=4 previous_agent=None agent=Some(OpenCode) process=opencode pgid=Some(272021)
2026-07-29T09:46:58.520722Z  INFO herdr::logging: session saved event="persist.save" subsystem="persist" outcome="ok" path=/home/jacky/.config/herdr/session.json workspaces=1
2026-07-29T09:47:43.333756Z  INFO herdr::logging: tab focused event="tab.focus" subsystem="tab" outcome="ok" workspace_id="wK" tab_id="wK:t4"
2026-07-29T09:47:45.752945Z  INFO herdr::logging: tab focused event="tab.focus" subsystem="tab" outcome="ok" workspace_id="wK" tab_id="wK:t6"
2026-07-29T09:47:50.756042Z  INFO herdr::logging: session saved event="persist.save" subsystem="persist" outcome="ok" path=/home/jacky/.config/herdr/session.json workspaces=1
2026-07-29T09:48:41.429057Z  INFO herdr::logging: tab focused event="tab.focus" subsystem="tab" outcome="ok" workspace_id="wK" tab_id="wK:t5"
2026-07-29T09:48:46.432258Z  INFO herdr::logging: session saved event="persist.save" subsystem="persist" outcome="ok" path=/home/jacky/.config/herdr/session.json workspaces=1
2026-07-29T09:49:46.978940Z  INFO herdr::logging: tab focused event="tab.focus" subsystem="tab" outcome="ok" workspace_id="wK" tab_id="wK:t4"
2026-07-29T09:49:48.062976Z  INFO herdr::logging: tab focused event="tab.focus" subsystem="tab" outcome="ok" workspace_id="wK" tab_id="wK:t3"
2026-07-29T09:49:48.658963Z  INFO herdr::logging: tab focused event="tab.focus" subsystem="tab" outcome="ok" workspace_id="wK" tab_id="wK:t4"
2026-07-29T09:49:48.878925Z  INFO herdr::logging: tab focused event="tab.focus" subsystem="tab" outcome="ok" workspace_id="wK" tab_id="wK:t5"
2026-07-29T09:49:49.272349Z  INFO herdr::logging: tab focused event="tab.focus" subsystem="tab" outcome="ok" workspace_id="wK" tab_id="wK:t6"
2026-07-29T09:49:54.275906Z  INFO herdr::logging: session saved event="persist.save" subsystem="persist" outcome="ok" path=/home/jacky/.config/herdr/session.json workspaces=1
2026-07-29T09:50:07.807391Z  INFO herdr::logging: tab focused event="tab.focus" subsystem="tab" outcome="ok" workspace_id="wK" tab_id="wK:t5"
2026-07-29T09:50:12.811502Z  INFO herdr::logging: session saved event="persist.save" subsystem="persist" outcome="ok" path=/home/jacky/.config/herdr/session.json workspaces=1
2026-07-29T09:52:11.361049Z  INFO herdr::logging: tab focused event="tab.focus" subsystem="tab" outcome="ok" workspace_id="wK" tab_id="wK:t6"
2026-07-29T09:52:16.021689Z  INFO herdr::app::actions: copied selection to clipboard
2026-07-29T09:52:16.365010Z  INFO herdr::logging: session saved event="persist.save" subsystem="persist" outcome="ok" path=/home/jacky/.config/herdr/session.json workspaces=1
2026-07-29T09:52:17.567336Z  INFO herdr::logging: tab focused event="tab.focus" subsystem="tab" outcome="ok" workspace_id="wK" tab_id="wK:t5"
2026-07-29T09:52:22.571096Z  INFO herdr::logging: session saved event="persist.save" subsystem="persist" outcome="ok" path=/home/jacky/.config/herdr/session.json workspaces=1
2026-07-29T09:52:39.069688Z  INFO herdr::logging: tab focused event="tab.focus" subsystem="tab" outcome="ok" workspace_id="wK" tab_id="wK:t6"
2026-07-29T09:52:44.073808Z  INFO herdr::logging: session saved event="persist.save" subsystem="persist" outcome="ok" path=/home/jacky/.config/herdr/session.json workspaces=1
2026-07-29T09:52:45.091724Z  INFO herdr::logging: tab focused event="tab.focus" subsystem="tab" outcome="ok" workspace_id="wK" tab_id="wK:t5"
2026-07-29T09:52:50.095036Z  INFO herdr::logging: session saved event="persist.save" subsystem="persist" outcome="ok" path=/home/jacky/.config/herdr/session.json workspaces=1
2026-07-29T10:06:08.554940Z  INFO herdr::logging: tab focused event="tab.focus" subsystem="tab" outcome="ok" workspace_id="wK" tab_id="wK:t4"
2026-07-29T10:06:10.775115Z  INFO herdr::logging: tab focused event="tab.focus" subsystem="tab" outcome="ok" workspace_id="wK" tab_id="wK:t5"
2026-07-29T10:06:15.777275Z  INFO herdr::logging: session saved event="persist.save" subsystem="persist" outcome="ok" path=/home/jacky/.config/herdr/session.json workspaces=1
2026-07-29T10:16:39.090546Z  INFO herdr::logging: checking for updates event="update.check.start" subsystem="update" outcome="started"
2026-07-29T10:19:28.575789Z  INFO herdr::logging: tab focused event="tab.focus" subsystem="tab" outcome="ok" workspace_id="wK" tab_id="wK:t4"
2026-07-29T10:19:30.592744Z  INFO herdr::logging: tab focused event="tab.focus" subsystem="tab" outcome="ok" workspace_id="wK" tab_id="wK:t5"
2026-07-29T10:19:35.596017Z  INFO herdr::logging: session saved event="persist.save" subsystem="persist" outcome="ok" path=/home/jacky/.config/herdr/session.json workspaces=1
2026-07-29T10:26:13.904746Z  INFO herdr::logging: tab focused event="tab.focus" subsystem="tab" outcome="ok" workspace_id="wK" tab_id="wK:t4"
2026-07-29T10:26:18.907386Z  INFO herdr::logging: session saved event="persist.save" subsystem="persist" outcome="ok" path=/home/jacky/.config/herdr/session.json workspaces=1
2026-07-29T10:26:38.980527Z  INFO herdr::logging: tab focused event="tab.focus" subsystem="tab" outcome="ok" workspace_id="wK" tab_id="wK:t5"
2026-07-29T10:26:43.983199Z  INFO herdr::logging: session saved event="persist.save" subsystem="persist" outcome="ok" path=/home/jacky/.config/herdr/session.json workspaces=1
2026-07-29T10:29:04.636753Z  INFO herdr::logging: tab focused event="tab.focus" subsystem="tab" outcome="ok" workspace_id="wK" tab_id="wK:t4"
2026-07-29T10:29:06.981115Z  INFO herdr::logging: tab focused event="tab.focus" subsystem="tab" outcome="ok" workspace_id="wK" tab_id="wK:t5"
2026-07-29T10:29:07.606961Z  INFO herdr::logging: tab focused event="tab.focus" subsystem="tab" outcome="ok" workspace_id="wK" tab_id="wK:t6"
2026-07-29T10:29:12.611539Z  INFO herdr::logging: session saved event="persist.save" subsystem="persist" outcome="ok" path=/home/jacky/.config/herdr/session.json workspaces=1
2026-07-29T10:31:14.772867Z  INFO herdr::logging: tab focused event="tab.focus" subsystem="tab" outcome="ok" workspace_id="wK" tab_id="wK:t5"
2026-07-29T10:31:19.778615Z  INFO herdr::logging: session saved event="persist.save" subsystem="persist" outcome="ok" path=/home/jacky/.config/herdr/session.json workspaces=1
2026-07-29T10:33:30.959788Z  INFO herdr::logging: tab focused event="tab.focus" subsystem="tab" outcome="ok" workspace_id="wK" tab_id="wK:t6"
2026-07-29T10:33:35.964326Z  INFO herdr::logging: session saved event="persist.save" subsystem="persist" outcome="ok" path=/home/jacky/.config/herdr/session.json workspaces=1
2026-07-29T10:34:57.030945Z  INFO herdr::app::actions: copied selection to clipboard
2026-07-29T10:34:58.755276Z  INFO herdr::logging: tab focused event="tab.focus" subsystem="tab" outcome="ok" workspace_id="wK" tab_id="wK:t5"
2026-07-29T10:35:03.761910Z  INFO herdr::logging: session saved event="persist.save" subsystem="persist" outcome="ok" path=/home/jacky/.config/herdr/session.json workspaces=1
2026-07-29T10:35:40.217155Z  INFO herdr::logging: tab focused event="tab.focus" subsystem="tab" outcome="ok" workspace_id="wK" tab_id="wK:t6"
2026-07-29T10:35:42.252426Z  INFO herdr::logging: tab focused event="tab.focus" subsystem="tab" outcome="ok" workspace_id="wK" tab_id="wK:t5"
2026-07-29T10:35:47.260631Z  INFO herdr::logging: session saved event="persist.save" subsystem="persist" outcome="ok" path=/home/jacky/.config/herdr/session.json workspaces=1
2026-07-29T10:36:01.781385Z  INFO herdr::logging: tab focused event="tab.focus" subsystem="tab" outcome="ok" workspace_id="wK" tab_id="wK:t6"
2026-07-29T10:36:06.786554Z  INFO herdr::logging: session saved event="persist.save" subsystem="persist" outcome="ok" path=/home/jacky/.config/herdr/session.json workspaces=1
2026-07-29T10:36:18.796718Z  INFO herdr::app::actions: copied selection to clipboard
2026-07-29T10:36:20.649167Z  INFO herdr::logging: tab focused event="tab.focus" subsystem="tab" outcome="ok" workspace_id="wK" tab_id="wK:t5"
2026-07-29T10:36:25.654480Z  INFO herdr::logging: session saved event="persist.save" subsystem="persist" outcome="ok" path=/home/jacky/.config/herdr/session.json workspaces=1
2026-07-29T10:46:39.090700Z  INFO herdr::logging: checking for updates event="update.check.start" subsystem="update" outcome="started"
2026-07-29T11:16:39.091862Z  INFO herdr::logging: checking for updates event="update.check.start" subsystem="update" outcome="started"
2026-07-29T11:46:39.093120Z  INFO herdr::logging: checking for updates event="update.check.start" subsystem="update" outcome="started"
2026-07-29T11:51:07.671248Z  INFO herdr::logging: tab focused event="tab.focus" subsystem="tab" outcome="ok" workspace_id="wK" tab_id="wK:t6"
2026-07-29T11:51:12.677937Z  INFO herdr::logging: session saved event="persist.save" subsystem="persist" outcome="ok" path=/home/jacky/.config/herdr/session.json workspaces=1
2026-07-29T11:52:39.119959Z  INFO herdr::app::actions: copied selection to clipboard
2026-07-29T11:52:40.898715Z  INFO herdr::logging: tab focused event="tab.focus" subsystem="tab" outcome="ok" workspace_id="wK" tab_id="wK:t5"
2026-07-29T11:52:45.904081Z  INFO herdr::logging: session saved event="persist.save" subsystem="persist" outcome="ok" path=/home/jacky/.config/herdr/session.json workspaces=1
2026-07-29T11:53:59.974683Z  INFO herdr::logging: tab focused event="tab.focus" subsystem="tab" outcome="ok" workspace_id="wK" tab_id="wK:t6"
2026-07-29T11:54:04.104826Z  INFO herdr::logging: tab focused event="tab.focus" subsystem="tab" outcome="ok" workspace_id="wK" tab_id="wK:t5"
2026-07-29T11:54:09.109676Z  INFO herdr::logging: session saved event="persist.save" subsystem="persist" outcome="ok" path=/home/jacky/.config/herdr/session.json workspaces=1
2026-07-29T11:54:41.590136Z  INFO herdr::logging: tab focused event="tab.focus" subsystem="tab" outcome="ok" workspace_id="wK" tab_id="wK:t4"
2026-07-29T11:54:42.692613Z  INFO herdr::logging: tab focused event="tab.focus" subsystem="tab" outcome="ok" workspace_id="wK" tab_id="wK:t3"
2026-07-29T11:54:43.540096Z  INFO herdr::logging: tab focused event="tab.focus" subsystem="tab" outcome="ok" workspace_id="wK" tab_id="wK:t4"
2026-07-29T11:54:44.995626Z  INFO herdr::logging: tab focused event="tab.focus" subsystem="tab" outcome="ok" workspace_id="wK" tab_id="wK:t5"
2026-07-29T11:54:49.998880Z  INFO herdr::logging: session saved event="persist.save" subsystem="persist" outcome="ok" path=/home/jacky/.config/herdr/session.json workspaces=1
2026-07-29T12:06:22.828202Z  INFO herdr::logging: tab focused event="tab.focus" subsystem="tab" outcome="ok" workspace_id="wK" tab_id="wK:t6"
2026-07-29T12:06:27.834513Z  INFO herdr::logging: session saved event="persist.save" subsystem="persist" outcome="ok" path=/home/jacky/.config/herdr/session.json workspaces=1
2026-07-29T12:06:45.114959Z  INFO herdr::app::actions: copied selection to clipboard
2026-07-29T12:06:50.690792Z  INFO herdr::logging: tab focused event="tab.focus" subsystem="tab" outcome="ok" workspace_id="wK" tab_id="wK:t5"
2026-07-29T12:06:55.695035Z  INFO herdr::logging: session saved event="persist.save" subsystem="persist" outcome="ok" path=/home/jacky/.config/herdr/session.json workspaces=1
2026-07-29T12:07:13.268894Z  INFO herdr::logging: tab focused event="tab.focus" subsystem="tab" outcome="ok" workspace_id="wK" tab_id="wK:t6"
2026-07-29T12:07:18.288742Z  INFO herdr::logging: session saved event="persist.save" subsystem="persist" outcome="ok" path=/home/jacky/.config/herdr/session.json workspaces=1
2026-07-29T12:07:33.463888Z  INFO herdr::logging: tab focused event="tab.focus" subsystem="tab" outcome="ok" workspace_id="wK" tab_id="wK:t5"
2026-07-29T12:07:38.469274Z  INFO herdr::logging: session saved event="persist.save" subsystem="persist" outcome="ok" path=/home/jacky/.config/herdr/session.json workspaces=1
2026-07-29T12:09:15.001263Z  INFO herdr::logging: tab focused event="tab.focus" subsystem="tab" outcome="ok" workspace_id="wK" tab_id="wK:t6"
2026-07-29T12:09:20.006263Z  INFO herdr::logging: session saved event="persist.save" subsystem="persist" outcome="ok" path=/home/jacky/.config/herdr/session.json workspaces=1
2026-07-29T12:11:03.925166Z  INFO herdr::app::actions: copied selection to clipboard
2026-07-29T12:11:07.307555Z  INFO herdr::logging: tab focused event="tab.focus" subsystem="tab" outcome="ok" workspace_id="wK" tab_id="wK:t5"
2026-07-29T12:11:12.314446Z  INFO herdr::logging: session saved event="persist.save" subsystem="persist" outcome="ok" path=/home/jacky/.config/herdr/session.json workspaces=1
2026-07-29T12:13:58.122232Z  INFO herdr::logging: tab focused event="tab.focus" subsystem="tab" outcome="ok" workspace_id="wK" tab_id="wK:t6"
2026-07-29T12:14:03.128503Z  INFO herdr::logging: session saved event="persist.save" subsystem="persist" outcome="ok" path=/home/jacky/.config/herdr/session.json workspaces=1
2026-07-29T12:15:01.426762Z  INFO herdr::logging: tab focused event="tab.focus" subsystem="tab" outcome="ok" workspace_id="wK" tab_id="wK:t5"
2026-07-29T12:15:06.431174Z  INFO herdr::logging: session saved event="persist.save" subsystem="persist" outcome="ok" path=/home/jacky/.config/herdr/session.json workspaces=1
2026-07-29T12:16:39.097261Z  INFO herdr::logging: checking for updates event="update.check.start" subsystem="update" outcome="started"
2026-07-29T12:34:28.015796Z  INFO herdr::logging: tab focused event="tab.focus" subsystem="tab" outcome="ok" workspace_id="wK" tab_id="wK:t4"
2026-07-29T12:34:30.390641Z  INFO herdr::logging: tab focused event="tab.focus" subsystem="tab" outcome="ok" workspace_id="wK" tab_id="wK:t6"
2026-07-29T12:34:35.395996Z  INFO herdr::logging: session saved event="persist.save" subsystem="persist" outcome="ok" path=/home/jacky/.config/herdr/session.json workspaces=1
2026-07-29T12:35:38.667596Z  INFO herdr::logging: tab focused event="tab.focus" subsystem="tab" outcome="ok" workspace_id="wK" tab_id="wK:t5"
2026-07-29T12:35:40.122699Z  INFO herdr::logging: tab focused event="tab.focus" subsystem="tab" outcome="ok" workspace_id="wK" tab_id="wK:t4"
2026-07-29T12:35:41.209220Z  INFO herdr::logging: tab focused event="tab.focus" subsystem="tab" outcome="ok" workspace_id="wK" tab_id="wK:t6"
2026-07-29T12:35:46.216739Z  INFO herdr::logging: session saved event="persist.save" subsystem="persist" outcome="ok" path=/home/jacky/.config/herdr/session.json workspaces=1
2026-07-29T12:35:51.553229Z  INFO herdr::logging: spawning pane terminal event="pane.spawn.start" subsystem="pane" outcome="started" pane_id=6 rows=68 cols=131 scrollback_limit_bytes=10000000
2026-07-29T12:35:51.554814Z  INFO herdr::logging: pane child spawned event="pane.spawned" subsystem="pane" outcome="ok" pane_id=6 pid=2616487
2026-07-29T12:35:51.555054Z  INFO herdr::logging: tab focused event="tab.focus" subsystem="tab" outcome="ok" workspace_id="wK" tab_id="wK:t7"
2026-07-29T12:35:56.464679Z  INFO herdr::logging: tab focused event="tab.focus" subsystem="tab" outcome="ok" workspace_id="wK" tab_id="wK:t6"
2026-07-29T12:35:57.348255Z  INFO herdr::logging: tab focused event="tab.focus" subsystem="tab" outcome="ok" workspace_id="wK" tab_id="wK:t7"
2026-07-29T12:36:00.806833Z  INFO herdr::logging: tab focused event="tab.focus" subsystem="tab" outcome="ok" workspace_id="wK" tab_id="wK:t6"
2026-07-29T12:36:02.315389Z  INFO herdr::logging: tab focused event="tab.focus" subsystem="tab" outcome="ok" workspace_id="wK" tab_id="wK:t7"
2026-07-29T12:36:04.916819Z  INFO herdr::logging: tab focused event="tab.focus" subsystem="tab" outcome="ok" workspace_id="wK" tab_id="wK:t6"
2026-07-29T12:36:05.676062Z  INFO herdr::logging: tab focused event="tab.focus" subsystem="tab" outcome="ok" workspace_id="wK" tab_id="wK:t5"
2026-07-29T12:36:07.151756Z  INFO herdr::logging: tab focused event="tab.focus" subsystem="tab" outcome="ok" workspace_id="wK" tab_id="wK:t4"
2026-07-29T12:36:12.154443Z  INFO herdr::logging: session saved event="persist.save" subsystem="persist" outcome="ok" path=/home/jacky/.config/herdr/session.json workspaces=1
2026-07-29T12:36:17.910090Z  INFO herdr::logging: tab focused event="tab.focus" subsystem="tab" outcome="ok" workspace_id="wK" tab_id="wK:t5"
2026-07-29T12:36:18.785490Z  INFO herdr::logging: tab focused event="tab.focus" subsystem="tab" outcome="ok" workspace_id="wK" tab_id="wK:t6"
2026-07-29T12:36:19.039339Z  INFO herdr::logging: tab focused event="tab.focus" subsystem="tab" outcome="ok" workspace_id="wK" tab_id="wK:t7"
2026-07-29T12:36:19.777789Z  INFO herdr::logging: tab focused event="tab.focus" subsystem="tab" outcome="ok" workspace_id="wK" tab_id="wK:t6"
2026-07-29T12:36:20.137691Z  INFO herdr::logging: tab focused event="tab.focus" subsystem="tab" outcome="ok" workspace_id="wK" tab_id="wK:t5"
2026-07-29T12:36:25.144861Z  INFO herdr::logging: session saved event="persist.save" subsystem="persist" outcome="ok" path=/home/jacky/.config/herdr/session.json workspaces=1
2026-07-29T12:36:46.340774Z  INFO herdr::logging: tab focused event="tab.focus" subsystem="tab" outcome="ok" workspace_id="wK" tab_id="wK:t6"
2026-07-29T12:36:51.347277Z  INFO herdr::logging: session saved event="persist.save" subsystem="persist" outcome="ok" path=/home/jacky/.config/herdr/session.json workspaces=1
2026-07-29T12:36:53.097754Z  INFO herdr::logging: tab focused event="tab.focus" subsystem="tab" outcome="ok" workspace_id="wK" tab_id="wK:t5"
2026-07-29T12:36:55.003343Z  INFO herdr::logging: tab focused event="tab.focus" subsystem="tab" outcome="ok" workspace_id="wK" tab_id="wK:t6"
2026-07-29T12:36:58.489538Z  INFO herdr::logging: tab focused event="tab.focus" subsystem="tab" outcome="ok" workspace_id="wK" tab_id="wK:t5"
2026-07-29T12:37:03.495691Z  INFO herdr::logging: session saved event="persist.save" subsystem="persist" outcome="ok" path=/home/jacky/.config/herdr/session.json workspaces=1
2026-07-29T12:39:46.672859Z  INFO herdr::logging: tab focused event="tab.focus" subsystem="tab" outcome="ok" workspace_id="wK" tab_id="wK:t6"
2026-07-29T12:39:49.102692Z  INFO herdr::logging: tab focused event="tab.focus" subsystem="tab" outcome="ok" workspace_id="wK" tab_id="wK:t5"
2026-07-29T12:39:54.108423Z  INFO herdr::logging: session saved event="persist.save" subsystem="persist" outcome="ok" path=/home/jacky/.config/herdr/session.json workspaces=1
2026-07-29T12:41:41.577951Z  INFO herdr::logging: tab focused event="tab.focus" subsystem="tab" outcome="ok" workspace_id="wK" tab_id="wK:t6"
2026-07-29T12:41:46.226055Z  INFO herdr::logging: tab focused event="tab.focus" subsystem="tab" outcome="ok" workspace_id="wK" tab_id="wK:t5"
2026-07-29T12:41:51.236008Z  INFO herdr::logging: session saved event="persist.save" subsystem="persist" outcome="ok" path=/home/jacky/.config/herdr/session.json workspaces=1
2026-07-29T12:46:39.099172Z  INFO herdr::logging: checking for updates event="update.check.start" subsystem="update" outcome="started"
2026-07-29T12:46:40.123391Z  INFO herdr::logging: tab focused event="tab.focus" subsystem="tab" outcome="ok" workspace_id="wK" tab_id="wK:t6"
2026-07-29T12:46:44.607815Z  INFO herdr::logging: tab focused event="tab.focus" subsystem="tab" outcome="ok" workspace_id="wK" tab_id="wK:t5"
2026-07-29T12:46:49.615261Z  INFO herdr::logging: session saved event="persist.save" subsystem="persist" outcome="ok" path=/home/jacky/.config/herdr/session.json workspaces=1
2026-07-29T12:49:53.880761Z  INFO herdr::logging: tab focused event="tab.focus" subsystem="tab" outcome="ok" workspace_id="wK" tab_id="wK:t6"
2026-07-29T12:49:56.193601Z  INFO herdr::logging: tab focused event="tab.focus" subsystem="tab" outcome="ok" workspace_id="wK" tab_id="wK:t7"
2026-07-29T12:49:57.212683Z  INFO herdr::logging: pane child exited event="pane.exit" subsystem="pane" outcome="completed" pane_id=6 status="ExitStatus { code: 1, signal: Some(\"Hangup\") }"
2026-07-29T12:49:57.226095Z  INFO herdr::pane: pane session terminated pane=6 pid=2616487 signal=Hangup
2026-07-29T12:49:57.226384Z  WARN herdr::app::actions: PaneDied for unknown pane pane=6
2026-07-29T12:50:02.228058Z  INFO herdr::logging: session saved event="persist.save" subsystem="persist" outcome="ok" path=/home/jacky/.config/herdr/session.json workspaces=1
2026-07-29T12:50:42.930090Z  INFO herdr::logging: spawning pane terminal event="pane.spawn.start" subsystem="pane" outcome="started" pane_id=7 rows=68 cols=131 scrollback_limit_bytes=10000000
2026-07-29T12:50:42.932264Z  INFO herdr::logging: pane child spawned event="pane.spawned" subsystem="pane" outcome="ok" pane_id=7 pid=2761239
2026-07-29T12:50:42.932556Z  INFO herdr::logging: tab focused event="tab.focus" subsystem="tab" outcome="ok" workspace_id="wK" tab_id="wK:t8"
2026-07-29T12:50:47.940597Z  INFO herdr::logging: session saved event="persist.save" subsystem="persist" outcome="ok" path=/home/jacky/.config/herdr/session.json workspaces=1
2026-07-29T12:50:48.130867Z  INFO herdr::logging: pane child exited event="pane.exit" subsystem="pane" outcome="completed" pane_id=7 status="ExitStatus { code: 1, signal: Some(\"Hangup\") }"
2026-07-29T12:50:48.138711Z  INFO herdr::pane: pane session terminated pane=7 pid=2761239 signal=Hangup
2026-07-29T12:50:48.138902Z  WARN herdr::app::actions: PaneDied for unknown pane pane=7
2026-07-29T12:50:53.140345Z  INFO herdr::logging: session saved event="persist.save" subsystem="persist" outcome="ok" path=/home/jacky/.config/herdr/session.json workspaces=1
2026-07-29T12:54:57.170148Z  INFO herdr::app::actions: copied selection to clipboard
2026-07-29T13:03:27.583087Z  INFO herdr::app::actions: copied selection to clipboard
2026-07-29T13:06:51.518247Z  INFO herdr::app::actions: copied selection to clipboard
2026-07-29T13:09:43.788114Z  INFO herdr::app::actions: copied selection to clipboard
2026-07-29T13:12:42.043770Z  INFO herdr::logging: tab focused event="tab.focus" subsystem="tab" outcome="ok" workspace_id="wK" tab_id="wK:t4"
2026-07-29T13:12:47.050302Z  INFO herdr::logging: session saved event="persist.save" subsystem="persist" outcome="ok" path=/home/jacky/.config/herdr/session.json workspaces=1
2026-07-29T13:12:50.968200Z  INFO herdr::logging: tab focused event="tab.focus" subsystem="tab" outcome="ok" workspace_id="wK" tab_id="wK:t5"
2026-07-29T13:12:51.861224Z  INFO herdr::logging: tab focused event="tab.focus" subsystem="tab" outcome="ok" workspace_id="wK" tab_id="wK:t6"
2026-07-29T13:12:56.869410Z  INFO herdr::logging: session saved event="persist.save" subsystem="persist" outcome="ok" path=/home/jacky/.config/herdr/session.json workspaces=1
2026-07-29T13:13:18.165540Z  INFO herdr::app::actions: copied selection to clipboard
2026-07-29T13:16:39.100044Z  INFO herdr::logging: checking for updates event="update.check.start" subsystem="update" outcome="started"
2026-07-29T13:17:08.960238Z  INFO herdr::logging: tab focused event="tab.focus" subsystem="tab" outcome="ok" workspace_id="wK" tab_id="wK:t5"
2026-07-29T13:17:13.968316Z  INFO herdr::logging: session saved event="persist.save" subsystem="persist" outcome="ok" path=/home/jacky/.config/herdr/session.json workspaces=1
2026-07-29T13:25:42.686820Z  INFO herdr::logging: tab focused event="tab.focus" subsystem="tab" outcome="ok" workspace_id="wK" tab_id="wK:t6"
2026-07-29T13:25:47.694132Z  INFO herdr::logging: session saved event="persist.save" subsystem="persist" outcome="ok" path=/home/jacky/.config/herdr/session.json workspaces=1
2026-07-29T13:26:38.125649Z  INFO herdr::logging: tab focused event="tab.focus" subsystem="tab" outcome="ok" workspace_id="wK" tab_id="wK:t5"
2026-07-29T13:26:42.754612Z  INFO herdr::logging: tab focused event="tab.focus" subsystem="tab" outcome="ok" workspace_id="wK" tab_id="wK:t3"
2026-07-29T13:26:45.073359Z  INFO herdr::logging: tab focused event="tab.focus" subsystem="tab" outcome="ok" workspace_id="wK" tab_id="wK:t4"
2026-07-29T13:26:46.744936Z  INFO herdr::logging: tab focused event="tab.focus" subsystem="tab" outcome="ok" workspace_id="wK" tab_id="wK:t5"
2026-07-29T13:26:51.746890Z  INFO herdr::logging: session saved event="persist.save" subsystem="persist" outcome="ok" path=/home/jacky/.config/herdr/session.json workspaces=1
2026-07-29T13:30:00.950280Z  INFO herdr::logging: tab focused event="tab.focus" subsystem="tab" outcome="ok" workspace_id="wK" tab_id="wK:t4"
2026-07-29T13:30:05.953334Z  INFO herdr::logging: session saved event="persist.save" subsystem="persist" outcome="ok" path=/home/jacky/.config/herdr/session.json workspaces=1
2026-07-29T13:30:33.479857Z  INFO herdr::logging: tab focused event="tab.focus" subsystem="tab" outcome="ok" workspace_id="wK" tab_id="wK:t5"
2026-07-29T13:30:38.482638Z  INFO herdr::logging: session saved event="persist.save" subsystem="persist" outcome="ok" path=/home/jacky/.config/herdr/session.json workspaces=1
2026-07-29T13:33:56.876181Z  INFO herdr::logging: tab focused event="tab.focus" subsystem="tab" outcome="ok" workspace_id="wK" tab_id="wK:t4"
2026-07-29T13:34:01.879036Z  INFO herdr::logging: session saved event="persist.save" subsystem="persist" outcome="ok" path=/home/jacky/.config/herdr/session.json workspaces=1
2026-07-29T13:34:33.918687Z  INFO herdr::app::actions: copied selection to clipboard
2026-07-29T13:34:36.682580Z  INFO herdr::logging: tab focused event="tab.focus" subsystem="tab" outcome="ok" workspace_id="wK" tab_id="wK:t5"
2026-07-29T13:34:41.685591Z  INFO herdr::logging: session saved event="persist.save" subsystem="persist" outcome="ok" path=/home/jacky/.config/herdr/session.json workspaces=1
2026-07-29T13:35:18.215182Z  INFO herdr::logging: tab focused event="tab.focus" subsystem="tab" outcome="ok" workspace_id="wK" tab_id="wK:t4"
2026-07-29T13:35:23.218326Z  INFO herdr::logging: session saved event="persist.save" subsystem="persist" outcome="ok" path=/home/jacky/.config/herdr/session.json workspaces=1
2026-07-29T13:35:59.060042Z  INFO herdr::app::actions: copied selection to clipboard
2026-07-29T13:36:01.106836Z  INFO herdr::logging: tab focused event="tab.focus" subsystem="tab" outcome="ok" workspace_id="wK" tab_id="wK:t5"
2026-07-29T13:36:06.110019Z  INFO herdr::logging: session saved event="persist.save" subsystem="persist" outcome="ok" path=/home/jacky/.config/herdr/session.json workspaces=1
2026-07-29T13:36:43.228015Z  INFO herdr::logging: tab focused event="tab.focus" subsystem="tab" outcome="ok" workspace_id="wK" tab_id="wK:t4"
2026-07-29T13:36:46.218769Z  INFO herdr::logging: tab focused event="tab.focus" subsystem="tab" outcome="ok" workspace_id="wK" tab_id="wK:t5"
2026-07-29T13:36:51.222728Z  INFO herdr::logging: session saved event="persist.save" subsystem="persist" outcome="ok" path=/home/jacky/.config/herdr/session.json workspaces=1
2026-07-29T13:44:56.309580Z  INFO herdr::logging: tab focused event="tab.focus" subsystem="tab" outcome="ok" workspace_id="wK" tab_id="wK:t3"
2026-07-29T13:44:58.333574Z  INFO herdr::logging: tab focused event="tab.focus" subsystem="tab" outcome="ok" workspace_id="wK" tab_id="wK:t4"
2026-07-29T13:45:03.341644Z  INFO herdr::logging: session saved event="persist.save" subsystem="persist" outcome="ok" path=/home/jacky/.config/herdr/session.json workspaces=1
2026-07-29T13:45:20.473355Z  INFO herdr::logging: tab focused event="tab.focus" subsystem="tab" outcome="ok" workspace_id="wK" tab_id="wK:t5"
2026-07-29T13:45:25.482944Z  INFO herdr::logging: session saved event="persist.save" subsystem="persist" outcome="ok" path=/home/jacky/.config/herdr/session.json workspaces=1
2026-07-29T13:46:39.101780Z  INFO herdr::logging: checking for updates event="update.check.start" subsystem="update" outcome="started"
2026-07-29T13:47:59.056907Z  INFO herdr::logging: tab focused event="tab.focus" subsystem="tab" outcome="ok" workspace_id="wK" tab_id="wK:t6"
2026-07-29T13:48:04.065135Z  INFO herdr::logging: session saved event="persist.save" subsystem="persist" outcome="ok" path=/home/jacky/.config/herdr/session.json workspaces=1
2026-07-29T13:48:25.764177Z  INFO herdr::logging: tab focused event="tab.focus" subsystem="tab" outcome="ok" workspace_id="wK" tab_id="wK:t5"
2026-07-29T13:48:30.772330Z  INFO herdr::logging: session saved event="persist.save" subsystem="persist" outcome="ok" path=/home/jacky/.config/herdr/session.json workspaces=1
2026-07-29T13:48:34.271011Z  INFO herdr::logging: tab focused event="tab.focus" subsystem="tab" outcome="ok" workspace_id="wK" tab_id="wK:t6"
2026-07-29T13:48:36.135785Z  INFO herdr::logging: tab focused event="tab.focus" subsystem="tab" outcome="ok" workspace_id="wK" tab_id="wK:t5"
2026-07-29T13:48:39.334235Z  INFO herdr::logging: tab focused event="tab.focus" subsystem="tab" outcome="ok" workspace_id="wK" tab_id="wK:t6"
2026-07-29T13:48:44.345566Z  INFO herdr::logging: session saved event="persist.save" subsystem="persist" outcome="ok" path=/home/jacky/.config/herdr/session.json workspaces=1
2026-07-29T13:49:00.635993Z  INFO herdr::logging: tab focused event="tab.focus" subsystem="tab" outcome="ok" workspace_id="wK" tab_id="wK:t5"
2026-07-29T13:49:03.819457Z  INFO herdr::logging: tab focused event="tab.focus" subsystem="tab" outcome="ok" workspace_id="wK" tab_id="wK:t6"
2026-07-29T13:49:06.119002Z  INFO herdr::logging: tab focused event="tab.focus" subsystem="tab" outcome="ok" workspace_id="wK" tab_id="wK:t5"
2026-07-29T13:49:11.134823Z  INFO herdr::logging: session saved event="persist.save" subsystem="persist" outcome="ok" path=/home/jacky/.config/herdr/session.json workspaces=1
2026-07-29T13:49:57.568848Z  INFO herdr::logging: tab focused event="tab.focus" subsystem="tab" outcome="ok" workspace_id="wK" tab_id="wK:t6"
2026-07-29T13:49:58.767066Z  INFO herdr::logging: tab focused event="tab.focus" subsystem="tab" outcome="ok" workspace_id="wK" tab_id="wK:t4"
2026-07-29T13:50:00.190703Z  INFO herdr::logging: tab focused event="tab.focus" subsystem="tab" outcome="ok" workspace_id="wK" tab_id="wK:t5"
2026-07-29T13:50:01.009083Z  INFO herdr::logging: tab focused event="tab.focus" subsystem="tab" outcome="ok" workspace_id="wK" tab_id="wK:t6"
2026-07-29T13:50:06.018524Z  INFO herdr::logging: session saved event="persist.save" subsystem="persist" outcome="ok" path=/home/jacky/.config/herdr/session.json workspaces=1
2026-07-29T13:53:15.162970Z  INFO herdr::logging: tab focused event="tab.focus" subsystem="tab" outcome="ok" workspace_id="wK" tab_id="wK:t5"
2026-07-29T13:53:20.173904Z  INFO herdr::logging: session saved event="persist.save" subsystem="persist" outcome="ok" path=/home/jacky/.config/herdr/session.json workspaces=1
2026-07-29T13:54:10.553039Z  INFO herdr::logging: tab focused event="tab.focus" subsystem="tab" outcome="ok" workspace_id="wK" tab_id="wK:t6"
2026-07-29T13:54:15.578369Z  INFO herdr::logging: session saved event="persist.save" subsystem="persist" outcome="ok" path=/home/jacky/.config/herdr/session.json workspaces=1
2026-07-29T13:54:20.386301Z  INFO herdr::logging: tab focused event="tab.focus" subsystem="tab" outcome="ok" workspace_id="wK" tab_id="wK:t5"
2026-07-29T13:54:25.395834Z  INFO herdr::logging: session saved event="persist.save" subsystem="persist" outcome="ok" path=/home/jacky/.config/herdr/session.json workspaces=1
2026-07-29T13:54:45.501882Z  INFO herdr::logging: tab focused event="tab.focus" subsystem="tab" outcome="ok" workspace_id="wK" tab_id="wK:t6"
2026-07-29T13:54:50.512784Z  INFO herdr::logging: session saved event="persist.save" subsystem="persist" outcome="ok" path=/home/jacky/.config/herdr/session.json workspaces=1
2026-07-29T13:59:15.384005Z  INFO herdr::logging: tab focused event="tab.focus" subsystem="tab" outcome="ok" workspace_id="wK" tab_id="wK:t5"
2026-07-29T13:59:20.393085Z  INFO herdr::logging: session saved event="persist.save" subsystem="persist" outcome="ok" path=/home/jacky/.config/herdr/session.json workspaces=1
2026-07-29T14:00:21.552090Z  INFO herdr::logging: tab focused event="tab.focus" subsystem="tab" outcome="ok" workspace_id="wK" tab_id="wK:t6"
2026-07-29T14:00:26.563099Z  INFO herdr::logging: session saved event="persist.save" subsystem="persist" outcome="ok" path=/home/jacky/.config/herdr/session.json workspaces=1
2026-07-29T14:01:55.153945Z  INFO herdr::logging: tab focused event="tab.focus" subsystem="tab" outcome="ok" workspace_id="wK" tab_id="wK:t5"
2026-07-29T14:02:00.164439Z  INFO herdr::logging: session saved event="persist.save" subsystem="persist" outcome="ok" path=/home/jacky/.config/herdr/session.json workspaces=1
2026-07-29T14:02:10.213322Z  INFO herdr::logging: tab focused event="tab.focus" subsystem="tab" outcome="ok" workspace_id="wK" tab_id="wK:t6"
2026-07-29T14:02:15.230027Z  INFO herdr::logging: session saved event="persist.save" subsystem="persist" outcome="ok" path=/home/jacky/.config/herdr/session.json workspaces=1
2026-07-29T14:03:10.838041Z  INFO herdr::logging: tab focused event="tab.focus" subsystem="tab" outcome="ok" workspace_id="wK" tab_id="wK:t5"
2026-07-29T14:03:15.848251Z  INFO herdr::logging: session saved event="persist.save" subsystem="persist" outcome="ok" path=/home/jacky/.config/herdr/session.json workspaces=1
2026-07-29T14:03:39.492334Z  INFO herdr::logging: tab focused event="tab.focus" subsystem="tab" outcome="ok" workspace_id="wK" tab_id="wK:t6"
2026-07-29T14:03:44.501059Z  INFO herdr::logging: session saved event="persist.save" subsystem="persist" outcome="ok" path=/home/jacky/.config/herdr/session.json workspaces=1
2026-07-29T14:04:17.387462Z  INFO herdr::logging: tab focused event="tab.focus" subsystem="tab" outcome="ok" workspace_id="wK" tab_id="wK:t5"
2026-07-29T14:04:22.406263Z  INFO herdr::logging: session saved event="persist.save" subsystem="persist" outcome="ok" path=/home/jacky/.config/herdr/session.json workspaces=1
2026-07-29T14:04:30.774480Z  INFO herdr::logging: tab focused event="tab.focus" subsystem="tab" outcome="ok" workspace_id="wK" tab_id="wK:t6"
2026-07-29T14:04:35.784546Z  INFO herdr::logging: session saved event="persist.save" subsystem="persist" outcome="ok" path=/home/jacky/.config/herdr/session.json workspaces=1
2026-07-29T14:05:00.652908Z  INFO herdr::logging: tab focused event="tab.focus" subsystem="tab" outcome="ok" workspace_id="wK" tab_id="wK:t5"
2026-07-29T14:05:05.663168Z  INFO herdr::logging: session saved event="persist.save" subsystem="persist" outcome="ok" path=/home/jacky/.config/herdr/session.json workspaces=1
2026-07-29T14:05:18.925537Z  INFO herdr::logging: tab focused event="tab.focus" subsystem="tab" outcome="ok" workspace_id="wK" tab_id="wK:t6"
2026-07-29T14:05:20.577705Z  INFO herdr::logging: tab focused event="tab.focus" subsystem="tab" outcome="ok" workspace_id="wK" tab_id="wK:t5"
2026-07-29T14:05:25.591891Z  INFO herdr::logging: session saved event="persist.save" subsystem="persist" outcome="ok" path=/home/jacky/.config/herdr/session.json workspaces=1
2026-07-29T14:16:39.103005Z  INFO herdr::logging: checking for updates event="update.check.start" subsystem="update" outcome="started"
2026-07-29T14:28:23.469766Z  INFO herdr::logging: tab focused event="tab.focus" subsystem="tab" outcome="ok" workspace_id="wK" tab_id="wK:t6"
2026-07-29T14:28:28.481085Z  INFO herdr::logging: session saved event="persist.save" subsystem="persist" outcome="ok" path=/home/jacky/.config/herdr/session.json workspaces=1
2026-07-29T14:28:52.104150Z  INFO herdr::app::actions: copied selection to clipboard
2026-07-29T14:29:17.169027Z  INFO herdr::app::actions: copied selection to clipboard
2026-07-29T14:29:27.528276Z  INFO herdr::app::actions: copied selection to clipboard
2026-07-29T14:29:34.270252Z  INFO herdr::app::actions: copied selection to clipboard
2026-07-29T14:29:40.999636Z  INFO herdr::logging: tab focused event="tab.focus" subsystem="tab" outcome="ok" workspace_id="wK" tab_id="wK:t5"
2026-07-29T14:29:46.012808Z  INFO herdr::logging: session saved event="persist.save" subsystem="persist" outcome="ok" path=/home/jacky/.config/herdr/session.json workspaces=1
2026-07-29T14:30:05.275954Z  INFO herdr::logging: tab focused event="tab.focus" subsystem="tab" outcome="ok" workspace_id="wK" tab_id="wK:t6"
2026-07-29T14:30:10.285902Z  INFO herdr::logging: session saved event="persist.save" subsystem="persist" outcome="ok" path=/home/jacky/.config/herdr/session.json workspaces=1
2026-07-29T14:30:36.663011Z  INFO herdr::app::actions: copied selection to clipboard
2026-07-29T14:30:38.004277Z  INFO herdr::logging: tab focused event="tab.focus" subsystem="tab" outcome="ok" workspace_id="wK" tab_id="wK:t5"
2026-07-29T14:30:43.013164Z  INFO herdr::logging: session saved event="persist.save" subsystem="persist" outcome="ok" path=/home/jacky/.config/herdr/session.json workspaces=1
2026-07-29T14:30:48.817837Z  INFO herdr::logging: tab focused event="tab.focus" subsystem="tab" outcome="ok" workspace_id="wK" tab_id="wK:t6"
2026-07-29T14:30:53.827890Z  INFO herdr::logging: session saved event="persist.save" subsystem="persist" outcome="ok" path=/home/jacky/.config/herdr/session.json workspaces=1
2026-07-29T14:31:28.204059Z  INFO herdr::app::actions: copied selection to clipboard
2026-07-29T14:31:46.061742Z  INFO herdr::app::actions: copied selection to clipboard
2026-07-29T14:31:57.499074Z  INFO herdr::app::actions: copied selection to clipboard
2026-07-29T14:31:58.581433Z  INFO herdr::logging: tab focused event="tab.focus" subsystem="tab" outcome="ok" workspace_id="wK" tab_id="wK:t5"
2026-07-29T14:32:03.590797Z  INFO herdr::logging: session saved event="persist.save" subsystem="persist" outcome="ok" path=/home/jacky/.config/herdr/session.json workspaces=1
2026-07-29T14:32:51.210450Z  INFO herdr::logging: tab focused event="tab.focus" subsystem="tab" outcome="ok" workspace_id="wK" tab_id="wK:t6"
2026-07-29T14:32:56.223875Z  INFO herdr::logging: session saved event="persist.save" subsystem="persist" outcome="ok" path=/home/jacky/.config/herdr/session.json workspaces=1
2026-07-29T14:33:11.474842Z  INFO herdr::logging: tab focused event="tab.focus" subsystem="tab" outcome="ok" workspace_id="wK" tab_id="wK:t5"
2026-07-29T14:33:16.488050Z  INFO herdr::logging: session saved event="persist.save" subsystem="persist" outcome="ok" path=/home/jacky/.config/herdr/session.json workspaces=1
2026-07-29T14:33:26.732581Z  INFO herdr::logging: tab focused event="tab.focus" subsystem="tab" outcome="ok" workspace_id="wK" tab_id="wK:t6"
2026-07-29T14:33:31.743854Z  INFO herdr::logging: session saved event="persist.save" subsystem="persist" outcome="ok" path=/home/jacky/.config/herdr/session.json workspaces=1
2026-07-29T14:34:20.796142Z  INFO herdr::app::actions: copied selection to clipboard
2026-07-29T14:36:26.094173Z  INFO herdr::logging: tab focused event="tab.focus" subsystem="tab" outcome="ok" workspace_id="wK" tab_id="wK:t5"
2026-07-29T14:36:31.103949Z  INFO herdr::logging: session saved event="persist.save" subsystem="persist" outcome="ok" path=/home/jacky/.config/herdr/session.json workspaces=1
2026-07-29T14:41:48.524880Z  INFO herdr::pane: agent changed pane=4 previous_agent=None agent=Some(OpenCode) process=opencode pgid=Some(272021)
2026-07-29T14:41:53.423934Z  INFO herdr::logging: session saved event="persist.save" subsystem="persist" outcome="ok" path=/home/jacky/.config/herdr/session.json workspaces=1
2026-07-29T14:46:39.103627Z  INFO herdr::logging: checking for updates event="update.check.start" subsystem="update" outcome="started"
2026-07-29T15:03:35.348733Z  INFO herdr::logging: tab focused event="tab.focus" subsystem="tab" outcome="ok" workspace_id="wK" tab_id="wK:t6"
2026-07-29T15:03:40.358139Z  INFO herdr::logging: session saved event="persist.save" subsystem="persist" outcome="ok" path=/home/jacky/.config/herdr/session.json workspaces=1
2026-07-29T15:06:20.856537Z  INFO herdr::logging: tab focused event="tab.focus" subsystem="tab" outcome="ok" workspace_id="wK" tab_id="wK:t4"
2026-07-29T15:06:23.089298Z  INFO herdr::logging: tab focused event="tab.focus" subsystem="tab" outcome="ok" workspace_id="wK" tab_id="wK:t6"
2026-07-29T15:06:28.100151Z  INFO herdr::logging: session saved event="persist.save" subsystem="persist" outcome="ok" path=/home/jacky/.config/herdr/session.json workspaces=1
2026-07-29T15:08:11.449821Z  INFO herdr::logging: spawning pane terminal event="pane.spawn.start" subsystem="pane" outcome="started" pane_id=8 rows=68 cols=131 scrollback_limit_bytes=10000000
2026-07-29T15:08:11.451842Z  INFO herdr::logging: pane child spawned event="pane.spawned" subsystem="pane" outcome="ok" pane_id=8 pid=4155402
2026-07-29T15:08:11.452136Z  INFO herdr::logging: tab focused event="tab.focus" subsystem="tab" outcome="ok" workspace_id="wK" tab_id="wK:t9"
2026-07-29T15:08:16.464641Z  INFO herdr::logging: session saved event="persist.save" subsystem="persist" outcome="ok" path=/home/jacky/.config/herdr/session.json workspaces=1
2026-07-29T15:08:17.930868Z  INFO herdr::logging: tab focused event="tab.focus" subsystem="tab" outcome="ok" workspace_id="wK" tab_id="wK:t3"
2026-07-29T15:08:22.936832Z  INFO herdr::logging: session saved event="persist.save" subsystem="persist" outcome="ok" path=/home/jacky/.config/herdr/session.json workspaces=1
2026-07-29T15:08:23.758386Z  INFO herdr::logging: tab focused event="tab.focus" subsystem="tab" outcome="ok" workspace_id="wK" tab_id="wK:t4"
2026-07-29T15:08:25.100869Z  INFO herdr::logging: tab focused event="tab.focus" subsystem="tab" outcome="ok" workspace_id="wK" tab_id="wK:t5"
2026-07-29T15:08:27.756582Z  INFO herdr::logging: tab focused event="tab.focus" subsystem="tab" outcome="ok" workspace_id="wK" tab_id="wK:t6"
2026-07-29T15:08:30.309017Z  INFO herdr::logging: tab focused event="tab.focus" subsystem="tab" outcome="ok" workspace_id="wK" tab_id="wK:t9"
2026-07-29T15:08:31.700709Z  INFO herdr::logging: tab focused event="tab.focus" subsystem="tab" outcome="ok" workspace_id="wK" tab_id="wK:t3"
2026-07-29T15:08:36.705478Z  INFO herdr::logging: session saved event="persist.save" subsystem="persist" outcome="ok" path=/home/jacky/.config/herdr/session.json workspaces=1
2026-07-29T15:08:46.901874Z  INFO herdr::pane: agent changed pane=2 previous_agent=None agent=Some(OpenCode) process=opencode pgid=Some(4161047)
2026-07-29T15:10:08.619842Z  INFO herdr::pane: agent changed pane=2 previous_agent=None agent=Some(OpenCode) process=opencode pgid=Some(4161047)
2026-07-29T15:10:13.519340Z  INFO herdr::logging: session saved event="persist.save" subsystem="persist" outcome="ok" path=/home/jacky/.config/herdr/session.json workspaces=1
2026-07-29T15:10:27.384109Z  INFO herdr::logging: session saved event="persist.save" subsystem="persist" outcome="ok" path=/home/jacky/.config/herdr/session.json workspaces=1
2026-07-29T15:10:28.279188Z  INFO herdr::logging: tab focused event="tab.focus" subsystem="tab" outcome="ok" workspace_id="wK" tab_id="wK:t6"
2026-07-29T15:10:33.068186Z  INFO herdr::logging: tab focused event="tab.focus" subsystem="tab" outcome="ok" workspace_id="wK" tab_id="wK:t3"
2026-07-29T15:10:38.080235Z  INFO herdr::logging: session saved event="persist.save" subsystem="persist" outcome="ok" path=/home/jacky/.config/herdr/session.json workspaces=1
2026-07-29T15:11:04.065698Z  INFO herdr::logging: tab focused event="tab.focus" subsystem="tab" outcome="ok" workspace_id="wK" tab_id="wK:t6"
2026-07-29T15:11:08.055544Z  INFO herdr::logging: tab focused event="tab.focus" subsystem="tab" outcome="ok" workspace_id="wK" tab_id="wK:t3"
2026-07-29T15:11:13.067065Z  INFO herdr::logging: session saved event="persist.save" subsystem="persist" outcome="ok" path=/home/jacky/.config/herdr/session.json workspaces=1
2026-07-29T15:11:28.287199Z  INFO herdr::logging: tab focused event="tab.focus" subsystem="tab" outcome="ok" workspace_id="wK" tab_id="wK:t6"
2026-07-29T15:11:32.131802Z  INFO herdr::logging: tab focused event="tab.focus" subsystem="tab" outcome="ok" workspace_id="wK" tab_id="wK:t3"
2026-07-29T15:11:37.145573Z  INFO herdr::logging: session saved event="persist.save" subsystem="persist" outcome="ok" path=/home/jacky/.config/herdr/session.json workspaces=1
2026-07-29T15:12:07.044722Z  INFO herdr::logging: tab focused event="tab.focus" subsystem="tab" outcome="ok" workspace_id="wK" tab_id="wK:t6"
2026-07-29T15:12:10.606644Z  INFO herdr::logging: tab focused event="tab.focus" subsystem="tab" outcome="ok" workspace_id="wK" tab_id="wK:t3"
2026-07-29T15:12:15.618249Z  INFO herdr::logging: session saved event="persist.save" subsystem="persist" outcome="ok" path=/home/jacky/.config/herdr/session.json workspaces=1
2026-07-29T15:13:35.188011Z  INFO herdr::pane: agent changed pane=2 previous_agent=Some(OpenCode) agent=None pgid=Some(22194)
2026-07-29T15:13:39.888090Z  INFO herdr::logging: session saved event="persist.save" subsystem="persist" outcome="ok" path=/home/jacky/.config/herdr/session.json workspaces=1
2026-07-29T15:13:48.750152Z  INFO herdr::pane: agent changed pane=2 previous_agent=None agent=Some(OpenCode) process=opencode pgid=Some(17768)
2026-07-29T15:14:07.750767Z  INFO herdr::logging: tab focused event="tab.focus" subsystem="tab" outcome="ok" workspace_id="wK" tab_id="wK:t6"
2026-07-29T15:14:12.763307Z  INFO herdr::logging: session saved event="persist.save" subsystem="persist" outcome="ok" path=/home/jacky/.config/herdr/session.json workspaces=1
2026-07-29T15:14:17.630674Z  INFO herdr::logging: tab focused event="tab.focus" subsystem="tab" outcome="ok" workspace_id="wK" tab_id="wK:t3"
2026-07-29T15:14:22.642893Z  INFO herdr::logging: session saved event="persist.save" subsystem="persist" outcome="ok" path=/home/jacky/.config/herdr/session.json workspaces=1
2026-07-29T15:16:11.592736Z  INFO herdr::logging: tab focused event="tab.focus" subsystem="tab" outcome="ok" workspace_id="wK" tab_id="wK:t6"
2026-07-29T15:16:16.604402Z  INFO herdr::logging: session saved event="persist.save" subsystem="persist" outcome="ok" path=/home/jacky/.config/herdr/session.json workspaces=1
2026-07-29T15:16:33.547523Z  INFO herdr::logging: tab focused event="tab.focus" subsystem="tab" outcome="ok" workspace_id="wK" tab_id="wK:t4"
2026-07-29T15:16:35.130816Z  INFO herdr::logging: tab focused event="tab.focus" subsystem="tab" outcome="ok" workspace_id="wK" tab_id="wK:t3"
2026-07-29T15:16:35.858462Z  INFO herdr::pane: agent changed pane=2 previous_agent=None agent=Some(OpenCode) process=opencode pgid=Some(17768)
2026-07-29T15:16:39.104556Z  INFO herdr::logging: checking for updates event="update.check.start" subsystem="update" outcome="started"
2026-07-29T15:16:40.149620Z  INFO herdr::logging: session saved event="persist.save" subsystem="persist" outcome="ok" path=/home/jacky/.config/herdr/session.json workspaces=1
2026-07-29T15:17:13.685259Z  INFO herdr::logging: tab focused event="tab.focus" subsystem="tab" outcome="ok" workspace_id="wK" tab_id="wK:t4"
2026-07-29T15:17:14.458838Z  INFO herdr::logging: tab focused event="tab.focus" subsystem="tab" outcome="ok" workspace_id="wK" tab_id="wK:t5"
2026-07-29T15:17:16.326791Z  INFO herdr::logging: tab focused event="tab.focus" subsystem="tab" outcome="ok" workspace_id="wK" tab_id="wK:t4"
2026-07-29T15:17:16.625992Z  INFO herdr::logging: tab focused event="tab.focus" subsystem="tab" outcome="ok" workspace_id="wK" tab_id="wK:t3"
2026-07-29T15:17:21.629673Z  INFO herdr::logging: session saved event="persist.save" subsystem="persist" outcome="ok" path=/home/jacky/.config/herdr/session.json workspaces=1
2026-07-29T15:18:22.367767Z  INFO herdr::logging: tab focused event="tab.focus" subsystem="tab" outcome="ok" workspace_id="wK" tab_id="wK:t6"
2026-07-29T15:18:27.391157Z  INFO herdr::logging: session saved event="persist.save" subsystem="persist" outcome="ok" path=/home/jacky/.config/herdr/session.json workspaces=1
2026-07-29T15:19:00.000749Z  INFO herdr::logging: tab focused event="tab.focus" subsystem="tab" outcome="ok" workspace_id="wK" tab_id="wK:t4"
2026-07-29T15:19:01.443565Z  INFO herdr::logging: tab focused event="tab.focus" subsystem="tab" outcome="ok" workspace_id="wK" tab_id="wK:t5"
2026-07-29T15:19:06.446146Z  INFO herdr::logging: session saved event="persist.save" subsystem="persist" outcome="ok" path=/home/jacky/.config/herdr/session.json workspaces=1
2026-07-29T15:20:51.554087Z  INFO herdr::pane: agent changed pane=4 previous_agent=None agent=Some(OpenCode) process=opencode pgid=Some(272021)
2026-07-29T15:20:55.582146Z  INFO herdr::logging: tab focused event="tab.focus" subsystem="tab" outcome="ok" workspace_id="wK" tab_id="wK:t3"
2026-07-29T15:21:00.584101Z  INFO herdr::logging: session saved event="persist.save" subsystem="persist" outcome="ok" path=/home/jacky/.config/herdr/session.json workspaces=1
2026-07-29T15:21:28.221573Z  INFO herdr::pane: agent changed pane=2 previous_agent=Some(OpenCode) agent=None pgid=Some(22194)
2026-07-29T15:21:53.163329Z  INFO herdr::app::actions: copied selection to clipboard
2026-07-29T15:21:54.834532Z  INFO herdr::pane: agent changed pane=2 previous_agent=None agent=Some(OpenCode) process=opencode pgid=Some(98713)
2026-07-29T15:22:23.803886Z  INFO herdr::logging: tab focused event="tab.focus" subsystem="tab" outcome="ok" workspace_id="wK" tab_id="wK:t6"
2026-07-29T15:22:24.543752Z  INFO herdr::logging: tab focused event="tab.focus" subsystem="tab" outcome="ok" workspace_id="wK" tab_id="wK:t9"
2026-07-29T15:22:25.606476Z  INFO herdr::logging: pane child exited event="pane.exit" subsystem="pane" outcome="completed" pane_id=8 status="ExitStatus { code: 1, signal: Some(\"Hangup\") }"
2026-07-29T15:22:25.614901Z  INFO herdr::pane: pane session terminated pane=8 pid=4155402 signal=Hangup
2026-07-29T15:22:25.615128Z  WARN herdr::app::actions: PaneDied for unknown pane pane=8
2026-07-29T15:22:29.584658Z  INFO herdr::logging: tab focused event="tab.focus" subsystem="tab" outcome="ok" workspace_id="wK" tab_id="wK:t5"
2026-07-29T15:22:34.598588Z  INFO herdr::logging: session saved event="persist.save" subsystem="persist" outcome="ok" path=/home/jacky/.config/herdr/session.json workspaces=1
2026-07-29T15:25:30.316851Z  INFO herdr::logging: tab focused event="tab.focus" subsystem="tab" outcome="ok" workspace_id="wK" tab_id="wK:t6"
2026-07-29T15:25:35.330754Z  INFO herdr::logging: session saved event="persist.save" subsystem="persist" outcome="ok" path=/home/jacky/.config/herdr/session.json workspaces=1
2026-07-29T15:25:40.836940Z  INFO herdr::logging: tab focused event="tab.focus" subsystem="tab" outcome="ok" workspace_id="wK" tab_id="wK:t3"
2026-07-29T15:25:45.849505Z  INFO herdr::logging: session saved event="persist.save" subsystem="persist" outcome="ok" path=/home/jacky/.config/herdr/session.json workspaces=1
2026-07-29T15:26:52.300816Z  INFO herdr::pane: agent changed pane=2 previous_agent=Some(OpenCode) agent=None pgid=Some(22194)
2026-07-29T15:26:57.500954Z  INFO herdr::logging: pane child exited event="pane.exit" subsystem="pane" outcome="completed" pane_id=2 status="ExitStatus { code: 1, signal: Some(\"Hangup\") }"
2026-07-29T15:26:57.519979Z  INFO herdr::pane: pane session terminated pane=2 pid=22194 signal=Hangup
2026-07-29T15:26:57.520499Z  WARN herdr::app::actions: PaneDied for unknown pane pane=2
2026-07-29T15:27:01.037121Z  INFO herdr::logging: spawning pane terminal event="pane.spawn.start" subsystem="pane" outcome="started" pane_id=9 rows=68 cols=131 scrollback_limit_bytes=10000000
2026-07-29T15:27:01.038621Z  INFO herdr::logging: pane child spawned event="pane.spawned" subsystem="pane" outcome="ok" pane_id=9 pid=149763
2026-07-29T15:27:01.038836Z  INFO herdr::logging: tab focused event="tab.focus" subsystem="tab" outcome="ok" workspace_id="wK" tab_id="wK:tA"
2026-07-29T15:27:06.041083Z  INFO herdr::logging: session saved event="persist.save" subsystem="persist" outcome="ok" path=/home/jacky/.config/herdr/session.json workspaces=1
2026-07-29T15:27:07.462897Z  INFO herdr::logging: tab focused event="tab.focus" subsystem="tab" outcome="ok" workspace_id="wK" tab_id="wK:t6"
2026-07-29T15:27:08.827687Z  INFO herdr::logging: tab focused event="tab.focus" subsystem="tab" outcome="ok" workspace_id="wK" tab_id="wK:t5"
2026-07-29T15:27:09.855770Z  INFO herdr::logging: tab focused event="tab.focus" subsystem="tab" outcome="ok" workspace_id="wK" tab_id="wK:t4"
2026-07-29T15:27:11.468772Z  INFO herdr::logging: tab focused event="tab.focus" subsystem="tab" outcome="ok" workspace_id="wK" tab_id="wK:tA"
2026-07-29T15:27:16.471261Z  INFO herdr::logging: session saved event="persist.save" subsystem="persist" outcome="ok" path=/home/jacky/.config/herdr/session.json workspaces=1
2026-07-29T15:27:37.599581Z  INFO herdr::logging: pane child exited event="pane.exit" subsystem="pane" outcome="completed" pane_id=9 status="ExitStatus { code: 1, signal: Some(\"Hangup\") }"
2026-07-29T15:27:37.607732Z  INFO herdr::pane: pane session terminated pane=9 pid=149763 signal=Hangup
2026-07-29T15:27:37.607899Z  WARN herdr::app::actions: PaneDied for unknown pane pane=9
2026-07-29T15:27:42.609551Z  INFO herdr::logging: session saved event="persist.save" subsystem="persist" outcome="ok" path=/home/jacky/.config/herdr/session.json workspaces=1
2026-07-29T15:33:50.920358Z  INFO herdr::logging: tab focused event="tab.focus" subsystem="tab" outcome="ok" workspace_id="wK" tab_id="wK:t5"
2026-07-29T15:33:55.934847Z  INFO herdr::logging: session saved event="persist.save" subsystem="persist" outcome="ok" path=/home/jacky/.config/herdr/session.json workspaces=1
2026-07-29T15:35:34.931288Z  INFO herdr::server::headless: client connected client_id=4 cols=154 rows=65 cell_width_px=0 cell_height_px=0 render_encoding=SemanticFrame
2026-07-29T15:39:24.769001Z  INFO herdr::logging: tab focused event="tab.focus" subsystem="tab" outcome="ok" workspace_id="wK" tab_id="wK:t6"
2026-07-29T15:39:29.785207Z  INFO herdr::logging: session saved event="persist.save" subsystem="persist" outcome="ok" path=/home/jacky/.config/herdr/session.json workspaces=1
2026-07-29T15:39:55.647958Z  INFO herdr::app::actions: copied selection to clipboard
2026-07-29T15:39:58.302393Z  INFO herdr::logging: tab focused event="tab.focus" subsystem="tab" outcome="ok" workspace_id="wK" tab_id="wK:t5"
2026-07-29T15:40:03.326241Z  INFO herdr::logging: session saved event="persist.save" subsystem="persist" outcome="ok" path=/home/jacky/.config/herdr/session.json workspaces=1
2026-07-29T15:41:26.199324Z  INFO herdr::logging: tab focused event="tab.focus" subsystem="tab" outcome="ok" workspace_id="wK" tab_id="wK:t6"
2026-07-29T15:41:29.602057Z  INFO herdr::app::actions: copied selection to clipboard
2026-07-29T15:41:30.951177Z  INFO herdr::logging: tab focused event="tab.focus" subsystem="tab" outcome="ok" workspace_id="wK" tab_id="wK:t5"
2026-07-29T15:41:35.965270Z  INFO herdr::logging: session saved event="persist.save" subsystem="persist" outcome="ok" path=/home/jacky/.config/herdr/session.json workspaces=1
2026-07-29T15:42:57.276265Z  INFO herdr::logging: tab focused event="tab.focus" subsystem="tab" outcome="ok" workspace_id="wK" tab_id="wK:t6"
2026-07-29T15:43:02.302940Z  INFO herdr::logging: session saved event="persist.save" subsystem="persist" outcome="ok" path=/home/jacky/.config/herdr/session.json workspaces=1
2026-07-29T15:43:03.586819Z  INFO herdr::logging: tab focused event="tab.focus" subsystem="tab" outcome="ok" workspace_id="wK" tab_id="wK:t5"
2026-07-29T15:43:08.599929Z  INFO herdr::logging: session saved event="persist.save" subsystem="persist" outcome="ok" path=/home/jacky/.config/herdr/session.json workspaces=1
2026-07-29T15:44:30.276003Z  INFO herdr::logging: tab focused event="tab.focus" subsystem="tab" outcome="ok" workspace_id="wK" tab_id="wK:t6"
2026-07-29T15:44:35.301634Z  INFO herdr::logging: session saved event="persist.save" subsystem="persist" outcome="ok" path=/home/jacky/.config/herdr/session.json workspaces=1
2026-07-29T15:44:36.225228Z  INFO herdr::logging: spawning pane terminal event="pane.spawn.start" subsystem="pane" outcome="started" pane_id=10 rows=68 cols=131 scrollback_limit_bytes=10000000
2026-07-29T15:44:36.226990Z  INFO herdr::logging: pane child spawned event="pane.spawned" subsystem="pane" outcome="ok" pane_id=10 pid=330079
2026-07-29T15:44:36.227329Z  INFO herdr::logging: tab focused event="tab.focus" subsystem="tab" outcome="ok" workspace_id="wK" tab_id="wK:tB"
2026-07-29T15:44:36.288100Z  INFO herdr::logging: pane child exited event="pane.exit" subsystem="pane" outcome="completed" pane_id=10 status="ExitStatus { code: 1, signal: None }"
2026-07-29T15:44:36.298632Z  INFO herdr::pane: pane session terminated pane=10 pid=330079 signal=Hangup
2026-07-29T15:44:40.849520Z  INFO herdr::logging: spawning pane terminal event="pane.spawn.start" subsystem="pane" outcome="started" pane_id=11 rows=68 cols=131 scrollback_limit_bytes=10000000
2026-07-29T15:44:40.851490Z  INFO herdr::logging: pane child spawned event="pane.spawned" subsystem="pane" outcome="ok" pane_id=11 pid=330801
2026-07-29T15:44:40.851763Z  INFO herdr::logging: tab focused event="tab.focus" subsystem="tab" outcome="ok" workspace_id="wK" tab_id="wK:tC"
2026-07-29T15:44:40.889324Z  INFO herdr::logging: pane child exited event="pane.exit" subsystem="pane" outcome="completed" pane_id=11 status="ExitStatus { code: 1, signal: None }"
2026-07-29T15:44:40.895543Z  INFO herdr::pane: pane session terminated pane=11 pid=330801 signal=Hangup
2026-07-29T15:44:42.810631Z  INFO herdr::logging: tab focused event="tab.focus" subsystem="tab" outcome="ok" workspace_id="wK" tab_id="wK:t4"
2026-07-29T15:44:47.827097Z  INFO herdr::logging: session saved event="persist.save" subsystem="persist" outcome="ok" path=/home/jacky/.config/herdr/session.json workspaces=1
2026-07-29T15:46:17.048643Z  INFO herdr::logging: tab focused event="tab.focus" subsystem="tab" outcome="ok" workspace_id="wK" tab_id="wK:t5"
2026-07-29T15:46:22.052750Z  INFO herdr::logging: session saved event="persist.save" subsystem="persist" outcome="ok" path=/home/jacky/.config/herdr/session.json workspaces=1
2026-07-29T15:46:26.717257Z  INFO herdr::logging: tab focused event="tab.focus" subsystem="tab" outcome="ok" workspace_id="wK" tab_id="wK:t6"
2026-07-29T15:46:31.737012Z  INFO herdr::logging: session saved event="persist.save" subsystem="persist" outcome="ok" path=/home/jacky/.config/herdr/session.json workspaces=1
2026-07-29T15:46:39.106117Z  INFO herdr::logging: checking for updates event="update.check.start" subsystem="update" outcome="started"
2026-07-29T15:46:41.708920Z  INFO herdr::logging: tab focused event="tab.focus" subsystem="tab" outcome="ok" workspace_id="wK" tab_id="wK:t4"
2026-07-29T15:46:46.724283Z  INFO herdr::logging: session saved event="persist.save" subsystem="persist" outcome="ok" path=/home/jacky/.config/herdr/session.json workspaces=1
2026-07-29T15:49:34.143772Z  INFO herdr::logging: tab focused event="tab.focus" subsystem="tab" outcome="ok" workspace_id="wK" tab_id="wK:t5"
2026-07-29T15:49:37.759178Z  INFO herdr::logging: tab focused event="tab.focus" subsystem="tab" outcome="ok" workspace_id="wK" tab_id="wK:t6"
2026-07-29T15:49:42.777062Z  INFO herdr::logging: session saved event="persist.save" subsystem="persist" outcome="ok" path=/home/jacky/.config/herdr/session.json workspaces=1
2026-07-29T15:49:49.294344Z  INFO herdr::logging: tab focused event="tab.focus" subsystem="tab" outcome="ok" workspace_id="wK" tab_id="wK:t5"
2026-07-29T15:49:54.310803Z  INFO herdr::logging: session saved event="persist.save" subsystem="persist" outcome="ok" path=/home/jacky/.config/herdr/session.json workspaces=1
2026-07-29T15:52:00.070343Z  INFO herdr::pane: agent changed pane=4 previous_agent=None agent=Some(OpenCode) process=opencode pgid=Some(272021)
2026-07-29T15:52:04.970712Z  INFO herdr::logging: session saved event="persist.save" subsystem="persist" outcome="ok" path=/home/jacky/.config/herdr/session.json workspaces=1
2026-07-29T15:57:43.328548Z  INFO herdr::pane: agent changed pane=4 previous_agent=None agent=Some(OpenCode) process=opencode pgid=Some(272021)
2026-07-29T15:57:48.229348Z  INFO herdr::logging: session saved event="persist.save" subsystem="persist" outcome="ok" path=/home/jacky/.config/herdr/session.json workspaces=1
2026-07-29T15:58:02.420016Z  INFO herdr::logging: tab focused event="tab.focus" subsystem="tab" outcome="ok" workspace_id="wK" tab_id="wK:t6"
2026-07-29T15:58:06.479642Z  INFO herdr::logging: tab focused event="tab.focus" subsystem="tab" outcome="ok" workspace_id="wK" tab_id="wK:t5"
2026-07-29T15:58:11.495874Z  INFO herdr::logging: session saved event="persist.save" subsystem="persist" outcome="ok" path=/home/jacky/.config/herdr/session.json workspaces=1
2026-07-29T15:58:41.283339Z  INFO herdr::logging: tab focused event="tab.focus" subsystem="tab" outcome="ok" workspace_id="wK" tab_id="wK:t6"
2026-07-29T15:58:43.472892Z  INFO herdr::logging: tab focused event="tab.focus" subsystem="tab" outcome="ok" workspace_id="wK" tab_id="wK:t5"
2026-07-29T15:58:48.487133Z  INFO herdr::logging: session saved event="persist.save" subsystem="persist" outcome="ok" path=/home/jacky/.config/herdr/session.json workspaces=1
2026-07-29T15:59:09.373833Z  INFO herdr::logging: tab focused event="tab.focus" subsystem="tab" outcome="ok" workspace_id="wK" tab_id="wK:t4"
2026-07-29T15:59:14.381490Z  INFO herdr::logging: session saved event="persist.save" subsystem="persist" outcome="ok" path=/home/jacky/.config/herdr/session.json workspaces=1
2026-07-29T15:59:14.572642Z  INFO herdr::pane: agent changed pane=3 previous_agent=None agent=Some(OpenCode) process=opencode pgid=Some(476451)
2026-07-29T15:59:28.010283Z  INFO herdr::pane: agent changed pane=3 previous_agent=None agent=Some(OpenCode) process=opencode pgid=Some(476451)
2026-07-29T15:59:31.026451Z  INFO herdr::logging: tab focused event="tab.focus" subsystem="tab" outcome="ok" workspace_id="wK" tab_id="wK:t5"
2026-07-29T15:59:32.649250Z  INFO herdr::logging: tab focused event="tab.focus" subsystem="tab" outcome="ok" workspace_id="wK" tab_id="wK:t4"
2026-07-29T15:59:37.651621Z  INFO herdr::logging: session saved event="persist.save" subsystem="persist" outcome="ok" path=/home/jacky/.config/herdr/session.json workspaces=1
2026-07-29T15:59:39.406895Z  INFO herdr::logging: tab focused event="tab.focus" subsystem="tab" outcome="ok" workspace_id="wK" tab_id="wK:t5"
2026-07-29T15:59:40.384898Z  INFO herdr::logging: tab focused event="tab.focus" subsystem="tab" outcome="ok" workspace_id="wK" tab_id="wK:t4"
2026-07-29T15:59:42.110996Z  INFO herdr::logging: tab focused event="tab.focus" subsystem="tab" outcome="ok" workspace_id="wK" tab_id="wK:t5"
2026-07-29T15:59:42.833299Z  INFO herdr::logging: tab focused event="tab.focus" subsystem="tab" outcome="ok" workspace_id="wK" tab_id="wK:t4"
2026-07-29T15:59:44.668985Z  INFO herdr::logging: tab focused event="tab.focus" subsystem="tab" outcome="ok" workspace_id="wK" tab_id="wK:t5"
2026-07-29T15:59:49.670466Z  INFO herdr::logging: session saved event="persist.save" subsystem="persist" outcome="ok" path=/home/jacky/.config/herdr/session.json workspaces=1
2026-07-29T15:59:49.881953Z  INFO herdr::logging: tab focused event="tab.focus" subsystem="tab" outcome="ok" workspace_id="wK" tab_id="wK:t6"
2026-07-29T15:59:53.100857Z  INFO herdr::logging: spawning pane terminal event="pane.spawn.start" subsystem="pane" outcome="started" pane_id=12 rows=68 cols=131 scrollback_limit_bytes=10000000
2026-07-29T15:59:53.102471Z  INFO herdr::logging: pane child spawned event="pane.spawned" subsystem="pane" outcome="ok" pane_id=12 pid=483450
2026-07-29T15:59:53.102715Z  INFO herdr::logging: tab focused event="tab.focus" subsystem="tab" outcome="ok" workspace_id="wK" tab_id="wK:tD"
2026-07-29T15:59:53.141350Z  INFO herdr::logging: pane child exited event="pane.exit" subsystem="pane" outcome="completed" pane_id=12 status="ExitStatus { code: 1, signal: None }"
2026-07-29T15:59:53.141489Z  INFO herdr::pane: pane session terminated pane=12 pid=483450 signal=Hangup
2026-07-29T15:59:56.256289Z  INFO herdr::logging: spawning pane terminal event="pane.spawn.start" subsystem="pane" outcome="started" pane_id=13 rows=68 cols=131 scrollback_limit_bytes=10000000
2026-07-29T15:59:56.259172Z  INFO herdr::logging: pane child spawned event="pane.spawned" subsystem="pane" outcome="ok" pane_id=13 pid=484077
2026-07-29T15:59:56.259459Z  INFO herdr::logging: tab renamed event="tab.rename" subsystem="tab" outcome="ok" workspace_id="wK" tab_id="wK:tE"
2026-07-29T15:59:56.259541Z  INFO herdr::logging: tab focused event="tab.focus" subsystem="tab" outcome="ok" workspace_id="wK" tab_id="wK:tE"
2026-07-29T15:59:56.329623Z  INFO herdr::logging: pane child exited event="pane.exit" subsystem="pane" outcome="completed" pane_id=13 status="ExitStatus { code: 1, signal: None }"
2026-07-29T15:59:56.331920Z  INFO herdr::pane: pane session terminated pane=13 pid=484077 signal=Hangup
2026-07-29T15:59:59.739868Z  INFO herdr::logging: tab focused event="tab.focus" subsystem="tab" outcome="ok" workspace_id="wK" tab_id="wK:t5"
2026-07-29T16:00:00.958957Z  INFO herdr::logging: tab focused event="tab.focus" subsystem="tab" outcome="ok" workspace_id="wK" tab_id="wK:t4"
2026-07-29T16:00:01.825901Z  INFO herdr::logging: tab focused event="tab.focus" subsystem="tab" outcome="ok" workspace_id="wK" tab_id="wK:t5"
2026-07-29T16:00:02.597291Z  INFO herdr::logging: tab focused event="tab.focus" subsystem="tab" outcome="ok" workspace_id="wK" tab_id="wK:t6"
2026-07-29T16:00:05.581317Z  INFO herdr::logging: tab focused event="tab.focus" subsystem="tab" outcome="ok" workspace_id="wK" tab_id="wK:t5"
2026-07-29T16:00:06.652320Z  INFO herdr::logging: tab focused event="tab.focus" subsystem="tab" outcome="ok" workspace_id="wK" tab_id="wK:t4"
2026-07-29T16:00:08.064202Z  INFO herdr::logging: tab focused event="tab.focus" subsystem="tab" outcome="ok" workspace_id="wK" tab_id="wK:t5"
2026-07-29T16:00:08.725355Z  INFO herdr::logging: tab focused event="tab.focus" subsystem="tab" outcome="ok" workspace_id="wK" tab_id="wK:t6"
2026-07-29T16:00:09.396210Z  INFO herdr::logging: tab focused event="tab.focus" subsystem="tab" outcome="ok" workspace_id="wK" tab_id="wK:t5"
2026-07-29T16:00:11.241977Z  INFO herdr::logging: tab focused event="tab.focus" subsystem="tab" outcome="ok" workspace_id="wK" tab_id="wK:t4"
2026-07-29T16:00:12.538314Z  INFO herdr::logging: tab focused event="tab.focus" subsystem="tab" outcome="ok" workspace_id="wK" tab_id="wK:t5"
2026-07-29T16:00:13.137769Z  INFO herdr::logging: tab focused event="tab.focus" subsystem="tab" outcome="ok" workspace_id="wK" tab_id="wK:t6"
2026-07-29T16:00:13.709178Z  INFO herdr::logging: tab focused event="tab.focus" subsystem="tab" outcome="ok" workspace_id="wK" tab_id="wK:t5"
2026-07-29T16:00:18.725710Z  INFO herdr::logging: session saved event="persist.save" subsystem="persist" outcome="ok" path=/home/jacky/.config/herdr/session.json workspaces=1
2026-07-29T16:03:53.501353Z  INFO herdr::logging: tab focused event="tab.focus" subsystem="tab" outcome="ok" workspace_id="wK" tab_id="wK:t4"
2026-07-29T16:03:58.503606Z  INFO herdr::logging: session saved event="persist.save" subsystem="persist" outcome="ok" path=/home/jacky/.config/herdr/session.json workspaces=1
2026-07-29T16:04:32.419031Z  INFO herdr::logging: tab focused event="tab.focus" subsystem="tab" outcome="ok" workspace_id="wK" tab_id="wK:t6"
2026-07-29T16:04:34.636012Z  INFO herdr::logging: tab focused event="tab.focus" subsystem="tab" outcome="ok" workspace_id="wK" tab_id="wK:t5"
2026-07-29T16:04:39.649898Z  INFO herdr::logging: session saved event="persist.save" subsystem="persist" outcome="ok" path=/home/jacky/.config/herdr/session.json workspaces=1
2026-07-29T16:04:48.445035Z  INFO herdr::logging: tab focused event="tab.focus" subsystem="tab" outcome="ok" workspace_id="wK" tab_id="wK:t6"
2026-07-29T16:04:53.470403Z  INFO herdr::logging: session saved event="persist.save" subsystem="persist" outcome="ok" path=/home/jacky/.config/herdr/session.json workspaces=1
2026-07-29T16:05:15.294220Z  INFO herdr::logging: tab focused event="tab.focus" subsystem="tab" outcome="ok" workspace_id="wK" tab_id="wK:t5"
2026-07-29T16:05:20.316959Z  INFO herdr::logging: session saved event="persist.save" subsystem="persist" outcome="ok" path=/home/jacky/.config/herdr/session.json workspaces=1
2026-07-29T16:05:22.179111Z  INFO herdr::logging: tab focused event="tab.focus" subsystem="tab" outcome="ok" workspace_id="wK" tab_id="wK:t4"
2026-07-29T16:05:26.825261Z  INFO herdr::logging: tab focused event="tab.focus" subsystem="tab" outcome="ok" workspace_id="wK" tab_id="wK:t5"
2026-07-29T16:05:28.052373Z  INFO herdr::logging: tab focused event="tab.focus" subsystem="tab" outcome="ok" workspace_id="wK" tab_id="wK:t6"
2026-07-29T16:05:33.072092Z  INFO herdr::logging: session saved event="persist.save" subsystem="persist" outcome="ok" path=/home/jacky/.config/herdr/session.json workspaces=1
2026-07-29T16:05:45.751719Z  INFO herdr::app::actions: copied selection to clipboard
2026-07-29T16:05:49.448676Z  INFO herdr::logging: tab focused event="tab.focus" subsystem="tab" outcome="ok" workspace_id="wK" tab_id="wK:t4"
2026-07-29T16:05:54.476207Z  INFO herdr::logging: session saved event="persist.save" subsystem="persist" outcome="ok" path=/home/jacky/.config/herdr/session.json workspaces=1
2026-07-29T16:07:04.147652Z  INFO herdr::logging: tab focused event="tab.focus" subsystem="tab" outcome="ok" workspace_id="wK" tab_id="wK:t5"
2026-07-29T16:07:04.675482Z  INFO herdr::logging: tab focused event="tab.focus" subsystem="tab" outcome="ok" workspace_id="wK" tab_id="wK:t6"
2026-07-29T16:07:09.693044Z  INFO herdr::logging: session saved event="persist.save" subsystem="persist" outcome="ok" path=/home/jacky/.config/herdr/session.json workspaces=1
2026-07-29T16:07:13.822073Z  INFO herdr::logging: tab focused event="tab.focus" subsystem="tab" outcome="ok" workspace_id="wK" tab_id="wK:t5"
2026-07-29T16:07:14.219576Z  INFO herdr::logging: tab focused event="tab.focus" subsystem="tab" outcome="ok" workspace_id="wK" tab_id="wK:t4"
2026-07-29T16:07:16.963805Z  INFO herdr::logging: tab focused event="tab.focus" subsystem="tab" outcome="ok" workspace_id="wK" tab_id="wK:t5"
2026-07-29T16:07:17.227544Z  INFO herdr::logging: tab focused event="tab.focus" subsystem="tab" outcome="ok" workspace_id="wK" tab_id="wK:t6"
2026-07-29T16:07:18.215830Z  INFO herdr::logging: tab focused event="tab.focus" subsystem="tab" outcome="ok" workspace_id="wK" tab_id="wK:t5"
2026-07-29T16:07:18.657627Z  INFO herdr::logging: tab focused event="tab.focus" subsystem="tab" outcome="ok" workspace_id="wK" tab_id="wK:t4"
2026-07-29T16:07:23.660444Z  INFO herdr::logging: session saved event="persist.save" subsystem="persist" outcome="ok" path=/home/jacky/.config/herdr/session.json workspaces=1
2026-07-29T16:07:40.472336Z  INFO herdr::logging: tab focused event="tab.focus" subsystem="tab" outcome="ok" workspace_id="wK" tab_id="wK:t5"
2026-07-29T16:07:43.203707Z  INFO herdr::logging: tab focused event="tab.focus" subsystem="tab" outcome="ok" workspace_id="wK" tab_id="wK:t4"
2026-07-29T16:07:44.166240Z  INFO herdr::pane: agent changed pane=3 previous_agent=None agent=Some(OpenCode) process=opencode pgid=Some(476451)
2026-07-29T16:07:45.244059Z  INFO herdr::logging: tab focused event="tab.focus" subsystem="tab" outcome="ok" workspace_id="wK" tab_id="wK:t5"
2026-07-29T16:07:50.246182Z  INFO herdr::logging: session saved event="persist.save" subsystem="persist" outcome="ok" path=/home/jacky/.config/herdr/session.json workspaces=1
2026-07-29T16:10:25.337977Z  INFO herdr::logging: tab focused event="tab.focus" subsystem="tab" outcome="ok" workspace_id="wK" tab_id="wK:t4"
2026-07-29T16:10:30.340715Z  INFO herdr::logging: session saved event="persist.save" subsystem="persist" outcome="ok" path=/home/jacky/.config/herdr/session.json workspaces=1
2026-07-29T16:10:54.148138Z  INFO herdr::logging: tab focused event="tab.focus" subsystem="tab" outcome="ok" workspace_id="wK" tab_id="wK:t5"
2026-07-29T16:10:59.151105Z  INFO herdr::logging: session saved event="persist.save" subsystem="persist" outcome="ok" path=/home/jacky/.config/herdr/session.json workspaces=1
2026-07-29T16:15:18.162457Z  INFO herdr::logging: tab focused event="tab.focus" subsystem="tab" outcome="ok" workspace_id="wK" tab_id="wK:t4"
2026-07-29T16:15:23.165525Z  INFO herdr::logging: session saved event="persist.save" subsystem="persist" outcome="ok" path=/home/jacky/.config/herdr/session.json workspaces=1
2026-07-29T16:16:35.395743Z  INFO herdr::logging: tab focused event="tab.focus" subsystem="tab" outcome="ok" workspace_id="wK" tab_id="wK:t5"
2026-07-29T16:16:39.106965Z  INFO herdr::logging: checking for updates event="update.check.start" subsystem="update" outcome="started"
2026-07-29T16:16:40.398918Z  INFO herdr::logging: session saved event="persist.save" subsystem="persist" outcome="ok" path=/home/jacky/.config/herdr/session.json workspaces=1
2026-07-29T16:17:57.665098Z  INFO herdr::logging: tab focused event="tab.focus" subsystem="tab" outcome="ok" workspace_id="wK" tab_id="wK:t4"
2026-07-29T16:18:00.223377Z  INFO herdr::pane: agent changed pane=3 previous_agent=Some(OpenCode) agent=None pgid=Some(22197)
2026-07-29T16:18:04.924705Z  INFO herdr::logging: session saved event="persist.save" subsystem="persist" outcome="ok" path=/home/jacky/.config/herdr/session.json workspaces=1
2026-07-29T16:18:39.162119Z  INFO herdr::logging: tab focused event="tab.focus" subsystem="tab" outcome="ok" workspace_id="wK" tab_id="wK:t5"
2026-07-29T16:18:44.166873Z  INFO herdr::logging: session saved event="persist.save" subsystem="persist" outcome="ok" path=/home/jacky/.config/herdr/session.json workspaces=1
2026-07-29T16:20:45.115292Z  INFO herdr::pane: agent changed pane=4 previous_agent=None agent=Some(OpenCode) process=opencode pgid=Some(272021)
2026-07-29T16:20:50.015446Z  INFO herdr::logging: session saved event="persist.save" subsystem="persist" outcome="ok" path=/home/jacky/.config/herdr/session.json workspaces=1
2026-07-29T16:23:17.210692Z  INFO herdr::logging: session saved event="persist.save" subsystem="persist" outcome="ok" path=/home/jacky/.config/herdr/session.json workspaces=1
2026-07-29T16:24:05.538981Z  INFO herdr::logging: session saved event="persist.save" subsystem="persist" outcome="ok" path=/home/jacky/.config/herdr/session.json workspaces=1
2026-07-29T16:24:12.790475Z  INFO herdr::logging: tab focused event="tab.focus" subsystem="tab" outcome="ok" workspace_id="wK" tab_id="wK:t4"
2026-07-29T16:24:15.872955Z  INFO herdr::logging: tab focused event="tab.focus" subsystem="tab" outcome="ok" workspace_id="wK" tab_id="wK:t5"
2026-07-29T16:24:17.361327Z  INFO herdr::logging: tab focused event="tab.focus" subsystem="tab" outcome="ok" workspace_id="wK" tab_id="wK:t6"
2026-07-29T16:24:18.451983Z  INFO herdr::logging: tab focused event="tab.focus" subsystem="tab" outcome="ok" workspace_id="wK" tab_id="wK:t5"
2026-07-29T16:24:23.471083Z  INFO herdr::logging: session saved event="persist.save" subsystem="persist" outcome="ok" path=/home/jacky/.config/herdr/session.json workspaces=1
2026-07-29T16:33:06.842394Z  INFO herdr::logging: tab focused event="tab.focus" subsystem="tab" outcome="ok" workspace_id="wK" tab_id="wK:t4"
2026-07-29T16:33:11.847183Z  INFO herdr::logging: session saved event="persist.save" subsystem="persist" outcome="ok" path=/home/jacky/.config/herdr/session.json workspaces=1
2026-07-29T16:33:27.011933Z  INFO herdr::app::actions: copied selection to clipboard
2026-07-29T16:33:32.980795Z  INFO herdr::logging: tab focused event="tab.focus" subsystem="tab" outcome="ok" workspace_id="wK" tab_id="wK:t5"
2026-07-29T16:33:37.985995Z  INFO herdr::logging: session saved event="persist.save" subsystem="persist" outcome="ok" path=/home/jacky/.config/herdr/session.json workspaces=1
2026-07-29T16:37:58.875434Z  INFO herdr::logging: tab focused event="tab.focus" subsystem="tab" outcome="ok" workspace_id="wK" tab_id="wK:t4"
2026-07-29T16:38:03.881770Z  INFO herdr::logging: session saved event="persist.save" subsystem="persist" outcome="ok" path=/home/jacky/.config/herdr/session.json workspaces=1
2026-07-29T16:39:03.467554Z  INFO herdr::logging: tab focused event="tab.focus" subsystem="tab" outcome="ok" workspace_id="wK" tab_id="wK:t5"
2026-07-29T16:39:08.472276Z  INFO herdr::logging: session saved event="persist.save" subsystem="persist" outcome="ok" path=/home/jacky/.config/herdr/session.json workspaces=1
2026-07-29T16:40:48.826225Z  INFO herdr::logging: tab focused event="tab.focus" subsystem="tab" outcome="ok" workspace_id="wK" tab_id="wK:t4"
2026-07-29T16:40:53.832183Z  INFO herdr::logging: session saved event="persist.save" subsystem="persist" outcome="ok" path=/home/jacky/.config/herdr/session.json workspaces=1
2026-07-29T16:41:05.273409Z  INFO herdr::logging: tab focused event="tab.focus" subsystem="tab" outcome="ok" workspace_id="wK" tab_id="wK:t5"
2026-07-29T16:41:10.281272Z  INFO herdr::logging: session saved event="persist.save" subsystem="persist" outcome="ok" path=/home/jacky/.config/herdr/session.json workspaces=1
2026-07-29T16:41:16.007873Z  INFO herdr::logging: tab focused event="tab.focus" subsystem="tab" outcome="ok" workspace_id="wK" tab_id="wK:t4"
2026-07-29T16:41:21.012489Z  INFO herdr::logging: session saved event="persist.save" subsystem="persist" outcome="ok" path=/home/jacky/.config/herdr/session.json workspaces=1
2026-07-29T16:41:22.241163Z  INFO herdr::app::actions: copied selection to clipboard
2026-07-29T16:41:25.570132Z  INFO herdr::logging: tab focused event="tab.focus" subsystem="tab" outcome="ok" workspace_id="wK" tab_id="wK:t5"
2026-07-29T16:41:30.574582Z  INFO herdr::logging: session saved event="persist.save" subsystem="persist" outcome="ok" path=/home/jacky/.config/herdr/session.json workspaces=1
2026-07-29T16:42:45.430103Z  INFO herdr::logging: tab focused event="tab.focus" subsystem="tab" outcome="ok" workspace_id="wK" tab_id="wK:t4"
2026-07-29T16:42:47.500198Z  INFO herdr::logging: tab focused event="tab.focus" subsystem="tab" outcome="ok" workspace_id="wK" tab_id="wK:t5"
2026-07-29T16:42:52.505647Z  INFO herdr::logging: session saved event="persist.save" subsystem="persist" outcome="ok" path=/home/jacky/.config/herdr/session.json workspaces=1
2026-07-29T16:43:04.894251Z  INFO herdr::logging: tab focused event="tab.focus" subsystem="tab" outcome="ok" workspace_id="wK" tab_id="wK:t4"
2026-07-29T16:43:09.900408Z  INFO herdr::logging: session saved event="persist.save" subsystem="persist" outcome="ok" path=/home/jacky/.config/herdr/session.json workspaces=1
2026-07-29T16:43:37.361909Z  INFO herdr::logging: tab focused event="tab.focus" subsystem="tab" outcome="ok" workspace_id="wK" tab_id="wK:t5"
2026-07-29T16:43:42.369519Z  INFO herdr::logging: session saved event="persist.save" subsystem="persist" outcome="ok" path=/home/jacky/.config/herdr/session.json workspaces=1
2026-07-29T16:46:39.107937Z  INFO herdr::logging: checking for updates event="update.check.start" subsystem="update" outcome="started"
2026-07-29T16:54:55.454752Z  INFO herdr::logging: tab focused event="tab.focus" subsystem="tab" outcome="ok" workspace_id="wK" tab_id="wK:t4"
2026-07-29T16:55:00.459107Z  INFO herdr::logging: session saved event="persist.save" subsystem="persist" outcome="ok" path=/home/jacky/.config/herdr/session.json workspaces=1
2026-07-29T16:55:22.322006Z  INFO herdr::logging: tab focused event="tab.focus" subsystem="tab" outcome="ok" workspace_id="wK" tab_id="wK:t5"
2026-07-29T16:55:27.330459Z  INFO herdr::logging: session saved event="persist.save" subsystem="persist" outcome="ok" path=/home/jacky/.config/herdr/session.json workspaces=1
2026-07-29T16:57:07.996550Z  INFO herdr::logging: tab focused event="tab.focus" subsystem="tab" outcome="ok" workspace_id="wK" tab_id="wK:t4"
2026-07-29T16:57:13.001347Z  INFO herdr::logging: session saved event="persist.save" subsystem="persist" outcome="ok" path=/home/jacky/.config/herdr/session.json workspaces=1
2026-07-29T16:57:17.600689Z  INFO herdr::logging: tab focused event="tab.focus" subsystem="tab" outcome="ok" workspace_id="wK" tab_id="wK:t5"
2026-07-29T16:57:22.328207Z  INFO herdr::logging: tab focused event="tab.focus" subsystem="tab" outcome="ok" workspace_id="wK" tab_id="wK:t4"
2026-07-29T16:57:27.338553Z  INFO herdr::logging: session saved event="persist.save" subsystem="persist" outcome="ok" path=/home/jacky/.config/herdr/session.json workspaces=1
2026-07-29T16:57:54.362965Z  INFO herdr::app::actions: copied selection to clipboard
2026-07-29T16:57:56.020090Z  INFO herdr::logging: tab focused event="tab.focus" subsystem="tab" outcome="ok" workspace_id="wK" tab_id="wK:t5"
2026-07-29T16:58:01.024438Z  INFO herdr::logging: session saved event="persist.save" subsystem="persist" outcome="ok" path=/home/jacky/.config/herdr/session.json workspaces=1
2026-07-29T16:58:31.570230Z  INFO herdr::logging: tab focused event="tab.focus" subsystem="tab" outcome="ok" workspace_id="wK" tab_id="wK:t6"
2026-07-29T16:58:36.584063Z  INFO herdr::logging: session saved event="persist.save" subsystem="persist" outcome="ok" path=/home/jacky/.config/herdr/session.json workspaces=1
2026-07-29T16:58:36.845329Z  INFO herdr::logging: tab focused event="tab.focus" subsystem="tab" outcome="ok" workspace_id="wK" tab_id="wK:t5"
2026-07-29T16:58:41.863026Z  INFO herdr::logging: session saved event="persist.save" subsystem="persist" outcome="ok" path=/home/jacky/.config/herdr/session.json workspaces=1
2026-07-29T16:59:07.946132Z  INFO herdr::logging: tab focused event="tab.focus" subsystem="tab" outcome="ok" workspace_id="wK" tab_id="wK:t6"
2026-07-29T16:59:12.962618Z  INFO herdr::logging: session saved event="persist.save" subsystem="persist" outcome="ok" path=/home/jacky/.config/herdr/session.json workspaces=1
2026-07-29T16:59:16.848396Z  INFO herdr::app::actions: copied selection to clipboard
2026-07-29T16:59:17.965761Z  INFO herdr::logging: tab focused event="tab.focus" subsystem="tab" outcome="ok" workspace_id="wK" tab_id="wK:t5"
2026-07-29T16:59:22.981572Z  INFO herdr::logging: session saved event="persist.save" subsystem="persist" outcome="ok" path=/home/jacky/.config/herdr/session.json workspaces=1
2026-07-29T17:08:59.352559Z  INFO herdr::logging: tab focused event="tab.focus" subsystem="tab" outcome="ok" workspace_id="wK" tab_id="wK:t6"
2026-07-29T17:09:04.367594Z  INFO herdr::logging: session saved event="persist.save" subsystem="persist" outcome="ok" path=/home/jacky/.config/herdr/session.json workspaces=1
2026-07-29T17:16:39.108733Z  INFO herdr::logging: checking for updates event="update.check.start" subsystem="update" outcome="started"
2026-07-29T17:25:17.618821Z  INFO herdr::logging: pane child exited event="pane.exit" subsystem="pane" outcome="completed" pane_id=5 status="ExitStatus { code: 0, signal: None }"
2026-07-29T17:25:17.619724Z  INFO herdr::pane: pane session terminated pane=5 pid=121893 signal=Hangup
2026-07-29T17:25:22.622453Z  INFO herdr::logging: session saved event="persist.save" subsystem="persist" outcome="ok" path=/home/jacky/.config/herdr/session.json workspaces=1
2026-07-29T17:25:23.411076Z  INFO herdr::pane: agent changed pane=4 previous_agent=Some(OpenCode) agent=None pgid=Some(22203)
2026-07-29T17:25:24.133710Z  INFO herdr::logging: pane child exited event="pane.exit" subsystem="pane" outcome="completed" pane_id=4 status="ExitStatus { code: 0, signal: None }"
2026-07-29T17:25:24.133836Z  INFO herdr::pane: pane session terminated pane=4 pid=22203 signal=Hangup
2026-07-29T17:25:26.330143Z  INFO herdr::logging: pane child exited event="pane.exit" subsystem="pane" outcome="completed" pane_id=3 status="ExitStatus { code: 0, signal: None }"
2026-07-29T17:25:26.332217Z  INFO herdr::pane: pane session terminated pane=3 pid=22197 signal=Hangup
2026-07-29T17:25:26.332870Z  INFO herdr::logging: spawning pane terminal event="pane.spawn.start" subsystem="pane" outcome="started" pane_id=14 rows=68 cols=131 scrollback_limit_bytes=10000000
2026-07-29T17:25:26.334317Z  INFO herdr::logging: pane child spawned event="pane.spawned" subsystem="pane" outcome="ok" pane_id=14 pid=1347419
2026-07-29T17:25:26.334505Z  INFO herdr::logging: workspace created event="workspace.create" subsystem="workspace" outcome="ok" workspace_id="wM" pane_id=14
2026-07-29T17:25:26.334526Z  INFO herdr::logging: workspace focused event="workspace.focus" subsystem="workspace" outcome="ok" workspace_id="wM"
2026-07-29T17:25:26.334620Z  INFO herdr::logging: tab focused event="tab.focus" subsystem="tab" outcome="ok" workspace_id="wM" tab_id="wM:t1"
2026-07-29T17:25:26.374342Z  INFO herdr::logging: pane child exited event="pane.exit" subsystem="pane" outcome="completed" pane_id=14 status="ExitStatus { code: 1, signal: None }"
2026-07-29T17:25:26.380998Z  INFO herdr::pane: pane session terminated pane=14 pid=1347419 signal=Hangup
2026-07-29T17:25:26.381179Z  INFO herdr::logging: spawning pane terminal event="pane.spawn.start" subsystem="pane" outcome="started" pane_id=15 rows=68 cols=131 scrollback_limit_bytes=10000000
2026-07-29T17:25:26.382513Z  INFO herdr::logging: pane child spawned event="pane.spawned" subsystem="pane" outcome="ok" pane_id=15 pid=1347443
2026-07-29T17:25:26.382707Z  INFO herdr::logging: workspace created event="workspace.create" subsystem="workspace" outcome="ok" workspace_id="wN" pane_id=15
2026-07-29T17:25:26.382718Z  INFO herdr::logging: workspace focused event="workspace.focus" subsystem="workspace" outcome="ok" workspace_id="wN"
2026-07-29T17:25:26.382779Z  INFO herdr::logging: tab focused event="tab.focus" subsystem="tab" outcome="ok" workspace_id="wN" tab_id="wN:t1"
2026-07-29T17:25:26.419796Z  INFO herdr::logging: pane child exited event="pane.exit" subsystem="pane" outcome="completed" pane_id=15 status="ExitStatus { code: 1, signal: None }"
2026-07-29T17:25:26.426404Z  INFO herdr::pane: pane session terminated pane=15 pid=1347443 signal=Hangup
2026-07-29T17:25:26.426618Z  INFO herdr::logging: spawning pane terminal event="pane.spawn.start" subsystem="pane" outcome="started" pane_id=16 rows=68 cols=131 scrollback_limit_bytes=10000000
2026-07-29T17:25:26.429002Z  INFO herdr::logging: pane child spawned event="pane.spawned" subsystem="pane" outcome="ok" pane_id=16 pid=1347450
2026-07-29T17:25:26.429153Z  INFO herdr::logging: workspace created event="workspace.create" subsystem="workspace" outcome="ok" workspace_id="wP" pane_id=16
2026-07-29T17:25:26.429162Z  INFO herdr::logging: workspace focused event="workspace.focus" subsystem="workspace" outcome="ok" workspace_id="wP"
2026-07-29T17:25:26.429219Z  INFO herdr::logging: tab focused event="tab.focus" subsystem="tab" outcome="ok" workspace_id="wP" tab_id="wP:t1"
2026-07-29T17:25:26.465986Z  INFO herdr::logging: pane child exited event="pane.exit" subsystem="pane" outcome="completed" pane_id=16 status="ExitStatus { code: 1, signal: None }"
2026-07-29T17:25:26.466102Z  INFO herdr::pane: pane session terminated pane=16 pid=1347450 signal=Hangup
2026-07-29T17:25:26.466297Z  INFO herdr::logging: spawning pane terminal event="pane.spawn.start" subsystem="pane" outcome="started" pane_id=17 rows=68 cols=131 scrollback_limit_bytes=10000000
2026-07-29T17:25:26.467476Z  INFO herdr::logging: pane child spawned event="pane.spawned" subsystem="pane" outcome="ok" pane_id=17 pid=1347458
2026-07-29T17:25:26.467642Z  INFO herdr::logging: workspace created event="workspace.create" subsystem="workspace" outcome="ok" workspace_id="wQ" pane_id=17
2026-07-29T17:25:26.467652Z  INFO herdr::logging: workspace focused event="workspace.focus" subsystem="workspace" outcome="ok" workspace_id="wQ"
2026-07-29T17:25:26.467723Z  INFO herdr::logging: tab focused event="tab.focus" subsystem="tab" outcome="ok" workspace_id="wQ" tab_id="wQ:t1"
2026-07-29T17:25:26.503720Z  INFO herdr::logging: pane child exited event="pane.exit" subsystem="pane" outcome="completed" pane_id=17 status="ExitStatus { code: 1, signal: None }"
2026-07-29T17:25:26.510392Z  INFO herdr::pane: pane session terminated pane=17 pid=1347458 signal=Hangup
2026-07-29T17:25:26.510611Z  INFO herdr::logging: spawning pane terminal event="pane.spawn.start" subsystem="pane" outcome="started" pane_id=18 rows=68 cols=131 scrollback_limit_bytes=10000000
2026-07-29T17:25:26.512109Z  INFO herdr::logging: pane child spawned event="pane.spawned" subsystem="pane" outcome="ok" pane_id=18 pid=1347465
2026-07-29T17:25:26.512272Z  INFO herdr::logging: workspace created event="workspace.create" subsystem="workspace" outcome="ok" workspace_id="wR" pane_id=18
2026-07-29T17:25:26.512295Z  INFO herdr::logging: workspace focused event="workspace.focus" subsystem="workspace" outcome="ok" workspace_id="wR"
2026-07-29T17:25:26.512357Z  INFO herdr::logging: tab focused event="tab.focus" subsystem="tab" outcome="ok" workspace_id="wR" tab_id="wR:t1"
2026-07-29T17:25:26.549577Z  INFO herdr::logging: pane child exited event="pane.exit" subsystem="pane" outcome="completed" pane_id=18 status="ExitStatus { code: 1, signal: None }"
2026-07-29T17:25:26.556459Z  INFO herdr::pane: pane session terminated pane=18 pid=1347465 signal=Hangup
2026-07-29T17:25:26.556649Z  INFO herdr::logging: spawning pane terminal event="pane.spawn.start" subsystem="pane" outcome="started" pane_id=19 rows=68 cols=131 scrollback_limit_bytes=10000000
2026-07-29T17:25:26.557984Z  INFO herdr::logging: pane child spawned event="pane.spawned" subsystem="pane" outcome="ok" pane_id=19 pid=1347488
2026-07-29T17:25:26.558156Z  INFO herdr::logging: workspace created event="workspace.create" subsystem="workspace" outcome="ok" workspace_id="wS" pane_id=19
2026-07-29T17:25:26.558168Z  INFO herdr::logging: workspace focused event="workspace.focus" subsystem="workspace" outcome="ok" workspace_id="wS"
2026-07-29T17:25:26.558226Z  INFO herdr::logging: tab focused event="tab.focus" subsystem="tab" outcome="ok" workspace_id="wS" tab_id="wS:t1"
2026-07-29T17:25:26.593742Z  INFO herdr::logging: pane child exited event="pane.exit" subsystem="pane" outcome="completed" pane_id=19 status="ExitStatus { code: 1, signal: None }"
2026-07-29T17:25:26.600973Z  INFO herdr::pane: pane session terminated pane=19 pid=1347488 signal=Hangup
2026-07-29T17:25:26.601221Z  INFO herdr::logging: spawning pane terminal event="pane.spawn.start" subsystem="pane" outcome="started" pane_id=20 rows=68 cols=131 scrollback_limit_bytes=10000000
2026-07-29T17:25:26.602689Z  INFO herdr::logging: pane child spawned event="pane.spawned" subsystem="pane" outcome="ok" pane_id=20 pid=1347495
2026-07-29T17:25:26.602854Z  INFO herdr::logging: workspace created event="workspace.create" subsystem="workspace" outcome="ok" workspace_id="wT" pane_id=20
2026-07-29T17:25:26.602864Z  INFO herdr::logging: workspace focused event="workspace.focus" subsystem="workspace" outcome="ok" workspace_id="wT"
2026-07-29T17:25:26.602928Z  INFO herdr::logging: tab focused event="tab.focus" subsystem="tab" outcome="ok" workspace_id="wT" tab_id="wT:t1"
2026-07-29T17:25:26.640274Z  INFO herdr::logging: pane child exited event="pane.exit" subsystem="pane" outcome="completed" pane_id=20 status="ExitStatus { code: 1, signal: None }"
2026-07-29T17:25:26.646757Z  INFO herdr::pane: pane session terminated pane=20 pid=1347495 signal=Hangup
2026-07-29T17:25:26.646976Z  INFO herdr::logging: spawning pane terminal event="pane.spawn.start" subsystem="pane" outcome="started" pane_id=21 rows=68 cols=131 scrollback_limit_bytes=10000000
2026-07-29T17:25:26.648388Z  INFO herdr::logging: pane child spawned event="pane.spawned" subsystem="pane" outcome="ok" pane_id=21 pid=1347502
2026-07-29T17:25:26.648522Z  INFO herdr::logging: workspace created event="workspace.create" subsystem="workspace" outcome="ok" workspace_id="wV" pane_id=21
2026-07-29T17:25:26.648531Z  INFO herdr::logging: workspace focused event="workspace.focus" subsystem="workspace" outcome="ok" workspace_id="wV"
2026-07-29T17:25:26.648591Z  INFO herdr::logging: tab focused event="tab.focus" subsystem="tab" outcome="ok" workspace_id="wV" tab_id="wV:t1"
2026-07-29T17:25:26.683911Z  INFO herdr::logging: pane child exited event="pane.exit" subsystem="pane" outcome="completed" pane_id=21 status="ExitStatus { code: 1, signal: None }"
2026-07-29T17:25:26.690407Z  INFO herdr::pane: pane session terminated pane=21 pid=1347502 signal=Hangup
2026-07-29T17:25:26.690603Z  INFO herdr::logging: spawning pane terminal event="pane.spawn.start" subsystem="pane" outcome="started" pane_id=22 rows=68 cols=131 scrollback_limit_bytes=10000000
2026-07-29T17:25:26.691924Z  INFO herdr::logging: pane child spawned event="pane.spawned" subsystem="pane" outcome="ok" pane_id=22 pid=1347509
2026-07-29T17:25:26.692060Z  INFO herdr::logging: workspace created event="workspace.create" subsystem="workspace" outcome="ok" workspace_id="wW" pane_id=22
2026-07-29T17:25:26.692069Z  INFO herdr::logging: workspace focused event="workspace.focus" subsystem="workspace" outcome="ok" workspace_id="wW"
2026-07-29T17:25:26.692126Z  INFO herdr::logging: tab focused event="tab.focus" subsystem="tab" outcome="ok" workspace_id="wW" tab_id="wW:t1"
2026-07-29T17:25:26.727295Z  INFO herdr::logging: pane child exited event="pane.exit" subsystem="pane" outcome="completed" pane_id=22 status="ExitStatus { code: 1, signal: None }"
2026-07-29T17:25:26.727409Z  INFO herdr::pane: pane session terminated pane=22 pid=1347509 signal=Hangup
2026-07-29T17:25:26.727735Z  INFO herdr::logging: spawning pane terminal event="pane.spawn.start" subsystem="pane" outcome="started" pane_id=23 rows=68 cols=131 scrollback_limit_bytes=10000000
2026-07-29T17:25:26.729106Z  INFO herdr::logging: pane child spawned event="pane.spawned" subsystem="pane" outcome="ok" pane_id=23 pid=1347517
2026-07-29T17:25:26.729245Z  INFO herdr::logging: workspace created event="workspace.create" subsystem="workspace" outcome="ok" workspace_id="wX" pane_id=23
2026-07-29T17:25:26.729255Z  INFO herdr::logging: workspace focused event="workspace.focus" subsystem="workspace" outcome="ok" workspace_id="wX"
2026-07-29T17:25:26.729321Z  INFO herdr::logging: tab focused event="tab.focus" subsystem="tab" outcome="ok" workspace_id="wX" tab_id="wX:t1"
2026-07-29T17:25:26.764148Z  INFO herdr::logging: pane child exited event="pane.exit" subsystem="pane" outcome="completed" pane_id=23 status="ExitStatus { code: 1, signal: None }"
2026-07-29T17:25:26.771213Z  INFO herdr::pane: pane session terminated pane=23 pid=1347517 signal=Hangup
2026-07-29T17:25:26.771442Z  INFO herdr::logging: spawning pane terminal event="pane.spawn.start" subsystem="pane" outcome="started" pane_id=24 rows=68 cols=131 scrollback_limit_bytes=10000000
2026-07-29T17:25:26.772933Z  INFO herdr::logging: pane child spawned event="pane.spawned" subsystem="pane" outcome="ok" pane_id=24 pid=1347524
2026-07-29T17:25:26.773089Z  INFO herdr::logging: workspace created event="workspace.create" subsystem="workspace" outcome="ok" workspace_id="wY" pane_id=24
2026-07-29T17:25:26.773099Z  INFO herdr::logging: workspace focused event="workspace.focus" subsystem="workspace" outcome="ok" workspace_id="wY"
2026-07-29T17:25:26.773158Z  INFO herdr::logging: tab focused event="tab.focus" subsystem="tab" outcome="ok" workspace_id="wY" tab_id="wY:t1"
2026-07-29T17:25:26.810438Z  INFO herdr::logging: pane child exited event="pane.exit" subsystem="pane" outcome="completed" pane_id=24 status="ExitStatus { code: 1, signal: None }"
2026-07-29T17:25:26.816921Z  INFO herdr::pane: pane session terminated pane=24 pid=1347524 signal=Hangup
2026-07-29T17:25:26.817144Z  INFO herdr::logging: spawning pane terminal event="pane.spawn.start" subsystem="pane" outcome="started" pane_id=25 rows=68 cols=131 scrollback_limit_bytes=10000000
2026-07-29T17:25:26.818680Z  INFO herdr::logging: pane child spawned event="pane.spawned" subsystem="pane" outcome="ok" pane_id=25 pid=1347531
2026-07-29T17:25:26.818855Z  INFO herdr::logging: workspace created event="workspace.create" subsystem="workspace" outcome="ok" workspace_id="wZ" pane_id=25
2026-07-29T17:25:26.818865Z  INFO herdr::logging: workspace focused event="workspace.focus" subsystem="workspace" outcome="ok" workspace_id="wZ"
2026-07-29T17:25:26.818921Z  INFO herdr::logging: tab focused event="tab.focus" subsystem="tab" outcome="ok" workspace_id="wZ" tab_id="wZ:t1"
2026-07-29T17:25:26.854973Z  INFO herdr::logging: pane child exited event="pane.exit" subsystem="pane" outcome="completed" pane_id=25 status="ExitStatus { code: 1, signal: None }"
2026-07-29T17:25:26.861444Z  INFO herdr::pane: pane session terminated pane=25 pid=1347531 signal=Hangup
2026-07-29T17:25:26.861703Z  INFO herdr::logging: spawning pane terminal event="pane.spawn.start" subsystem="pane" outcome="started" pane_id=26 rows=68 cols=131 scrollback_limit_bytes=10000000
2026-07-29T17:25:26.863233Z  INFO herdr::logging: pane child spawned event="pane.spawned" subsystem="pane" outcome="ok" pane_id=26 pid=1347538
2026-07-29T17:25:26.863410Z  INFO herdr::logging: workspace created event="workspace.create" subsystem="workspace" outcome="ok" workspace_id="w0" pane_id=26
2026-07-29T17:25:26.863419Z  INFO herdr::logging: workspace focused event="workspace.focus" subsystem="workspace" outcome="ok" workspace_id="w0"
2026-07-29T17:25:26.863477Z  INFO herdr::logging: tab focused event="tab.focus" subsystem="tab" outcome="ok" workspace_id="w0" tab_id="w0:t1"
2026-07-29T17:25:26.900010Z  INFO herdr::logging: pane child exited event="pane.exit" subsystem="pane" outcome="completed" pane_id=26 status="ExitStatus { code: 1, signal: None }"
2026-07-29T17:25:26.906882Z  INFO herdr::pane: pane session terminated pane=26 pid=1347538 signal=Hangup
2026-07-29T17:25:26.907121Z  INFO herdr::logging: spawning pane terminal event="pane.spawn.start" subsystem="pane" outcome="started" pane_id=27 rows=68 cols=131 scrollback_limit_bytes=10000000
2026-07-29T17:25:26.908610Z  INFO herdr::logging: pane child spawned event="pane.spawned" subsystem="pane" outcome="ok" pane_id=27 pid=1347545
2026-07-29T17:25:26.908792Z  INFO herdr::logging: workspace created event="workspace.create" subsystem="workspace" outcome="ok" workspace_id="w11" pane_id=27
2026-07-29T17:25:26.908803Z  INFO herdr::logging: workspace focused event="workspace.focus" subsystem="workspace" outcome="ok" workspace_id="w11"
2026-07-29T17:25:26.908868Z  INFO herdr::logging: tab focused event="tab.focus" subsystem="tab" outcome="ok" workspace_id="w11" tab_id="w11:t1"
2026-07-29T17:25:26.945255Z  INFO herdr::logging: pane child exited event="pane.exit" subsystem="pane" outcome="completed" pane_id=27 status="ExitStatus { code: 1, signal: None }"
2026-07-29T17:25:26.951862Z  INFO herdr::pane: pane session terminated pane=27 pid=1347545 signal=Hangup
2026-07-29T17:25:26.952100Z  INFO herdr::logging: spawning pane terminal event="pane.spawn.start" subsystem="pane" outcome="started" pane_id=28 rows=68 cols=131 scrollback_limit_bytes=10000000
2026-07-29T17:25:26.953609Z  INFO herdr::logging: pane child spawned event="pane.spawned" subsystem="pane" outcome="ok" pane_id=28 pid=1347552
2026-07-29T17:25:26.953804Z  INFO herdr::logging: workspace created event="workspace.create" subsystem="workspace" outcome="ok" workspace_id="w12" pane_id=28
2026-07-29T17:25:26.953815Z  INFO herdr::logging: workspace focused event="workspace.focus" subsystem="workspace" outcome="ok" workspace_id="w12"
2026-07-29T17:25:26.953871Z  INFO herdr::logging: tab focused event="tab.focus" subsystem="tab" outcome="ok" workspace_id="w12" tab_id="w12:t1"
2026-07-29T17:25:26.988836Z  INFO herdr::logging: pane child exited event="pane.exit" subsystem="pane" outcome="completed" pane_id=28 status="ExitStatus { code: 1, signal: None }"
2026-07-29T17:25:26.995659Z  INFO herdr::pane: pane session terminated pane=28 pid=1347552 signal=Hangup
2026-07-29T17:25:26.995866Z  INFO herdr::logging: spawning pane terminal event="pane.spawn.start" subsystem="pane" outcome="started" pane_id=29 rows=68 cols=131 scrollback_limit_bytes=10000000
2026-07-29T17:25:26.997245Z  INFO herdr::logging: pane child spawned event="pane.spawned" subsystem="pane" outcome="ok" pane_id=29 pid=1347560
2026-07-29T17:25:26.997409Z  INFO herdr::logging: workspace created event="workspace.create" subsystem="workspace" outcome="ok" workspace_id="w13" pane_id=29
2026-07-29T17:25:26.997421Z  INFO herdr::logging: workspace focused event="workspace.focus" subsystem="workspace" outcome="ok" workspace_id="w13"
2026-07-29T17:25:26.997508Z  INFO herdr::logging: tab focused event="tab.focus" subsystem="tab" outcome="ok" workspace_id="w13" tab_id="w13:t1"
2026-07-29T17:25:27.034344Z  INFO herdr::logging: pane child exited event="pane.exit" subsystem="pane" outcome="completed" pane_id=29 status="ExitStatus { code: 1, signal: None }"
2026-07-29T17:25:27.040731Z  INFO herdr::pane: pane session terminated pane=29 pid=1347560 signal=Hangup
2026-07-29T17:25:27.040926Z  INFO herdr::logging: spawning pane terminal event="pane.spawn.start" subsystem="pane" outcome="started" pane_id=30 rows=68 cols=131 scrollback_limit_bytes=10000000
2026-07-29T17:25:27.042341Z  INFO herdr::logging: pane child spawned event="pane.spawned" subsystem="pane" outcome="ok" pane_id=30 pid=1347567
2026-07-29T17:25:27.042478Z  INFO herdr::logging: workspace created event="workspace.create" subsystem="workspace" outcome="ok" workspace_id="w14" pane_id=30
2026-07-29T17:25:27.042489Z  INFO herdr::logging: workspace focused event="workspace.focus" subsystem="workspace" outcome="ok" workspace_id="w14"
2026-07-29T17:25:27.042557Z  INFO herdr::logging: tab focused event="tab.focus" subsystem="tab" outcome="ok" workspace_id="w14" tab_id="w14:t1"
2026-07-29T17:25:27.079315Z  INFO herdr::logging: pane child exited event="pane.exit" subsystem="pane" outcome="completed" pane_id=30 status="ExitStatus { code: 1, signal: None }"
2026-07-29T17:25:27.086086Z  INFO herdr::pane: pane session terminated pane=30 pid=1347567 signal=Hangup
2026-07-29T17:25:27.086314Z  INFO herdr::logging: spawning pane terminal event="pane.spawn.start" subsystem="pane" outcome="started" pane_id=31 rows=68 cols=131 scrollback_limit_bytes=10000000
2026-07-29T17:25:27.087917Z  INFO herdr::logging: pane child spawned event="pane.spawned" subsystem="pane" outcome="ok" pane_id=31 pid=1347575
2026-07-29T17:25:27.088100Z  INFO herdr::logging: workspace created event="workspace.create" subsystem="workspace" outcome="ok" workspace_id="w15" pane_id=31
2026-07-29T17:25:27.088111Z  INFO herdr::logging: workspace focused event="workspace.focus" subsystem="workspace" outcome="ok" workspace_id="w15"
2026-07-29T17:25:27.088171Z  INFO herdr::logging: tab focused event="tab.focus" subsystem="tab" outcome="ok" workspace_id="w15" tab_id="w15:t1"
2026-07-29T17:25:27.123930Z  INFO herdr::logging: pane child exited event="pane.exit" subsystem="pane" outcome="completed" pane_id=31 status="ExitStatus { code: 1, signal: None }"
2026-07-29T17:25:27.131147Z  INFO herdr::pane: pane session terminated pane=31 pid=1347575 signal=Hangup
2026-07-29T17:25:27.131338Z  INFO herdr::logging: spawning pane terminal event="pane.spawn.start" subsystem="pane" outcome="started" pane_id=32 rows=68 cols=131 scrollback_limit_bytes=10000000
2026-07-29T17:25:27.132656Z  INFO herdr::logging: pane child spawned event="pane.spawned" subsystem="pane" outcome="ok" pane_id=32 pid=1347582
2026-07-29T17:25:27.132833Z  INFO herdr::logging: workspace created event="workspace.create" subsystem="workspace" outcome="ok" workspace_id="w16" pane_id=32
2026-07-29T17:25:27.132844Z  INFO herdr::logging: workspace focused event="workspace.focus" subsystem="workspace" outcome="ok" workspace_id="w16"
2026-07-29T17:25:27.132903Z  INFO herdr::logging: tab focused event="tab.focus" subsystem="tab" outcome="ok" workspace_id="w16" tab_id="w16:t1"
2026-07-29T17:25:27.169091Z  INFO herdr::logging: pane child exited event="pane.exit" subsystem="pane" outcome="completed" pane_id=32 status="ExitStatus { code: 1, signal: None }"
2026-07-29T17:25:27.175655Z  INFO herdr::pane: pane session terminated pane=32 pid=1347582 signal=Hangup
2026-07-29T17:25:27.175894Z  INFO herdr::logging: spawning pane terminal event="pane.spawn.start" subsystem="pane" outcome="started" pane_id=33 rows=68 cols=131 scrollback_limit_bytes=10000000
2026-07-29T17:25:27.177210Z  INFO herdr::logging: pane child spawned event="pane.spawned" subsystem="pane" outcome="ok" pane_id=33 pid=1347589
2026-07-29T17:25:27.177401Z  INFO herdr::logging: workspace created event="workspace.create" subsystem="workspace" outcome="ok" workspace_id="w17" pane_id=33
2026-07-29T17:25:27.177412Z  INFO herdr::logging: workspace focused event="workspace.focus" subsystem="workspace" outcome="ok" workspace_id="w17"
2026-07-29T17:25:27.177505Z  INFO herdr::logging: tab focused event="tab.focus" subsystem="tab" outcome="ok" workspace_id="w17" tab_id="w17:t1"
2026-07-29T17:25:27.235448Z  INFO herdr::logging: pane child exited event="pane.exit" subsystem="pane" outcome="completed" pane_id=33 status="ExitStatus { code: 1, signal: None }"
2026-07-29T17:25:27.245803Z  INFO herdr::pane: pane session terminated pane=33 pid=1347589 signal=Hangup
2026-07-29T17:25:27.246108Z  INFO herdr::logging: spawning pane terminal event="pane.spawn.start" subsystem="pane" outcome="started" pane_id=34 rows=68 cols=131 scrollback_limit_bytes=10000000
2026-07-29T17:25:27.248330Z  INFO herdr::logging: pane child spawned event="pane.spawned" subsystem="pane" outcome="ok" pane_id=34 pid=1347729
2026-07-29T17:25:27.248616Z  INFO herdr::logging: workspace created event="workspace.create" subsystem="workspace" outcome="ok" workspace_id="w18" pane_id=34
2026-07-29T17:25:27.248636Z  INFO herdr::logging: workspace focused event="workspace.focus" subsystem="workspace" outcome="ok" workspace_id="w18"
2026-07-29T17:25:27.248745Z  INFO herdr::logging: tab focused event="tab.focus" subsystem="tab" outcome="ok" workspace_id="w18" tab_id="w18:t1"
2026-07-29T17:25:27.313285Z  INFO herdr::logging: pane child exited event="pane.exit" subsystem="pane" outcome="completed" pane_id=34 status="ExitStatus { code: 1, signal: None }"
2026-07-29T17:25:27.324357Z  INFO herdr::pane: pane session terminated pane=34 pid=1347729 signal=Hangup
2026-07-29T17:25:27.324721Z  INFO herdr::logging: spawning pane terminal event="pane.spawn.start" subsystem="pane" outcome="started" pane_id=35 rows=68 cols=131 scrollback_limit_bytes=10000000
2026-07-29T17:25:27.326899Z  INFO herdr::logging: pane child spawned event="pane.spawned" subsystem="pane" outcome="ok" pane_id=35 pid=1347736
2026-07-29T17:25:27.327185Z  INFO herdr::logging: workspace created event="workspace.create" subsystem="workspace" outcome="ok" workspace_id="w19" pane_id=35
2026-07-29T17:25:27.327206Z  INFO herdr::logging: workspace focused event="workspace.focus" subsystem="workspace" outcome="ok" workspace_id="w19"
2026-07-29T17:25:27.327297Z  INFO herdr::logging: tab focused event="tab.focus" subsystem="tab" outcome="ok" workspace_id="w19" tab_id="w19:t1"
2026-07-29T17:25:27.377453Z  INFO herdr::logging: pane child exited event="pane.exit" subsystem="pane" outcome="completed" pane_id=35 status="ExitStatus { code: 1, signal: None }"
2026-07-29T17:25:27.384608Z  INFO herdr::pane: pane session terminated pane=35 pid=1347736 signal=Hangup
2026-07-29T17:25:27.384831Z  INFO herdr::logging: spawning pane terminal event="pane.spawn.start" subsystem="pane" outcome="started" pane_id=36 rows=68 cols=131 scrollback_limit_bytes=10000000
2026-07-29T17:25:27.386147Z  INFO herdr::logging: pane child spawned event="pane.spawned" subsystem="pane" outcome="ok" pane_id=36 pid=1347788
2026-07-29T17:25:27.386326Z  INFO herdr::logging: workspace created event="workspace.create" subsystem="workspace" outcome="ok" workspace_id="w1A" pane_id=36
2026-07-29T17:25:27.386337Z  INFO herdr::logging: workspace focused event="workspace.focus" subsystem="workspace" outcome="ok" workspace_id="w1A"
2026-07-29T17:25:27.386395Z  INFO herdr::logging: tab focused event="tab.focus" subsystem="tab" outcome="ok" workspace_id="w1A" tab_id="w1A:t1"
2026-07-29T17:25:27.422072Z  INFO herdr::logging: pane child exited event="pane.exit" subsystem="pane" outcome="completed" pane_id=36 status="ExitStatus { code: 1, signal: None }"
2026-07-29T17:25:27.428876Z  INFO herdr::pane: pane session terminated pane=36 pid=1347788 signal=Hangup
2026-07-29T17:25:27.429062Z  INFO herdr::logging: spawning pane terminal event="pane.spawn.start" subsystem="pane" outcome="started" pane_id=37 rows=68 cols=131 scrollback_limit_bytes=10000000
2026-07-29T17:25:27.430386Z  INFO herdr::logging: pane child spawned event="pane.spawned" subsystem="pane" outcome="ok" pane_id=37 pid=1347795
2026-07-29T17:25:27.430550Z  INFO herdr::logging: workspace created event="workspace.create" subsystem="workspace" outcome="ok" workspace_id="w1B" pane_id=37
2026-07-29T17:25:27.430566Z  INFO herdr::logging: workspace focused event="workspace.focus" subsystem="workspace" outcome="ok" workspace_id="w1B"
2026-07-29T17:25:27.430640Z  INFO herdr::logging: tab focused event="tab.focus" subsystem="tab" outcome="ok" workspace_id="w1B" tab_id="w1B:t1"
2026-07-29T17:25:27.469393Z  INFO herdr::logging: pane child exited event="pane.exit" subsystem="pane" outcome="completed" pane_id=37 status="ExitStatus { code: 1, signal: None }"
2026-07-29T17:25:27.476574Z  INFO herdr::pane: pane session terminated pane=37 pid=1347795 signal=Hangup
2026-07-29T17:25:27.476781Z  INFO herdr::logging: spawning pane terminal event="pane.spawn.start" subsystem="pane" outcome="started" pane_id=38 rows=68 cols=131 scrollback_limit_bytes=10000000
2026-07-29T17:25:27.478172Z  INFO herdr::logging: pane child spawned event="pane.spawned" subsystem="pane" outcome="ok" pane_id=38 pid=1347802
2026-07-29T17:25:27.478321Z  INFO herdr::logging: workspace created event="workspace.create" subsystem="workspace" outcome="ok" workspace_id="w1C" pane_id=38
2026-07-29T17:25:27.478330Z  INFO herdr::logging: workspace focused event="workspace.focus" subsystem="workspace" outcome="ok" workspace_id="w1C"
2026-07-29T17:25:27.478392Z  INFO herdr::logging: tab focused event="tab.focus" subsystem="tab" outcome="ok" workspace_id="w1C" tab_id="w1C:t1"
2026-07-29T17:25:27.513866Z  INFO herdr::logging: pane child exited event="pane.exit" subsystem="pane" outcome="completed" pane_id=38 status="ExitStatus { code: 1, signal: None }"
2026-07-29T17:25:27.521202Z  INFO herdr::pane: pane session terminated pane=38 pid=1347802 signal=Hangup
2026-07-29T17:25:27.521411Z  INFO herdr::logging: spawning pane terminal event="pane.spawn.start" subsystem="pane" outcome="started" pane_id=39 rows=68 cols=131 scrollback_limit_bytes=10000000
2026-07-29T17:25:27.522914Z  INFO herdr::logging: pane child spawned event="pane.spawned" subsystem="pane" outcome="ok" pane_id=39 pid=1347853
2026-07-29T17:25:27.523065Z  INFO herdr::logging: workspace created event="workspace.create" subsystem="workspace" outcome="ok" workspace_id="w1D" pane_id=39
2026-07-29T17:25:27.523076Z  INFO herdr::logging: workspace focused event="workspace.focus" subsystem="workspace" outcome="ok" workspace_id="w1D"
2026-07-29T17:25:27.523140Z  INFO herdr::logging: tab focused event="tab.focus" subsystem="tab" outcome="ok" workspace_id="w1D" tab_id="w1D:t1"
2026-07-29T17:25:27.559711Z  INFO herdr::logging: pane child exited event="pane.exit" subsystem="pane" outcome="completed" pane_id=39 status="ExitStatus { code: 1, signal: None }"
2026-07-29T17:25:27.566876Z  INFO herdr::pane: pane session terminated pane=39 pid=1347853 signal=Hangup
2026-07-29T17:25:27.567094Z  INFO herdr::logging: spawning pane terminal event="pane.spawn.start" subsystem="pane" outcome="started" pane_id=40 rows=68 cols=131 scrollback_limit_bytes=10000000
2026-07-29T17:25:27.568465Z  INFO herdr::logging: pane child spawned event="pane.spawned" subsystem="pane" outcome="ok" pane_id=40 pid=1347894
2026-07-29T17:25:27.568592Z  INFO herdr::logging: workspace created event="workspace.create" subsystem="workspace" outcome="ok" workspace_id="w1E" pane_id=40
2026-07-29T17:25:27.568604Z  INFO herdr::logging: workspace focused event="workspace.focus" subsystem="workspace" outcome="ok" workspace_id="w1E"
2026-07-29T17:25:27.568686Z  INFO herdr::logging: tab focused event="tab.focus" subsystem="tab" outcome="ok" workspace_id="w1E" tab_id="w1E:t1"
2026-07-29T17:25:27.604541Z  INFO herdr::logging: pane child exited event="pane.exit" subsystem="pane" outcome="completed" pane_id=40 status="ExitStatus { code: 1, signal: None }"
2026-07-29T17:25:27.612310Z  INFO herdr::pane: pane session terminated pane=40 pid=1347894 signal=Hangup
2026-07-29T17:25:27.612518Z  INFO herdr::logging: spawning pane terminal event="pane.spawn.start" subsystem="pane" outcome="started" pane_id=41 rows=68 cols=131 scrollback_limit_bytes=10000000
2026-07-29T17:25:27.613966Z  INFO herdr::logging: pane child spawned event="pane.spawned" subsystem="pane" outcome="ok" pane_id=41 pid=1347909
2026-07-29T17:25:27.614128Z  INFO herdr::logging: workspace created event="workspace.create" subsystem="workspace" outcome="ok" workspace_id="w1F" pane_id=41
2026-07-29T17:25:27.614151Z  INFO herdr::logging: workspace focused event="workspace.focus" subsystem="workspace" outcome="ok" workspace_id="w1F"
2026-07-29T17:25:27.614232Z  INFO herdr::logging: tab focused event="tab.focus" subsystem="tab" outcome="ok" workspace_id="w1F" tab_id="w1F:t1"
2026-07-29T17:25:27.651036Z  INFO herdr::logging: pane child exited event="pane.exit" subsystem="pane" outcome="completed" pane_id=41 status="ExitStatus { code: 1, signal: None }"
2026-07-29T17:25:27.657791Z  INFO herdr::pane: pane session terminated pane=41 pid=1347909 signal=Hangup
2026-07-29T17:25:27.658034Z  INFO herdr::logging: spawning pane terminal event="pane.spawn.start" subsystem="pane" outcome="started" pane_id=42 rows=68 cols=131 scrollback_limit_bytes=10000000
2026-07-29T17:25:27.659309Z  INFO herdr::logging: pane child spawned event="pane.spawned" subsystem="pane" outcome="ok" pane_id=42 pid=1347920
2026-07-29T17:25:27.659488Z  INFO herdr::logging: workspace created event="workspace.create" subsystem="workspace" outcome="ok" workspace_id="w1G" pane_id=42
2026-07-29T17:25:27.659498Z  INFO herdr::logging: workspace focused event="workspace.focus" subsystem="workspace" outcome="ok" workspace_id="w1G"
2026-07-29T17:25:27.659558Z  INFO herdr::logging: tab focused event="tab.focus" subsystem="tab" outcome="ok" workspace_id="w1G" tab_id="w1G:t1"
2026-07-29T17:25:27.696204Z  INFO herdr::logging: pane child exited event="pane.exit" subsystem="pane" outcome="completed" pane_id=42 status="ExitStatus { code: 1, signal: None }"
2026-07-29T17:25:27.702953Z  INFO herdr::pane: pane session terminated pane=42 pid=1347920 signal=Hangup
2026-07-29T17:25:27.703144Z  INFO herdr::logging: spawning pane terminal event="pane.spawn.start" subsystem="pane" outcome="started" pane_id=43 rows=68 cols=131 scrollback_limit_bytes=10000000
2026-07-29T17:25:27.704498Z  INFO herdr::logging: pane child spawned event="pane.spawned" subsystem="pane" outcome="ok" pane_id=43 pid=1347927
2026-07-29T17:25:27.704648Z  INFO herdr::logging: workspace created event="workspace.create" subsystem="workspace" outcome="ok" workspace_id="w1H" pane_id=43
2026-07-29T17:25:27.704685Z  INFO herdr::logging: workspace focused event="workspace.focus" subsystem="workspace" outcome="ok" workspace_id="w1H"
2026-07-29T17:25:27.704747Z  INFO herdr::logging: tab focused event="tab.focus" subsystem="tab" outcome="ok" workspace_id="w1H" tab_id="w1H:t1"
2026-07-29T17:25:27.741787Z  INFO herdr::logging: pane child exited event="pane.exit" subsystem="pane" outcome="completed" pane_id=43 status="ExitStatus { code: 1, signal: None }"
2026-07-29T17:25:27.749348Z  INFO herdr::pane: pane session terminated pane=43 pid=1347927 signal=Hangup
2026-07-29T17:25:27.749592Z  INFO herdr::logging: spawning pane terminal event="pane.spawn.start" subsystem="pane" outcome="started" pane_id=44 rows=68 cols=131 scrollback_limit_bytes=10000000
2026-07-29T17:25:27.751105Z  INFO herdr::logging: pane child spawned event="pane.spawned" subsystem="pane" outcome="ok" pane_id=44 pid=1347934
2026-07-29T17:25:27.751283Z  INFO herdr::logging: workspace created event="workspace.create" subsystem="workspace" outcome="ok" workspace_id="w1J" pane_id=44
2026-07-29T17:25:27.751294Z  INFO herdr::logging: workspace focused event="workspace.focus" subsystem="workspace" outcome="ok" workspace_id="w1J"
2026-07-29T17:25:27.751358Z  INFO herdr::logging: tab focused event="tab.focus" subsystem="tab" outcome="ok" workspace_id="w1J" tab_id="w1J:t1"
2026-07-29T17:25:27.789321Z  INFO herdr::logging: pane child exited event="pane.exit" subsystem="pane" outcome="completed" pane_id=44 status="ExitStatus { code: 1, signal: None }"
2026-07-29T17:25:27.796326Z  INFO herdr::pane: pane session terminated pane=44 pid=1347934 signal=Hangup
2026-07-29T17:25:27.796520Z  INFO herdr::logging: spawning pane terminal event="pane.spawn.start" subsystem="pane" outcome="started" pane_id=45 rows=68 cols=131 scrollback_limit_bytes=10000000
2026-07-29T17:25:27.798095Z  INFO herdr::logging: pane child spawned event="pane.spawned" subsystem="pane" outcome="ok" pane_id=45 pid=1347941
2026-07-29T17:25:27.798277Z  INFO herdr::logging: workspace created event="workspace.create" subsystem="workspace" outcome="ok" workspace_id="w1K" pane_id=45
2026-07-29T17:25:27.798287Z  INFO herdr::logging: workspace focused event="workspace.focus" subsystem="workspace" outcome="ok" workspace_id="w1K"
2026-07-29T17:25:27.798347Z  INFO herdr::logging: tab focused event="tab.focus" subsystem="tab" outcome="ok" workspace_id="w1K" tab_id="w1K:t1"
2026-07-29T17:25:27.834767Z  INFO herdr::logging: pane child exited event="pane.exit" subsystem="pane" outcome="completed" pane_id=45 status="ExitStatus { code: 1, signal: None }"
2026-07-29T17:25:27.841994Z  INFO herdr::pane: pane session terminated pane=45 pid=1347941 signal=Hangup
2026-07-29T17:25:27.842206Z  INFO herdr::logging: spawning pane terminal event="pane.spawn.start" subsystem="pane" outcome="started" pane_id=46 rows=68 cols=131 scrollback_limit_bytes=10000000
2026-07-29T17:25:27.843733Z  INFO herdr::logging: pane child spawned event="pane.spawned" subsystem="pane" outcome="ok" pane_id=46 pid=1347948
2026-07-29T17:25:27.843882Z  INFO herdr::logging: workspace created event="workspace.create" subsystem="workspace" outcome="ok" workspace_id="w1M" pane_id=46
2026-07-29T17:25:27.843894Z  INFO herdr::logging: workspace focused event="workspace.focus" subsystem="workspace" outcome="ok" workspace_id="w1M"
2026-07-29T17:25:27.843967Z  INFO herdr::logging: tab focused event="tab.focus" subsystem="tab" outcome="ok" workspace_id="w1M" tab_id="w1M:t1"
2026-07-29T17:25:27.880284Z  INFO herdr::logging: pane child exited event="pane.exit" subsystem="pane" outcome="completed" pane_id=46 status="ExitStatus { code: 1, signal: None }"
2026-07-29T17:25:27.886897Z  INFO herdr::pane: pane session terminated pane=46 pid=1347948 signal=Hangup
2026-07-29T17:25:27.887075Z  INFO herdr::logging: spawning pane terminal event="pane.spawn.start" subsystem="pane" outcome="started" pane_id=47 rows=68 cols=131 scrollback_limit_bytes=10000000
2026-07-29T17:25:27.888563Z  INFO herdr::logging: pane child spawned event="pane.spawned" subsystem="pane" outcome="ok" pane_id=47 pid=1347956
2026-07-29T17:25:27.888721Z  INFO herdr::logging: workspace created event="workspace.create" subsystem="workspace" outcome="ok" workspace_id="w1N" pane_id=47
2026-07-29T17:25:27.888731Z  INFO herdr::logging: workspace focused event="workspace.focus" subsystem="workspace" outcome="ok" workspace_id="w1N"
2026-07-29T17:25:27.888833Z  INFO herdr::logging: tab focused event="tab.focus" subsystem="tab" outcome="ok" workspace_id="w1N" tab_id="w1N:t1"
2026-07-29T17:25:27.924812Z  INFO herdr::logging: pane child exited event="pane.exit" subsystem="pane" outcome="completed" pane_id=47 status="ExitStatus { code: 1, signal: None }"
2026-07-29T17:25:27.931629Z  INFO herdr::pane: pane session terminated pane=47 pid=1347956 signal=Hangup
2026-07-29T17:25:27.932028Z  INFO herdr::logging: spawning pane terminal event="pane.spawn.start" subsystem="pane" outcome="started" pane_id=48 rows=68 cols=131 scrollback_limit_bytes=10000000
2026-07-29T17:25:27.933310Z  INFO herdr::logging: pane child spawned event="pane.spawned" subsystem="pane" outcome="ok" pane_id=48 pid=1347963
2026-07-29T17:25:27.933439Z  INFO herdr::logging: workspace created event="workspace.create" subsystem="workspace" outcome="ok" workspace_id="w1P" pane_id=48
2026-07-29T17:25:27.933448Z  INFO herdr::logging: workspace focused event="workspace.focus" subsystem="workspace" outcome="ok" workspace_id="w1P"
2026-07-29T17:25:27.933506Z  INFO herdr::logging: tab focused event="tab.focus" subsystem="tab" outcome="ok" workspace_id="w1P" tab_id="w1P:t1"
2026-07-29T17:25:27.970110Z  INFO herdr::logging: pane child exited event="pane.exit" subsystem="pane" outcome="completed" pane_id=48 status="ExitStatus { code: 1, signal: None }"
2026-07-29T17:25:27.976269Z  INFO herdr::pane: pane session terminated pane=48 pid=1347963 signal=Hangup
2026-07-29T17:25:27.976417Z  INFO herdr::logging: spawning pane terminal event="pane.spawn.start" subsystem="pane" outcome="started" pane_id=49 rows=68 cols=131 scrollback_limit_bytes=10000000
2026-07-29T17:25:27.977811Z  INFO herdr::logging: pane child spawned event="pane.spawned" subsystem="pane" outcome="ok" pane_id=49 pid=1347970
2026-07-29T17:25:27.977945Z  INFO herdr::logging: workspace created event="workspace.create" subsystem="workspace" outcome="ok" workspace_id="w1Q" pane_id=49
2026-07-29T17:25:27.977954Z  INFO herdr::logging: workspace focused event="workspace.focus" subsystem="workspace" outcome="ok" workspace_id="w1Q"
2026-07-29T17:25:27.978019Z  INFO herdr::logging: tab focused event="tab.focus" subsystem="tab" outcome="ok" workspace_id="w1Q" tab_id="w1Q:t1"
2026-07-29T17:25:28.015990Z  INFO herdr::logging: pane child exited event="pane.exit" subsystem="pane" outcome="completed" pane_id=49 status="ExitStatus { code: 1, signal: None }"
2026-07-29T17:25:28.022579Z  INFO herdr::pane: pane session terminated pane=49 pid=1347970 signal=Hangup
2026-07-29T17:25:28.022832Z  INFO herdr::logging: spawning pane terminal event="pane.spawn.start" subsystem="pane" outcome="started" pane_id=50 rows=68 cols=131 scrollback_limit_bytes=10000000
2026-07-29T17:25:28.024220Z  INFO herdr::logging: pane child spawned event="pane.spawned" subsystem="pane" outcome="ok" pane_id=50 pid=1347978
2026-07-29T17:25:28.024396Z  INFO herdr::logging: workspace created event="workspace.create" subsystem="workspace" outcome="ok" workspace_id="w1R" pane_id=50
2026-07-29T17:25:28.024406Z  INFO herdr::logging: workspace focused event="workspace.focus" subsystem="workspace" outcome="ok" workspace_id="w1R"
2026-07-29T17:25:28.024466Z  INFO herdr::logging: tab focused event="tab.focus" subsystem="tab" outcome="ok" workspace_id="w1R" tab_id="w1R:t1"
2026-07-29T17:25:28.061803Z  INFO herdr::logging: pane child exited event="pane.exit" subsystem="pane" outcome="completed" pane_id=50 status="ExitStatus { code: 1, signal: None }"
2026-07-29T17:25:28.061923Z  INFO herdr::pane: pane session terminated pane=50 pid=1347978 signal=Hangup
2026-07-29T17:25:28.062138Z  INFO herdr::logging: spawning pane terminal event="pane.spawn.start" subsystem="pane" outcome="started" pane_id=51 rows=68 cols=131 scrollback_limit_bytes=10000000
2026-07-29T17:25:28.063462Z  INFO herdr::logging: pane child spawned event="pane.spawned" subsystem="pane" outcome="ok" pane_id=51 pid=1347985
2026-07-29T17:25:28.063622Z  INFO herdr::logging: workspace created event="workspace.create" subsystem="workspace" outcome="ok" workspace_id="w1S" pane_id=51
2026-07-29T17:25:28.063633Z  INFO herdr::logging: workspace focused event="workspace.focus" subsystem="workspace" outcome="ok" workspace_id="w1S"
2026-07-29T17:25:28.063714Z  INFO herdr::logging: tab focused event="tab.focus" subsystem="tab" outcome="ok" workspace_id="w1S" tab_id="w1S:t1"
2026-07-29T17:25:28.099064Z  INFO herdr::logging: pane child exited event="pane.exit" subsystem="pane" outcome="completed" pane_id=51 status="ExitStatus { code: 1, signal: None }"
2026-07-29T17:25:28.105878Z  INFO herdr::pane: pane session terminated pane=51 pid=1347985 signal=Hangup
2026-07-29T17:25:28.106066Z  INFO herdr::logging: spawning pane terminal event="pane.spawn.start" subsystem="pane" outcome="started" pane_id=52 rows=68 cols=131 scrollback_limit_bytes=10000000
2026-07-29T17:25:28.107466Z  INFO herdr::logging: pane child spawned event="pane.spawned" subsystem="pane" outcome="ok" pane_id=52 pid=1347992
2026-07-29T17:25:28.107632Z  INFO herdr::logging: workspace created event="workspace.create" subsystem="workspace" outcome="ok" workspace_id="w1T" pane_id=52
2026-07-29T17:25:28.107644Z  INFO herdr::logging: workspace focused event="workspace.focus" subsystem="workspace" outcome="ok" workspace_id="w1T"
2026-07-29T17:25:28.107726Z  INFO herdr::logging: tab focused event="tab.focus" subsystem="tab" outcome="ok" workspace_id="w1T" tab_id="w1T:t1"
2026-07-29T17:25:28.143763Z  INFO herdr::logging: pane child exited event="pane.exit" subsystem="pane" outcome="completed" pane_id=52 status="ExitStatus { code: 1, signal: None }"
2026-07-29T17:25:28.149886Z  INFO herdr::pane: pane session terminated pane=52 pid=1347992 signal=Hangup
2026-07-29T17:25:28.150083Z  INFO herdr::logging: spawning pane terminal event="pane.spawn.start" subsystem="pane" outcome="started" pane_id=53 rows=68 cols=131 scrollback_limit_bytes=10000000
2026-07-29T17:25:28.151267Z  INFO herdr::logging: pane child spawned event="pane.spawned" subsystem="pane" outcome="ok" pane_id=53 pid=1347999
2026-07-29T17:25:28.151386Z  INFO herdr::logging: workspace created event="workspace.create" subsystem="workspace" outcome="ok" workspace_id="w1V" pane_id=53
2026-07-29T17:25:28.151395Z  INFO herdr::logging: workspace focused event="workspace.focus" subsystem="workspace" outcome="ok" workspace_id="w1V"
2026-07-29T17:25:28.151455Z  INFO herdr::logging: tab focused event="tab.focus" subsystem="tab" outcome="ok" workspace_id="w1V" tab_id="w1V:t1"
2026-07-29T17:25:28.188738Z  INFO herdr::logging: pane child exited event="pane.exit" subsystem="pane" outcome="completed" pane_id=53 status="ExitStatus { code: 1, signal: None }"
2026-07-29T17:25:28.198837Z  INFO herdr::pane: pane session terminated pane=53 pid=1347999 signal=Hangup
2026-07-29T17:25:28.199149Z  INFO herdr::logging: spawning pane terminal event="pane.spawn.start" subsystem="pane" outcome="started" pane_id=54 rows=68 cols=131 scrollback_limit_bytes=10000000
2026-07-29T17:25:28.201253Z  INFO herdr::logging: pane child spawned event="pane.spawned" subsystem="pane" outcome="ok" pane_id=54 pid=1348121
2026-07-29T17:25:28.201468Z  INFO herdr::logging: workspace created event="workspace.create" subsystem="workspace" outcome="ok" workspace_id="w1W" pane_id=54
2026-07-29T17:25:28.201485Z  INFO herdr::logging: workspace focused event="workspace.focus" subsystem="workspace" outcome="ok" workspace_id="w1W"
2026-07-29T17:25:28.201575Z  INFO herdr::logging: tab focused event="tab.focus" subsystem="tab" outcome="ok" workspace_id="w1W" tab_id="w1W:t1"
2026-07-29T17:25:28.265489Z  INFO herdr::logging: pane child exited event="pane.exit" subsystem="pane" outcome="completed" pane_id=54 status="ExitStatus { code: 1, signal: None }"
2026-07-29T17:25:28.276200Z  INFO herdr::pane: pane session terminated pane=54 pid=1348121 signal=Hangup
2026-07-29T17:25:28.276500Z  INFO herdr::logging: spawning pane terminal event="pane.spawn.start" subsystem="pane" outcome="started" pane_id=55 rows=68 cols=131 scrollback_limit_bytes=10000000
2026-07-29T17:25:28.278556Z  INFO herdr::logging: pane child spawned event="pane.spawned" subsystem="pane" outcome="ok" pane_id=55 pid=1348186
2026-07-29T17:25:28.278859Z  INFO herdr::logging: workspace created event="workspace.create" subsystem="workspace" outcome="ok" workspace_id="w1X" pane_id=55
2026-07-29T17:25:28.278877Z  INFO herdr::logging: workspace focused event="workspace.focus" subsystem="workspace" outcome="ok" workspace_id="w1X"
2026-07-29T17:25:28.278969Z  INFO herdr::logging: tab focused event="tab.focus" subsystem="tab" outcome="ok" workspace_id="w1X" tab_id="w1X:t1"
2026-07-29T17:25:28.338249Z  INFO herdr::logging: pane child exited event="pane.exit" subsystem="pane" outcome="completed" pane_id=55 status="ExitStatus { code: 1, signal: None }"
2026-07-29T17:25:28.347956Z  INFO herdr::pane: pane session terminated pane=55 pid=1348186 signal=Hangup
2026-07-29T17:25:28.348292Z  INFO herdr::logging: spawning pane terminal event="pane.spawn.start" subsystem="pane" outcome="started" pane_id=56 rows=68 cols=131 scrollback_limit_bytes=10000000
2026-07-29T17:25:28.350484Z  INFO herdr::logging: pane child spawned event="pane.spawned" subsystem="pane" outcome="ok" pane_id=56 pid=1348200
2026-07-29T17:25:28.350770Z  INFO herdr::logging: workspace created event="workspace.create" subsystem="workspace" outcome="ok" workspace_id="w1Y" pane_id=56
2026-07-29T17:25:28.350791Z  INFO herdr::logging: workspace focused event="workspace.focus" subsystem="workspace" outcome="ok" workspace_id="w1Y"
2026-07-29T17:25:28.350893Z  INFO herdr::logging: tab focused event="tab.focus" subsystem="tab" outcome="ok" workspace_id="w1Y" tab_id="w1Y:t1"
2026-07-29T17:25:28.391069Z  INFO herdr::logging: pane child exited event="pane.exit" subsystem="pane" outcome="completed" pane_id=56 status="ExitStatus { code: 1, signal: None }"
2026-07-29T17:25:28.397888Z  INFO herdr::pane: pane session terminated pane=56 pid=1348200 signal=Hangup
2026-07-29T17:25:28.398109Z  INFO herdr::logging: spawning pane terminal event="pane.spawn.start" subsystem="pane" outcome="started" pane_id=57 rows=68 cols=131 scrollback_limit_bytes=10000000
2026-07-29T17:25:28.399517Z  INFO herdr::logging: pane child spawned event="pane.spawned" subsystem="pane" outcome="ok" pane_id=57 pid=1348230
2026-07-29T17:25:28.399720Z  INFO herdr::logging: workspace created event="workspace.create" subsystem="workspace" outcome="ok" workspace_id="w1Z" pane_id=57
2026-07-29T17:25:28.399733Z  INFO herdr::logging: workspace focused event="workspace.focus" subsystem="workspace" outcome="ok" workspace_id="w1Z"
2026-07-29T17:25:28.399802Z  INFO herdr::logging: tab focused event="tab.focus" subsystem="tab" outcome="ok" workspace_id="w1Z" tab_id="w1Z:t1"
2026-07-29T17:25:28.436630Z  INFO herdr::logging: pane child exited event="pane.exit" subsystem="pane" outcome="completed" pane_id=57 status="ExitStatus { code: 1, signal: None }"
2026-07-29T17:25:28.443181Z  INFO herdr::pane: pane session terminated pane=57 pid=1348230 signal=Hangup
2026-07-29T17:25:28.443363Z  INFO herdr::logging: spawning pane terminal event="pane.spawn.start" subsystem="pane" outcome="started" pane_id=58 rows=68 cols=131 scrollback_limit_bytes=10000000
2026-07-29T17:25:28.444655Z  INFO herdr::logging: pane child spawned event="pane.spawned" subsystem="pane" outcome="ok" pane_id=58 pid=1348238
2026-07-29T17:25:28.444837Z  INFO herdr::logging: workspace created event="workspace.create" subsystem="workspace" outcome="ok" workspace_id="w10" pane_id=58
2026-07-29T17:25:28.444847Z  INFO herdr::logging: workspace focused event="workspace.focus" subsystem="workspace" outcome="ok" workspace_id="w10"
2026-07-29T17:25:28.444901Z  INFO herdr::logging: tab focused event="tab.focus" subsystem="tab" outcome="ok" workspace_id="w10" tab_id="w10:t1"
2026-07-29T17:25:28.481130Z  INFO herdr::logging: pane child exited event="pane.exit" subsystem="pane" outcome="completed" pane_id=58 status="ExitStatus { code: 1, signal: None }"
2026-07-29T17:25:28.487720Z  INFO herdr::pane: pane session terminated pane=58 pid=1348238 signal=Hangup
2026-07-29T17:25:28.487919Z  INFO herdr::logging: spawning pane terminal event="pane.spawn.start" subsystem="pane" outcome="started" pane_id=59 rows=68 cols=131 scrollback_limit_bytes=10000000
2026-07-29T17:25:28.489221Z  INFO herdr::logging: pane child spawned event="pane.spawned" subsystem="pane" outcome="ok" pane_id=59 pid=1348245
2026-07-29T17:25:28.489388Z  INFO herdr::logging: workspace created event="workspace.create" subsystem="workspace" outcome="ok" workspace_id="w21" pane_id=59
2026-07-29T17:25:28.489398Z  INFO herdr::logging: workspace focused event="workspace.focus" subsystem="workspace" outcome="ok" workspace_id="w21"
2026-07-29T17:25:28.489460Z  INFO herdr::logging: tab focused event="tab.focus" subsystem="tab" outcome="ok" workspace_id="w21" tab_id="w21:t1"
2026-07-29T17:25:28.524655Z  INFO herdr::logging: pane child exited event="pane.exit" subsystem="pane" outcome="completed" pane_id=59 status="ExitStatus { code: 1, signal: None }"
2026-07-29T17:25:28.531082Z  INFO herdr::pane: pane session terminated pane=59 pid=1348245 signal=Hangup
2026-07-29T17:25:28.531267Z  INFO herdr::logging: spawning pane terminal event="pane.spawn.start" subsystem="pane" outcome="started" pane_id=60 rows=68 cols=131 scrollback_limit_bytes=10000000
2026-07-29T17:25:28.532558Z  INFO herdr::logging: pane child spawned event="pane.spawned" subsystem="pane" outcome="ok" pane_id=60 pid=1348252
2026-07-29T17:25:28.532735Z  INFO herdr::logging: workspace created event="workspace.create" subsystem="workspace" outcome="ok" workspace_id="w22" pane_id=60
2026-07-29T17:25:28.532750Z  INFO herdr::logging: workspace focused event="workspace.focus" subsystem="workspace" outcome="ok" workspace_id="w22"
2026-07-29T17:25:28.532819Z  INFO herdr::logging: tab focused event="tab.focus" subsystem="tab" outcome="ok" workspace_id="w22" tab_id="w22:t1"
2026-07-29T17:25:28.568034Z  INFO herdr::logging: pane child exited event="pane.exit" subsystem="pane" outcome="completed" pane_id=60 status="ExitStatus { code: 1, signal: None }"
2026-07-29T17:25:28.568146Z  INFO herdr::pane: pane session terminated pane=60 pid=1348252 signal=Hangup
2026-07-29T17:25:28.568380Z  INFO herdr::logging: spawning pane terminal event="pane.spawn.start" subsystem="pane" outcome="started" pane_id=61 rows=68 cols=131 scrollback_limit_bytes=10000000
2026-07-29T17:25:28.569714Z  INFO herdr::logging: pane child spawned event="pane.spawned" subsystem="pane" outcome="ok" pane_id=61 pid=1348259
2026-07-29T17:25:28.569857Z  INFO herdr::logging: workspace created event="workspace.create" subsystem="workspace" outcome="ok" workspace_id="w23" pane_id=61
2026-07-29T17:25:28.569867Z  INFO herdr::logging: workspace focused event="workspace.focus" subsystem="workspace" outcome="ok" workspace_id="w23"
2026-07-29T17:25:28.569927Z  INFO herdr::logging: tab focused event="tab.focus" subsystem="tab" outcome="ok" workspace_id="w23" tab_id="w23:t1"
2026-07-29T17:25:28.605291Z  INFO herdr::logging: pane child exited event="pane.exit" subsystem="pane" outcome="completed" pane_id=61 status="ExitStatus { code: 1, signal: None }"
2026-07-29T17:25:28.605402Z  INFO herdr::pane: pane session terminated pane=61 pid=1348259 signal=Hangup
2026-07-29T17:25:28.605610Z  INFO herdr::logging: spawning pane terminal event="pane.spawn.start" subsystem="pane" outcome="started" pane_id=62 rows=68 cols=131 scrollback_limit_bytes=10000000
2026-07-29T17:25:28.607108Z  INFO herdr::logging: pane child spawned event="pane.spawned" subsystem="pane" outcome="ok" pane_id=62 pid=1348282
2026-07-29T17:25:28.607249Z  INFO herdr::logging: workspace created event="workspace.create" subsystem="workspace" outcome="ok" workspace_id="w24" pane_id=62
2026-07-29T17:25:28.607261Z  INFO herdr::logging: workspace focused event="workspace.focus" subsystem="workspace" outcome="ok" workspace_id="w24"
2026-07-29T17:25:28.607328Z  INFO herdr::logging: tab focused event="tab.focus" subsystem="tab" outcome="ok" workspace_id="w24" tab_id="w24:t1"
2026-07-29T17:25:28.647166Z  INFO herdr::logging: pane child exited event="pane.exit" subsystem="pane" outcome="completed" pane_id=62 status="ExitStatus { code: 1, signal: None }"
2026-07-29T17:25:28.651866Z  INFO herdr::pane: pane session terminated pane=62 pid=1348282 signal=Hangup
2026-07-29T17:25:28.652049Z  INFO herdr::logging: spawning pane terminal event="pane.spawn.start" subsystem="pane" outcome="started" pane_id=63 rows=68 cols=131 scrollback_limit_bytes=10000000
2026-07-29T17:25:28.653330Z  INFO herdr::logging: pane child spawned event="pane.spawned" subsystem="pane" outcome="ok" pane_id=63 pid=1348289
2026-07-29T17:25:28.653507Z  INFO herdr::logging: workspace created event="workspace.create" subsystem="workspace" outcome="ok" workspace_id="w25" pane_id=63
2026-07-29T17:25:28.653519Z  INFO herdr::logging: workspace focused event="workspace.focus" subsystem="workspace" outcome="ok" workspace_id="w25"
2026-07-29T17:25:28.653590Z  INFO herdr::logging: tab focused event="tab.focus" subsystem="tab" outcome="ok" workspace_id="w25" tab_id="w25:t1"
2026-07-29T17:25:28.689605Z  INFO herdr::logging: pane child exited event="pane.exit" subsystem="pane" outcome="completed" pane_id=63 status="ExitStatus { code: 1, signal: None }"
2026-07-29T17:25:28.696476Z  INFO herdr::pane: pane session terminated pane=63 pid=1348289 signal=Hangup
2026-07-29T17:25:28.696864Z  INFO herdr::logging: spawning pane terminal event="pane.spawn.start" subsystem="pane" outcome="started" pane_id=64 rows=68 cols=131 scrollback_limit_bytes=10000000
2026-07-29T17:25:28.698089Z  INFO herdr::logging: pane child spawned event="pane.spawned" subsystem="pane" outcome="ok" pane_id=64 pid=1348296
2026-07-29T17:25:28.698247Z  INFO herdr::logging: workspace created event="workspace.create" subsystem="workspace" outcome="ok" workspace_id="w26" pane_id=64
2026-07-29T17:25:28.698267Z  INFO herdr::logging: workspace focused event="workspace.focus" subsystem="workspace" outcome="ok" workspace_id="w26"
2026-07-29T17:25:28.698330Z  INFO herdr::logging: tab focused event="tab.focus" subsystem="tab" outcome="ok" workspace_id="w26" tab_id="w26:t1"
2026-07-29T17:25:28.736137Z  INFO herdr::logging: pane child exited event="pane.exit" subsystem="pane" outcome="completed" pane_id=64 status="ExitStatus { code: 1, signal: None }"
2026-07-29T17:25:28.736249Z  INFO herdr::pane: pane session terminated pane=64 pid=1348296 signal=Hangup
2026-07-29T17:25:28.736461Z  INFO herdr::logging: spawning pane terminal event="pane.spawn.start" subsystem="pane" outcome="started" pane_id=65 rows=68 cols=131 scrollback_limit_bytes=10000000
2026-07-29T17:25:28.737750Z  INFO herdr::logging: pane child spawned event="pane.spawned" subsystem="pane" outcome="ok" pane_id=65 pid=1348303
2026-07-29T17:25:28.737901Z  INFO herdr::logging: workspace created event="workspace.create" subsystem="workspace" outcome="ok" workspace_id="w27" pane_id=65
2026-07-29T17:25:28.737911Z  INFO herdr::logging: workspace focused event="workspace.focus" subsystem="workspace" outcome="ok" workspace_id="w27"
2026-07-29T17:25:28.737967Z  INFO herdr::logging: tab focused event="tab.focus" subsystem="tab" outcome="ok" workspace_id="w27" tab_id="w27:t1"
2026-07-29T17:25:28.774899Z  INFO herdr::logging: pane child exited event="pane.exit" subsystem="pane" outcome="completed" pane_id=65 status="ExitStatus { code: 1, signal: None }"
2026-07-29T17:25:28.775029Z  INFO herdr::pane: pane session terminated pane=65 pid=1348303 signal=Hangup
2026-07-29T17:25:28.775293Z  INFO herdr::logging: spawning pane terminal event="pane.spawn.start" subsystem="pane" outcome="started" pane_id=66 rows=68 cols=131 scrollback_limit_bytes=10000000
2026-07-29T17:25:28.776657Z  INFO herdr::logging: pane child spawned event="pane.spawned" subsystem="pane" outcome="ok" pane_id=66 pid=1348311
2026-07-29T17:25:28.776835Z  INFO herdr::logging: workspace created event="workspace.create" subsystem="workspace" outcome="ok" workspace_id="w28" pane_id=66
2026-07-29T17:25:28.776845Z  INFO herdr::logging: workspace focused event="workspace.focus" subsystem="workspace" outcome="ok" workspace_id="w28"
2026-07-29T17:25:28.776903Z  INFO herdr::logging: tab focused event="tab.focus" subsystem="tab" outcome="ok" workspace_id="w28" tab_id="w28:t1"
2026-07-29T17:25:28.812716Z  INFO herdr::logging: pane child exited event="pane.exit" subsystem="pane" outcome="completed" pane_id=66 status="ExitStatus { code: 1, signal: None }"
2026-07-29T17:25:28.819569Z  INFO herdr::pane: pane session terminated pane=66 pid=1348311 signal=Hangup
2026-07-29T17:25:28.819793Z  INFO herdr::logging: spawning pane terminal event="pane.spawn.start" subsystem="pane" outcome="started" pane_id=67 rows=68 cols=131 scrollback_limit_bytes=10000000
2026-07-29T17:25:28.821159Z  INFO herdr::logging: pane child spawned event="pane.spawned" subsystem="pane" outcome="ok" pane_id=67 pid=1348318
2026-07-29T17:25:28.821326Z  INFO herdr::logging: workspace created event="workspace.create" subsystem="workspace" outcome="ok" workspace_id="w29" pane_id=67
2026-07-29T17:25:28.821339Z  INFO herdr::logging: workspace focused event="workspace.focus" subsystem="workspace" outcome="ok" workspace_id="w29"
2026-07-29T17:25:28.821412Z  INFO herdr::logging: tab focused event="tab.focus" subsystem="tab" outcome="ok" workspace_id="w29" tab_id="w29:t1"
2026-07-29T17:25:28.857456Z  INFO herdr::logging: pane child exited event="pane.exit" subsystem="pane" outcome="completed" pane_id=67 status="ExitStatus { code: 1, signal: None }"
2026-07-29T17:25:28.864205Z  INFO herdr::pane: pane session terminated pane=67 pid=1348318 signal=Hangup
2026-07-29T17:25:28.864586Z  INFO herdr::logging: spawning pane terminal event="pane.spawn.start" subsystem="pane" outcome="started" pane_id=68 rows=68 cols=131 scrollback_limit_bytes=10000000
2026-07-29T17:25:28.865925Z  INFO herdr::logging: pane child spawned event="pane.spawned" subsystem="pane" outcome="ok" pane_id=68 pid=1348325
2026-07-29T17:25:28.866103Z  INFO herdr::logging: workspace created event="workspace.create" subsystem="workspace" outcome="ok" workspace_id="w2A" pane_id=68
2026-07-29T17:25:28.866114Z  INFO herdr::logging: workspace focused event="workspace.focus" subsystem="workspace" outcome="ok" workspace_id="w2A"
2026-07-29T17:25:28.866170Z  INFO herdr::logging: tab focused event="tab.focus" subsystem="tab" outcome="ok" workspace_id="w2A" tab_id="w2A:t1"
2026-07-29T17:25:28.903325Z  INFO herdr::logging: pane child exited event="pane.exit" subsystem="pane" outcome="completed" pane_id=68 status="ExitStatus { code: 1, signal: None }"
2026-07-29T17:25:28.909979Z  INFO herdr::pane: pane session terminated pane=68 pid=1348325 signal=Hangup
2026-07-29T17:25:28.910180Z  INFO herdr::logging: spawning pane terminal event="pane.spawn.start" subsystem="pane" outcome="started" pane_id=69 rows=68 cols=131 scrollback_limit_bytes=10000000
2026-07-29T17:25:28.911598Z  INFO herdr::logging: pane child spawned event="pane.spawned" subsystem="pane" outcome="ok" pane_id=69 pid=1348332
2026-07-29T17:25:28.911797Z  INFO herdr::logging: workspace created event="workspace.create" subsystem="workspace" outcome="ok" workspace_id="w2B" pane_id=69
2026-07-29T17:25:28.911809Z  INFO herdr::logging: workspace focused event="workspace.focus" subsystem="workspace" outcome="ok" workspace_id="w2B"
2026-07-29T17:25:28.911875Z  INFO herdr::logging: tab focused event="tab.focus" subsystem="tab" outcome="ok" workspace_id="w2B" tab_id="w2B:t1"
2026-07-29T17:25:28.947401Z  INFO herdr::logging: pane child exited event="pane.exit" subsystem="pane" outcome="completed" pane_id=69 status="ExitStatus { code: 1, signal: None }"
2026-07-29T17:25:28.954233Z  INFO herdr::pane: pane session terminated pane=69 pid=1348332 signal=Hangup
2026-07-29T17:25:28.954436Z  INFO herdr::logging: spawning pane terminal event="pane.spawn.start" subsystem="pane" outcome="started" pane_id=70 rows=68 cols=131 scrollback_limit_bytes=10000000
2026-07-29T17:25:28.955758Z  INFO herdr::logging: pane child spawned event="pane.spawned" subsystem="pane" outcome="ok" pane_id=70 pid=1348339
2026-07-29T17:25:28.955934Z  INFO herdr::logging: workspace created event="workspace.create" subsystem="workspace" outcome="ok" workspace_id="w2C" pane_id=70
2026-07-29T17:25:28.955945Z  INFO herdr::logging: workspace focused event="workspace.focus" subsystem="workspace" outcome="ok" workspace_id="w2C"
2026-07-29T17:25:28.956005Z  INFO herdr::logging: tab focused event="tab.focus" subsystem="tab" outcome="ok" workspace_id="w2C" tab_id="w2C:t1"
2026-07-29T17:25:28.992861Z  INFO herdr::logging: pane child exited event="pane.exit" subsystem="pane" outcome="completed" pane_id=70 status="ExitStatus { code: 1, signal: None }"
2026-07-29T17:25:28.999787Z  INFO herdr::pane: pane session terminated pane=70 pid=1348339 signal=Hangup
2026-07-29T17:25:28.999998Z  INFO herdr::logging: spawning pane terminal event="pane.spawn.start" subsystem="pane" outcome="started" pane_id=71 rows=68 cols=131 scrollback_limit_bytes=10000000
2026-07-29T17:25:29.001366Z  INFO herdr::logging: pane child spawned event="pane.spawned" subsystem="pane" outcome="ok" pane_id=71 pid=1348346
2026-07-29T17:25:29.001557Z  INFO herdr::logging: workspace created event="workspace.create" subsystem="workspace" outcome="ok" workspace_id="w2D" pane_id=71
2026-07-29T17:25:29.001569Z  INFO herdr::logging: workspace focused event="workspace.focus" subsystem="workspace" outcome="ok" workspace_id="w2D"
2026-07-29T17:25:29.001627Z  INFO herdr::logging: tab focused event="tab.focus" subsystem="tab" outcome="ok" workspace_id="w2D" tab_id="w2D:t1"
2026-07-29T17:25:29.017696Z  INFO herdr::server::headless: client disconnected client_id=2
2026-07-29T17:25:29.037176Z  INFO herdr::logging: pane child exited event="pane.exit" subsystem="pane" outcome="completed" pane_id=71 status="ExitStatus { code: 1, signal: None }"
2026-07-29T17:25:29.037309Z  INFO herdr::pane: pane session terminated pane=71 pid=1348346 signal=Hangup
2026-07-29T17:25:29.037583Z  INFO herdr::logging: spawning pane terminal event="pane.spawn.start" subsystem="pane" outcome="started" pane_id=72 rows=64 cols=128 scrollback_limit_bytes=10000000
2026-07-29T17:25:29.038962Z  INFO herdr::logging: pane child spawned event="pane.spawned" subsystem="pane" outcome="ok" pane_id=72 pid=1348353
2026-07-29T17:25:29.039121Z  INFO herdr::logging: workspace created event="workspace.create" subsystem="workspace" outcome="ok" workspace_id="w2E" pane_id=72
2026-07-29T17:25:29.039131Z  INFO herdr::logging: workspace focused event="workspace.focus" subsystem="workspace" outcome="ok" workspace_id="w2E"
2026-07-29T17:25:29.039194Z  INFO herdr::logging: tab focused event="tab.focus" subsystem="tab" outcome="ok" workspace_id="w2E" tab_id="w2E:t1"
2026-07-29T17:25:29.074582Z  INFO herdr::logging: pane child exited event="pane.exit" subsystem="pane" outcome="completed" pane_id=72 status="ExitStatus { code: 1, signal: None }"
2026-07-29T17:25:29.075961Z  INFO herdr::pane: pane session terminated pane=72 pid=1348353 signal=Hangup
2026-07-29T17:25:29.076185Z  INFO herdr::logging: spawning pane terminal event="pane.spawn.start" subsystem="pane" outcome="started" pane_id=73 rows=64 cols=128 scrollback_limit_bytes=10000000
2026-07-29T17:25:29.077566Z  INFO herdr::logging: pane child spawned event="pane.spawned" subsystem="pane" outcome="ok" pane_id=73 pid=1348360
2026-07-29T17:25:29.077727Z  INFO herdr::logging: workspace created event="workspace.create" subsystem="workspace" outcome="ok" workspace_id="w2F" pane_id=73
2026-07-29T17:25:29.077738Z  INFO herdr::logging: workspace focused event="workspace.focus" subsystem="workspace" outcome="ok" workspace_id="w2F"
2026-07-29T17:25:29.077798Z  INFO herdr::logging: tab focused event="tab.focus" subsystem="tab" outcome="ok" workspace_id="w2F" tab_id="w2F:t1"
2026-07-29T17:25:29.114557Z  INFO herdr::logging: pane child exited event="pane.exit" subsystem="pane" outcome="completed" pane_id=73 status="ExitStatus { code: 1, signal: None }"
2026-07-29T17:25:29.115915Z  INFO herdr::pane: pane session terminated pane=73 pid=1348360 signal=Hangup
2026-07-29T17:25:29.116139Z  INFO herdr::logging: spawning pane terminal event="pane.spawn.start" subsystem="pane" outcome="started" pane_id=74 rows=64 cols=128 scrollback_limit_bytes=10000000
2026-07-29T17:25:29.117613Z  INFO herdr::logging: pane child spawned event="pane.spawned" subsystem="pane" outcome="ok" pane_id=74 pid=1348367
2026-07-29T17:25:29.117801Z  INFO herdr::logging: workspace created event="workspace.create" subsystem="workspace" outcome="ok" workspace_id="w2G" pane_id=74
2026-07-29T17:25:29.117814Z  INFO herdr::logging: workspace focused event="workspace.focus" subsystem="workspace" outcome="ok" workspace_id="w2G"
2026-07-29T17:25:29.117874Z  INFO herdr::logging: tab focused event="tab.focus" subsystem="tab" outcome="ok" workspace_id="w2G" tab_id="w2G:t1"
2026-07-29T17:25:29.152995Z  INFO herdr::logging: pane child exited event="pane.exit" subsystem="pane" outcome="completed" pane_id=74 status="ExitStatus { code: 1, signal: None }"
2026-07-29T17:25:29.154218Z  INFO herdr::pane: pane session terminated pane=74 pid=1348367 signal=Hangup
2026-07-29T17:25:29.154436Z  INFO herdr::logging: spawning pane terminal event="pane.spawn.start" subsystem="pane" outcome="started" pane_id=75 rows=64 cols=128 scrollback_limit_bytes=10000000
2026-07-29T17:25:29.155675Z  INFO herdr::logging: pane child spawned event="pane.spawned" subsystem="pane" outcome="ok" pane_id=75 pid=1348374
2026-07-29T17:25:29.155829Z  INFO herdr::logging: workspace created event="workspace.create" subsystem="workspace" outcome="ok" workspace_id="w2H" pane_id=75
2026-07-29T17:25:29.155839Z  INFO herdr::logging: workspace focused event="workspace.focus" subsystem="workspace" outcome="ok" workspace_id="w2H"
2026-07-29T17:25:29.155898Z  INFO herdr::logging: tab focused event="tab.focus" subsystem="tab" outcome="ok" workspace_id="w2H" tab_id="w2H:t1"
2026-07-29T17:25:29.191877Z  INFO herdr::logging: pane child exited event="pane.exit" subsystem="pane" outcome="completed" pane_id=75 status="ExitStatus { code: 1, signal: None }"
2026-07-29T17:25:29.193169Z  INFO herdr::pane: pane session terminated pane=75 pid=1348374 signal=Hangup
2026-07-29T17:25:29.193463Z  INFO herdr::logging: spawning pane terminal event="pane.spawn.start" subsystem="pane" outcome="started" pane_id=76 rows=64 cols=128 scrollback_limit_bytes=10000000
2026-07-29T17:25:29.194839Z  INFO herdr::logging: pane child spawned event="pane.spawned" subsystem="pane" outcome="ok" pane_id=76 pid=1348447
2026-07-29T17:25:29.195039Z  INFO herdr::logging: workspace created event="workspace.create" subsystem="workspace" outcome="ok" workspace_id="w2J" pane_id=76
2026-07-29T17:25:29.195053Z  INFO herdr::logging: workspace focused event="workspace.focus" subsystem="workspace" outcome="ok" workspace_id="w2J"
2026-07-29T17:25:29.195141Z  INFO herdr::logging: tab focused event="tab.focus" subsystem="tab" outcome="ok" workspace_id="w2J" tab_id="w2J:t1"
2026-07-29T17:25:29.240163Z  INFO herdr::logging: pane child exited event="pane.exit" subsystem="pane" outcome="completed" pane_id=76 status="ExitStatus { code: 1, signal: None }"
2026-07-29T17:25:29.241638Z  INFO herdr::pane: pane session terminated pane=76 pid=1348447 signal=Hangup
2026-07-29T17:25:29.241912Z  INFO herdr::logging: spawning pane terminal event="pane.spawn.start" subsystem="pane" outcome="started" pane_id=77 rows=64 cols=128 scrollback_limit_bytes=10000000
2026-07-29T17:25:29.243297Z  INFO herdr::logging: pane child spawned event="pane.spawned" subsystem="pane" outcome="ok" pane_id=77 pid=1348473
2026-07-29T17:25:29.243465Z  INFO herdr::logging: workspace created event="workspace.create" subsystem="workspace" outcome="ok" workspace_id="w2K" pane_id=77
2026-07-29T17:25:29.243476Z  INFO herdr::logging: workspace focused event="workspace.focus" subsystem="workspace" outcome="ok" workspace_id="w2K"
2026-07-29T17:25:29.243541Z  INFO herdr::logging: tab focused event="tab.focus" subsystem="tab" outcome="ok" workspace_id="w2K" tab_id="w2K:t1"
2026-07-29T17:25:29.284225Z  INFO herdr::logging: pane child exited event="pane.exit" subsystem="pane" outcome="completed" pane_id=77 status="ExitStatus { code: 1, signal: None }"
2026-07-29T17:25:29.285504Z  INFO herdr::pane: pane session terminated pane=77 pid=1348473 signal=Hangup
2026-07-29T17:25:29.285773Z  INFO herdr::logging: spawning pane terminal event="pane.spawn.start" subsystem="pane" outcome="started" pane_id=78 rows=64 cols=128 scrollback_limit_bytes=10000000
2026-07-29T17:25:29.287142Z  INFO herdr::logging: pane child spawned event="pane.spawned" subsystem="pane" outcome="ok" pane_id=78 pid=1348480
2026-07-29T17:25:29.287346Z  INFO herdr::logging: workspace created event="workspace.create" subsystem="workspace" outcome="ok" workspace_id="w2M" pane_id=78
2026-07-29T17:25:29.287363Z  INFO herdr::logging: workspace focused event="workspace.focus" subsystem="workspace" outcome="ok" workspace_id="w2M"
2026-07-29T17:25:29.287441Z  INFO herdr::logging: tab focused event="tab.focus" subsystem="tab" outcome="ok" workspace_id="w2M" tab_id="w2M:t1"
2026-07-29T17:25:29.328598Z  INFO herdr::logging: pane child exited event="pane.exit" subsystem="pane" outcome="completed" pane_id=78 status="ExitStatus { code: 1, signal: None }"
2026-07-29T17:25:29.330208Z  INFO herdr::pane: pane session terminated pane=78 pid=1348480 signal=Hangup
2026-07-29T17:25:29.330452Z  INFO herdr::logging: spawning pane terminal event="pane.spawn.start" subsystem="pane" outcome="started" pane_id=79 rows=64 cols=128 scrollback_limit_bytes=10000000
2026-07-29T17:25:29.331795Z  INFO herdr::logging: pane child spawned event="pane.spawned" subsystem="pane" outcome="ok" pane_id=79 pid=1348500
2026-07-29T17:25:29.331973Z  INFO herdr::logging: workspace created event="workspace.create" subsystem="workspace" outcome="ok" workspace_id="w2N" pane_id=79
2026-07-29T17:25:29.331983Z  INFO herdr::logging: workspace focused event="workspace.focus" subsystem="workspace" outcome="ok" workspace_id="w2N"
2026-07-29T17:25:29.332053Z  INFO herdr::logging: tab focused event="tab.focus" subsystem="tab" outcome="ok" workspace_id="w2N" tab_id="w2N:t1"
2026-07-29T17:25:29.368129Z  INFO herdr::logging: pane child exited event="pane.exit" subsystem="pane" outcome="completed" pane_id=79 status="ExitStatus { code: 1, signal: None }"
2026-07-29T17:25:29.369278Z  INFO herdr::pane: pane session terminated pane=79 pid=1348500 signal=Hangup
2026-07-29T17:25:29.369506Z  INFO herdr::logging: spawning pane terminal event="pane.spawn.start" subsystem="pane" outcome="started" pane_id=80 rows=64 cols=128 scrollback_limit_bytes=10000000
2026-07-29T17:25:29.370720Z  INFO herdr::logging: pane child spawned event="pane.spawned" subsystem="pane" outcome="ok" pane_id=80 pid=1348508
2026-07-29T17:25:29.370866Z  INFO herdr::logging: workspace created event="workspace.create" subsystem="workspace" outcome="ok" workspace_id="w2P" pane_id=80
2026-07-29T17:25:29.370878Z  INFO herdr::logging: workspace focused event="workspace.focus" subsystem="workspace" outcome="ok" workspace_id="w2P"
2026-07-29T17:25:29.370938Z  INFO herdr::logging: tab focused event="tab.focus" subsystem="tab" outcome="ok" workspace_id="w2P" tab_id="w2P:t1"
2026-07-29T17:25:29.406907Z  INFO herdr::logging: pane child exited event="pane.exit" subsystem="pane" outcome="completed" pane_id=80 status="ExitStatus { code: 1, signal: None }"
2026-07-29T17:25:29.408157Z  INFO herdr::pane: pane session terminated pane=80 pid=1348508 signal=Hangup
2026-07-29T17:25:29.408388Z  INFO herdr::logging: spawning pane terminal event="pane.spawn.start" subsystem="pane" outcome="started" pane_id=81 rows=64 cols=128 scrollback_limit_bytes=10000000
2026-07-29T17:25:29.409692Z  INFO herdr::logging: pane child spawned event="pane.spawned" subsystem="pane" outcome="ok" pane_id=81 pid=1348515
2026-07-29T17:25:29.409819Z  INFO herdr::logging: workspace created event="workspace.create" subsystem="workspace" outcome="ok" workspace_id="w2Q" pane_id=81
2026-07-29T17:25:29.409828Z  INFO herdr::logging: workspace focused event="workspace.focus" subsystem="workspace" outcome="ok" workspace_id="w2Q"
2026-07-29T17:25:29.409887Z  INFO herdr::logging: tab focused event="tab.focus" subsystem="tab" outcome="ok" workspace_id="w2Q" tab_id="w2Q:t1"
2026-07-29T17:25:29.446057Z  INFO herdr::logging: pane child exited event="pane.exit" subsystem="pane" outcome="completed" pane_id=81 status="ExitStatus { code: 1, signal: None }"
2026-07-29T17:25:29.447346Z  INFO herdr::pane: pane session terminated pane=81 pid=1348515 signal=Hangup
2026-07-29T17:25:29.447564Z  INFO herdr::logging: spawning pane terminal event="pane.spawn.start" subsystem="pane" outcome="started" pane_id=82 rows=64 cols=128 scrollback_limit_bytes=10000000
2026-07-29T17:25:29.448911Z  INFO herdr::logging: pane child spawned event="pane.spawned" subsystem="pane" outcome="ok" pane_id=82 pid=1348522
2026-07-29T17:25:29.449062Z  INFO herdr::logging: workspace created event="workspace.create" subsystem="workspace" outcome="ok" workspace_id="w2R" pane_id=82
2026-07-29T17:25:29.449072Z  INFO herdr::logging: workspace focused event="workspace.focus" subsystem="workspace" outcome="ok" workspace_id="w2R"
2026-07-29T17:25:29.449135Z  INFO herdr::logging: tab focused event="tab.focus" subsystem="tab" outcome="ok" workspace_id="w2R" tab_id="w2R:t1"
2026-07-29T17:25:29.484403Z  INFO herdr::logging: pane child exited event="pane.exit" subsystem="pane" outcome="completed" pane_id=82 status="ExitStatus { code: 1, signal: None }"
2026-07-29T17:25:29.485493Z  INFO herdr::pane: pane session terminated pane=82 pid=1348522 signal=Hangup
2026-07-29T17:25:29.485719Z  INFO herdr::logging: spawning pane terminal event="pane.spawn.start" subsystem="pane" outcome="started" pane_id=83 rows=64 cols=128 scrollback_limit_bytes=10000000
2026-07-29T17:25:29.487194Z  INFO herdr::logging: pane child spawned event="pane.spawned" subsystem="pane" outcome="ok" pane_id=83 pid=1348529
2026-07-29T17:25:29.487357Z  INFO herdr::logging: workspace created event="workspace.create" subsystem="workspace" outcome="ok" workspace_id="w2S" pane_id=83
2026-07-29T17:25:29.487380Z  INFO herdr::logging: workspace focused event="workspace.focus" subsystem="workspace" outcome="ok" workspace_id="w2S"
2026-07-29T17:25:29.487458Z  INFO herdr::logging: tab focused event="tab.focus" subsystem="tab" outcome="ok" workspace_id="w2S" tab_id="w2S:t1"
2026-07-29T17:25:29.522431Z  INFO herdr::logging: pane child exited event="pane.exit" subsystem="pane" outcome="completed" pane_id=83 status="ExitStatus { code: 1, signal: None }"
2026-07-29T17:25:29.523764Z  INFO herdr::pane: pane session terminated pane=83 pid=1348529 signal=Hangup
2026-07-29T17:25:29.524034Z  INFO herdr::logging: spawning pane terminal event="pane.spawn.start" subsystem="pane" outcome="started" pane_id=84 rows=64 cols=128 scrollback_limit_bytes=10000000
2026-07-29T17:25:29.525359Z  INFO herdr::logging: pane child spawned event="pane.spawned" subsystem="pane" outcome="ok" pane_id=84 pid=1348536
2026-07-29T17:25:29.525535Z  INFO herdr::logging: workspace created event="workspace.create" subsystem="workspace" outcome="ok" workspace_id="w2T" pane_id=84
2026-07-29T17:25:29.525545Z  INFO herdr::logging: workspace focused event="workspace.focus" subsystem="workspace" outcome="ok" workspace_id="w2T"
2026-07-29T17:25:29.525607Z  INFO herdr::logging: tab focused event="tab.focus" subsystem="tab" outcome="ok" workspace_id="w2T" tab_id="w2T:t1"
2026-07-29T17:25:29.561640Z  INFO herdr::logging: pane child exited event="pane.exit" subsystem="pane" outcome="completed" pane_id=84 status="ExitStatus { code: 1, signal: None }"
2026-07-29T17:25:29.563071Z  INFO herdr::pane: pane session terminated pane=84 pid=1348536 signal=Hangup
2026-07-29T17:25:29.563312Z  INFO herdr::logging: spawning pane terminal event="pane.spawn.start" subsystem="pane" outcome="started" pane_id=85 rows=64 cols=128 scrollback_limit_bytes=10000000
2026-07-29T17:25:29.564811Z  INFO herdr::logging: pane child spawned event="pane.spawned" subsystem="pane" outcome="ok" pane_id=85 pid=1348543
2026-07-29T17:25:29.564964Z  INFO herdr::logging: workspace created event="workspace.create" subsystem="workspace" outcome="ok" workspace_id="w2V" pane_id=85
2026-07-29T17:25:29.564974Z  INFO herdr::logging: workspace focused event="workspace.focus" subsystem="workspace" outcome="ok" workspace_id="w2V"
2026-07-29T17:25:29.565031Z  INFO herdr::logging: tab focused event="tab.focus" subsystem="tab" outcome="ok" workspace_id="w2V" tab_id="w2V:t1"
2026-07-29T17:25:29.600760Z  INFO herdr::logging: pane child exited event="pane.exit" subsystem="pane" outcome="completed" pane_id=85 status="ExitStatus { code: 1, signal: None }"
2026-07-29T17:25:29.602053Z  INFO herdr::pane: pane session terminated pane=85 pid=1348543 signal=Hangup
2026-07-29T17:25:29.602270Z  INFO herdr::logging: spawning pane terminal event="pane.spawn.start" subsystem="pane" outcome="started" pane_id=86 rows=64 cols=128 scrollback_limit_bytes=10000000
2026-07-29T17:25:29.603509Z  INFO herdr::logging: pane child spawned event="pane.spawned" subsystem="pane" outcome="ok" pane_id=86 pid=1348550
2026-07-29T17:25:29.603689Z  INFO herdr::logging: workspace created event="workspace.create" subsystem="workspace" outcome="ok" workspace_id="w2W" pane_id=86
2026-07-29T17:25:29.603699Z  INFO herdr::logging: workspace focused event="workspace.focus" subsystem="workspace" outcome="ok" workspace_id="w2W"
2026-07-29T17:25:29.603759Z  INFO herdr::logging: tab focused event="tab.focus" subsystem="tab" outcome="ok" workspace_id="w2W" tab_id="w2W:t1"
2026-07-29T17:25:29.638394Z  INFO herdr::logging: pane child exited event="pane.exit" subsystem="pane" outcome="completed" pane_id=86 status="ExitStatus { code: 1, signal: None }"
2026-07-29T17:25:29.639742Z  INFO herdr::pane: pane session terminated pane=86 pid=1348550 signal=Hangup
2026-07-29T17:25:29.639962Z  INFO herdr::logging: spawning pane terminal event="pane.spawn.start" subsystem="pane" outcome="started" pane_id=87 rows=64 cols=128 scrollback_limit_bytes=10000000
2026-07-29T17:25:29.641208Z  INFO herdr::logging: pane child spawned event="pane.spawned" subsystem="pane" outcome="ok" pane_id=87 pid=1348557
2026-07-29T17:25:29.641375Z  INFO herdr::logging: workspace created event="workspace.create" subsystem="workspace" outcome="ok" workspace_id="w2X" pane_id=87
2026-07-29T17:25:29.641384Z  INFO herdr::logging: workspace focused event="workspace.focus" subsystem="workspace" outcome="ok" workspace_id="w2X"
2026-07-29T17:25:29.641443Z  INFO herdr::logging: tab focused event="tab.focus" subsystem="tab" outcome="ok" workspace_id="w2X" tab_id="w2X:t1"
2026-07-29T17:25:29.675272Z  INFO herdr::logging: pane child exited event="pane.exit" subsystem="pane" outcome="completed" pane_id=87 status="ExitStatus { code: 1, signal: None }"
2026-07-29T17:25:29.676428Z  INFO herdr::pane: pane session terminated pane=87 pid=1348557 signal=Hangup
2026-07-29T17:25:29.676636Z  INFO herdr::logging: spawning pane terminal event="pane.spawn.start" subsystem="pane" outcome="started" pane_id=88 rows=64 cols=128 scrollback_limit_bytes=10000000
2026-07-29T17:25:29.677862Z  INFO herdr::logging: pane child spawned event="pane.spawned" subsystem="pane" outcome="ok" pane_id=88 pid=1348566
2026-07-29T17:25:29.677992Z  INFO herdr::logging: workspace created event="workspace.create" subsystem="workspace" outcome="ok" workspace_id="w2Y" pane_id=88
2026-07-29T17:25:29.678002Z  INFO herdr::logging: workspace focused event="workspace.focus" subsystem="workspace" outcome="ok" workspace_id="w2Y"
2026-07-29T17:25:29.678065Z  INFO herdr::logging: tab focused event="tab.focus" subsystem="tab" outcome="ok" workspace_id="w2Y" tab_id="w2Y:t1"
2026-07-29T17:25:29.713595Z  INFO herdr::logging: pane child exited event="pane.exit" subsystem="pane" outcome="completed" pane_id=88 status="ExitStatus { code: 1, signal: None }"
2026-07-29T17:25:29.714851Z  INFO herdr::pane: pane session terminated pane=88 pid=1348566 signal=Hangup
2026-07-29T17:25:29.715060Z  INFO herdr::logging: spawning pane terminal event="pane.spawn.start" subsystem="pane" outcome="started" pane_id=89 rows=64 cols=128 scrollback_limit_bytes=10000000
2026-07-29T17:25:29.716321Z  INFO herdr::logging: pane child spawned event="pane.spawned" subsystem="pane" outcome="ok" pane_id=89 pid=1348573
2026-07-29T17:25:29.716459Z  INFO herdr::logging: workspace created event="workspace.create" subsystem="workspace" outcome="ok" workspace_id="w2Z" pane_id=89
2026-07-29T17:25:29.716468Z  INFO herdr::logging: workspace focused event="workspace.focus" subsystem="workspace" outcome="ok" workspace_id="w2Z"
2026-07-29T17:25:29.716531Z  INFO herdr::logging: tab focused event="tab.focus" subsystem="tab" outcome="ok" workspace_id="w2Z" tab_id="w2Z:t1"
2026-07-29T17:25:29.753016Z  INFO herdr::logging: pane child exited event="pane.exit" subsystem="pane" outcome="completed" pane_id=89 status="ExitStatus { code: 1, signal: None }"
2026-07-29T17:25:29.754250Z  INFO herdr::pane: pane session terminated pane=89 pid=1348573 signal=Hangup
2026-07-29T17:25:29.754355Z  INFO herdr::logging: spawning pane terminal event="pane.spawn.start" subsystem="pane" outcome="started" pane_id=90 rows=64 cols=128 scrollback_limit_bytes=10000000
2026-07-29T17:25:29.755521Z  INFO herdr::logging: pane child spawned event="pane.spawned" subsystem="pane" outcome="ok" pane_id=90 pid=1348581
2026-07-29T17:25:29.755641Z  INFO herdr::logging: workspace created event="workspace.create" subsystem="workspace" outcome="ok" workspace_id="w20" pane_id=90
2026-07-29T17:25:29.755651Z  INFO herdr::logging: workspace focused event="workspace.focus" subsystem="workspace" outcome="ok" workspace_id="w20"
2026-07-29T17:25:29.755749Z  INFO herdr::logging: tab focused event="tab.focus" subsystem="tab" outcome="ok" workspace_id="w20" tab_id="w20:t1"
2026-07-29T17:25:29.790203Z  INFO herdr::logging: pane child exited event="pane.exit" subsystem="pane" outcome="completed" pane_id=90 status="ExitStatus { code: 1, signal: None }"
2026-07-29T17:25:29.791589Z  INFO herdr::pane: pane session terminated pane=90 pid=1348581 signal=Hangup
2026-07-29T17:25:29.791885Z  INFO herdr::logging: spawning pane terminal event="pane.spawn.start" subsystem="pane" outcome="started" pane_id=91 rows=64 cols=128 scrollback_limit_bytes=10000000
2026-07-29T17:25:29.793296Z  INFO herdr::logging: pane child spawned event="pane.spawned" subsystem="pane" outcome="ok" pane_id=91 pid=1348588
2026-07-29T17:25:29.793423Z  INFO herdr::logging: workspace created event="workspace.create" subsystem="workspace" outcome="ok" workspace_id="w31" pane_id=91
2026-07-29T17:25:29.793433Z  INFO herdr::logging: workspace focused event="workspace.focus" subsystem="workspace" outcome="ok" workspace_id="w31"
2026-07-29T17:25:29.793492Z  INFO herdr::logging: tab focused event="tab.focus" subsystem="tab" outcome="ok" workspace_id="w31" tab_id="w31:t1"
2026-07-29T17:25:29.827954Z  INFO herdr::logging: pane child exited event="pane.exit" subsystem="pane" outcome="completed" pane_id=91 status="ExitStatus { code: 1, signal: None }"
2026-07-29T17:25:29.829262Z  INFO herdr::pane: pane session terminated pane=91 pid=1348588 signal=Hangup
2026-07-29T17:25:29.829488Z  INFO herdr::logging: spawning pane terminal event="pane.spawn.start" subsystem="pane" outcome="started" pane_id=92 rows=64 cols=128 scrollback_limit_bytes=10000000
2026-07-29T17:25:29.830739Z  INFO herdr::logging: pane child spawned event="pane.spawned" subsystem="pane" outcome="ok" pane_id=92 pid=1348595
2026-07-29T17:25:29.830881Z  INFO herdr::logging: workspace created event="workspace.create" subsystem="workspace" outcome="ok" workspace_id="w32" pane_id=92
2026-07-29T17:25:29.830891Z  INFO herdr::logging: workspace focused event="workspace.focus" subsystem="workspace" outcome="ok" workspace_id="w32"
2026-07-29T17:25:29.830948Z  INFO herdr::logging: tab focused event="tab.focus" subsystem="tab" outcome="ok" workspace_id="w32" tab_id="w32:t1"
2026-07-29T17:25:29.866203Z  INFO herdr::logging: pane child exited event="pane.exit" subsystem="pane" outcome="completed" pane_id=92 status="ExitStatus { code: 1, signal: None }"
2026-07-29T17:25:29.867546Z  INFO herdr::pane: pane session terminated pane=92 pid=1348595 signal=Hangup
2026-07-29T17:25:29.867814Z  INFO herdr::logging: spawning pane terminal event="pane.spawn.start" subsystem="pane" outcome="started" pane_id=93 rows=64 cols=128 scrollback_limit_bytes=10000000
2026-07-29T17:25:29.869152Z  INFO herdr::logging: pane child spawned event="pane.spawned" subsystem="pane" outcome="ok" pane_id=93 pid=1348602
2026-07-29T17:25:29.869295Z  INFO herdr::logging: workspace created event="workspace.create" subsystem="workspace" outcome="ok" workspace_id="w33" pane_id=93
2026-07-29T17:25:29.869308Z  INFO herdr::logging: workspace focused event="workspace.focus" subsystem="workspace" outcome="ok" workspace_id="w33"
2026-07-29T17:25:29.869381Z  INFO herdr::logging: tab focused event="tab.focus" subsystem="tab" outcome="ok" workspace_id="w33" tab_id="w33:t1"
2026-07-29T17:25:29.903518Z  INFO herdr::logging: pane child exited event="pane.exit" subsystem="pane" outcome="completed" pane_id=93 status="ExitStatus { code: 1, signal: None }"
2026-07-29T17:25:29.904743Z  INFO herdr::pane: pane session terminated pane=93 pid=1348602 signal=Hangup
2026-07-29T17:25:29.904999Z  INFO herdr::logging: spawning pane terminal event="pane.spawn.start" subsystem="pane" outcome="started" pane_id=94 rows=64 cols=128 scrollback_limit_bytes=10000000
2026-07-29T17:25:29.906189Z  INFO herdr::logging: pane child spawned event="pane.spawned" subsystem="pane" outcome="ok" pane_id=94 pid=1348609
2026-07-29T17:25:29.906311Z  INFO herdr::logging: workspace created event="workspace.create" subsystem="workspace" outcome="ok" workspace_id="w34" pane_id=94
2026-07-29T17:25:29.906321Z  INFO herdr::logging: workspace focused event="workspace.focus" subsystem="workspace" outcome="ok" workspace_id="w34"
2026-07-29T17:25:29.906379Z  INFO herdr::logging: tab focused event="tab.focus" subsystem="tab" outcome="ok" workspace_id="w34" tab_id="w34:t1"
2026-07-29T17:25:29.941678Z  INFO herdr::logging: pane child exited event="pane.exit" subsystem="pane" outcome="completed" pane_id=94 status="ExitStatus { code: 1, signal: None }"
2026-07-29T17:25:29.943056Z  INFO herdr::pane: pane session terminated pane=94 pid=1348609 signal=Hangup
2026-07-29T17:25:29.943318Z  INFO herdr::logging: spawning pane terminal event="pane.spawn.start" subsystem="pane" outcome="started" pane_id=95 rows=64 cols=128 scrollback_limit_bytes=10000000
2026-07-29T17:25:29.944672Z  INFO herdr::logging: pane child spawned event="pane.spawned" subsystem="pane" outcome="ok" pane_id=95 pid=1348616
2026-07-29T17:25:29.944847Z  INFO herdr::logging: workspace created event="workspace.create" subsystem="workspace" outcome="ok" workspace_id="w35" pane_id=95
2026-07-29T17:25:29.944857Z  INFO herdr::logging: workspace focused event="workspace.focus" subsystem="workspace" outcome="ok" workspace_id="w35"
2026-07-29T17:25:29.944916Z  INFO herdr::logging: tab focused event="tab.focus" subsystem="tab" outcome="ok" workspace_id="w35" tab_id="w35:t1"
2026-07-29T17:25:29.980918Z  INFO herdr::logging: pane child exited event="pane.exit" subsystem="pane" outcome="completed" pane_id=95 status="ExitStatus { code: 1, signal: None }"
2026-07-29T17:25:29.982242Z  INFO herdr::pane: pane session terminated pane=95 pid=1348616 signal=Hangup
2026-07-29T17:25:29.982483Z  INFO herdr::logging: spawning pane terminal event="pane.spawn.start" subsystem="pane" outcome="started" pane_id=96 rows=64 cols=128 scrollback_limit_bytes=10000000
2026-07-29T17:25:29.983842Z  INFO herdr::logging: pane child spawned event="pane.spawned" subsystem="pane" outcome="ok" pane_id=96 pid=1348623
2026-07-29T17:25:29.984010Z  INFO herdr::logging: workspace created event="workspace.create" subsystem="workspace" outcome="ok" workspace_id="w36" pane_id=96
2026-07-29T17:25:29.984021Z  INFO herdr::logging: workspace focused event="workspace.focus" subsystem="workspace" outcome="ok" workspace_id="w36"
2026-07-29T17:25:29.984097Z  INFO herdr::logging: tab focused event="tab.focus" subsystem="tab" outcome="ok" workspace_id="w36" tab_id="w36:t1"
2026-07-29T17:25:30.019644Z  INFO herdr::logging: pane child exited event="pane.exit" subsystem="pane" outcome="completed" pane_id=96 status="ExitStatus { code: 1, signal: None }"
2026-07-29T17:25:30.020916Z  INFO herdr::pane: pane session terminated pane=96 pid=1348623 signal=Hangup
2026-07-29T17:25:30.021153Z  INFO herdr::logging: spawning pane terminal event="pane.spawn.start" subsystem="pane" outcome="started" pane_id=97 rows=64 cols=128 scrollback_limit_bytes=10000000
2026-07-29T17:25:30.022523Z  INFO herdr::logging: pane child spawned event="pane.spawned" subsystem="pane" outcome="ok" pane_id=97 pid=1348630
2026-07-29T17:25:30.022726Z  INFO herdr::logging: workspace created event="workspace.create" subsystem="workspace" outcome="ok" workspace_id="w37" pane_id=97
2026-07-29T17:25:30.022737Z  INFO herdr::logging: workspace focused event="workspace.focus" subsystem="workspace" outcome="ok" workspace_id="w37"
2026-07-29T17:25:30.022800Z  INFO herdr::logging: tab focused event="tab.focus" subsystem="tab" outcome="ok" workspace_id="w37" tab_id="w37:t1"
2026-07-29T17:25:30.060165Z  INFO herdr::logging: pane child exited event="pane.exit" subsystem="pane" outcome="completed" pane_id=97 status="ExitStatus { code: 1, signal: None }"
2026-07-29T17:25:30.061505Z  INFO herdr::pane: pane session terminated pane=97 pid=1348630 signal=Hangup
2026-07-29T17:25:30.061738Z  INFO herdr::logging: spawning pane terminal event="pane.spawn.start" subsystem="pane" outcome="started" pane_id=98 rows=64 cols=128 scrollback_limit_bytes=10000000
2026-07-29T17:25:30.062992Z  INFO herdr::logging: pane child spawned event="pane.spawned" subsystem="pane" outcome="ok" pane_id=98 pid=1348637
2026-07-29T17:25:30.063148Z  INFO herdr::logging: workspace created event="workspace.create" subsystem="workspace" outcome="ok" workspace_id="w38" pane_id=98
2026-07-29T17:25:30.063160Z  INFO herdr::logging: workspace focused event="workspace.focus" subsystem="workspace" outcome="ok" workspace_id="w38"
2026-07-29T17:25:30.063223Z  INFO herdr::logging: tab focused event="tab.focus" subsystem="tab" outcome="ok" workspace_id="w38" tab_id="w38:t1"
2026-07-29T17:25:30.098419Z  INFO herdr::logging: pane child exited event="pane.exit" subsystem="pane" outcome="completed" pane_id=98 status="ExitStatus { code: 1, signal: None }"
2026-07-29T17:25:30.099652Z  INFO herdr::pane: pane session terminated pane=98 pid=1348637 signal=Hangup
2026-07-29T17:25:30.099886Z  INFO herdr::logging: spawning pane terminal event="pane.spawn.start" subsystem="pane" outcome="started" pane_id=99 rows=64 cols=128 scrollback_limit_bytes=10000000
2026-07-29T17:25:30.101077Z  INFO herdr::logging: pane child spawned event="pane.spawned" subsystem="pane" outcome="ok" pane_id=99 pid=1348644
2026-07-29T17:25:30.101197Z  INFO herdr::logging: workspace created event="workspace.create" subsystem="workspace" outcome="ok" workspace_id="w39" pane_id=99
2026-07-29T17:25:30.101206Z  INFO herdr::logging: workspace focused event="workspace.focus" subsystem="workspace" outcome="ok" workspace_id="w39"
2026-07-29T17:25:30.101264Z  INFO herdr::logging: tab focused event="tab.focus" subsystem="tab" outcome="ok" workspace_id="w39" tab_id="w39:t1"
2026-07-29T17:25:30.136469Z  INFO herdr::logging: pane child exited event="pane.exit" subsystem="pane" outcome="completed" pane_id=99 status="ExitStatus { code: 1, signal: None }"
2026-07-29T17:25:30.137773Z  INFO herdr::pane: pane session terminated pane=99 pid=1348644 signal=Hangup
2026-07-29T17:25:30.137875Z  INFO herdr::logging: spawning pane terminal event="pane.spawn.start" subsystem="pane" outcome="started" pane_id=100 rows=64 cols=128 scrollback_limit_bytes=10000000
2026-07-29T17:25:30.139107Z  INFO herdr::logging: pane child spawned event="pane.spawned" subsystem="pane" outcome="ok" pane_id=100 pid=1348651
2026-07-29T17:25:30.139248Z  INFO herdr::logging: workspace created event="workspace.create" subsystem="workspace" outcome="ok" workspace_id="w3A" pane_id=100
2026-07-29T17:25:30.139257Z  INFO herdr::logging: workspace focused event="workspace.focus" subsystem="workspace" outcome="ok" workspace_id="w3A"
2026-07-29T17:25:30.139316Z  INFO herdr::logging: tab focused event="tab.focus" subsystem="tab" outcome="ok" workspace_id="w3A" tab_id="w3A:t1"
2026-07-29T17:25:30.174746Z  INFO herdr::logging: pane child exited event="pane.exit" subsystem="pane" outcome="completed" pane_id=100 status="ExitStatus { code: 1, signal: None }"
2026-07-29T17:25:30.175880Z  INFO herdr::pane: pane session terminated pane=100 pid=1348651 signal=Hangup
2026-07-29T17:25:30.176107Z  INFO herdr::logging: spawning pane terminal event="pane.spawn.start" subsystem="pane" outcome="started" pane_id=101 rows=64 cols=128 scrollback_limit_bytes=10000000
2026-07-29T17:25:30.177422Z  INFO herdr::logging: pane child spawned event="pane.spawned" subsystem="pane" outcome="ok" pane_id=101 pid=1348658
2026-07-29T17:25:30.177588Z  INFO herdr::logging: workspace created event="workspace.create" subsystem="workspace" outcome="ok" workspace_id="w3B" pane_id=101
2026-07-29T17:25:30.177598Z  INFO herdr::logging: workspace focused event="workspace.focus" subsystem="workspace" outcome="ok" workspace_id="w3B"
2026-07-29T17:25:30.177680Z  INFO herdr::logging: tab focused event="tab.focus" subsystem="tab" outcome="ok" workspace_id="w3B" tab_id="w3B:t1"
2026-07-29T17:25:30.227093Z  INFO herdr::logging: pane child exited event="pane.exit" subsystem="pane" outcome="completed" pane_id=101 status="ExitStatus { code: 1, signal: None }"
2026-07-29T17:25:30.228306Z  INFO herdr::pane: pane session terminated pane=101 pid=1348658 signal=Hangup
2026-07-29T17:25:30.228530Z  INFO herdr::logging: spawning pane terminal event="pane.spawn.start" subsystem="pane" outcome="started" pane_id=102 rows=64 cols=128 scrollback_limit_bytes=10000000
2026-07-29T17:25:30.229920Z  INFO herdr::logging: pane child spawned event="pane.spawned" subsystem="pane" outcome="ok" pane_id=102 pid=1348786
2026-07-29T17:25:30.230126Z  INFO herdr::logging: workspace created event="workspace.create" subsystem="workspace" outcome="ok" workspace_id="w3C" pane_id=102
2026-07-29T17:25:30.230143Z  INFO herdr::logging: workspace focused event="workspace.focus" subsystem="workspace" outcome="ok" workspace_id="w3C"
2026-07-29T17:25:30.230233Z  INFO herdr::logging: tab focused event="tab.focus" subsystem="tab" outcome="ok" workspace_id="w3C" tab_id="w3C:t1"
2026-07-29T17:25:30.285060Z  INFO herdr::logging: pane child exited event="pane.exit" subsystem="pane" outcome="completed" pane_id=102 status="ExitStatus { code: 1, signal: None }"
2026-07-29T17:25:30.287207Z  INFO herdr::pane: pane session terminated pane=102 pid=1348786 signal=Hangup
2026-07-29T17:25:30.287566Z  INFO herdr::logging: spawning pane terminal event="pane.spawn.start" subsystem="pane" outcome="started" pane_id=103 rows=64 cols=128 scrollback_limit_bytes=10000000
2026-07-29T17:25:30.289830Z  INFO herdr::logging: pane child spawned event="pane.spawned" subsystem="pane" outcome="ok" pane_id=103 pid=1348793
2026-07-29T17:25:30.290096Z  INFO herdr::logging: workspace created event="workspace.create" subsystem="workspace" outcome="ok" workspace_id="w3D" pane_id=103
2026-07-29T17:25:30.290120Z  INFO herdr::logging: workspace focused event="workspace.focus" subsystem="workspace" outcome="ok" workspace_id="w3D"
2026-07-29T17:25:30.290214Z  INFO herdr::logging: tab focused event="tab.focus" subsystem="tab" outcome="ok" workspace_id="w3D" tab_id="w3D:t1"
2026-07-29T17:25:30.341107Z  INFO herdr::logging: pane child exited event="pane.exit" subsystem="pane" outcome="completed" pane_id=103 status="ExitStatus { code: 1, signal: None }"
2026-07-29T17:25:30.342890Z  INFO herdr::pane: pane session terminated pane=103 pid=1348793 signal=Hangup
2026-07-29T17:25:30.343199Z  INFO herdr::logging: spawning pane terminal event="pane.spawn.start" subsystem="pane" outcome="started" pane_id=104 rows=64 cols=128 scrollback_limit_bytes=10000000
2026-07-29T17:25:30.344999Z  INFO herdr::logging: pane child spawned event="pane.spawned" subsystem="pane" outcome="ok" pane_id=104 pid=1348823
2026-07-29T17:25:30.345176Z  INFO herdr::logging: workspace created event="workspace.create" subsystem="workspace" outcome="ok" workspace_id="w3E" pane_id=104
2026-07-29T17:25:30.345188Z  INFO herdr::logging: workspace focused event="workspace.focus" subsystem="workspace" outcome="ok" workspace_id="w3E"
2026-07-29T17:25:30.345268Z  INFO herdr::logging: tab focused event="tab.focus" subsystem="tab" outcome="ok" workspace_id="w3E" tab_id="w3E:t1"
2026-07-29T17:25:30.383815Z  INFO herdr::logging: pane child exited event="pane.exit" subsystem="pane" outcome="completed" pane_id=104 status="ExitStatus { code: 1, signal: None }"
2026-07-29T17:25:30.384948Z  INFO herdr::pane: pane session terminated pane=104 pid=1348823 signal=Hangup
2026-07-29T17:25:30.385060Z  INFO herdr::logging: spawning pane terminal event="pane.spawn.start" subsystem="pane" outcome="started" pane_id=105 rows=64 cols=128 scrollback_limit_bytes=10000000
2026-07-29T17:25:30.386256Z  INFO herdr::logging: pane child spawned event="pane.spawned" subsystem="pane" outcome="ok" pane_id=105 pid=1348838
2026-07-29T17:25:30.386391Z  INFO herdr::logging: workspace created event="workspace.create" subsystem="workspace" outcome="ok" workspace_id="w3F" pane_id=105
2026-07-29T17:25:30.386400Z  INFO herdr::logging: workspace focused event="workspace.focus" subsystem="workspace" outcome="ok" workspace_id="w3F"
2026-07-29T17:25:30.386461Z  INFO herdr::logging: tab focused event="tab.focus" subsystem="tab" outcome="ok" workspace_id="w3F" tab_id="w3F:t1"
2026-07-29T17:25:30.421310Z  INFO herdr::logging: pane child exited event="pane.exit" subsystem="pane" outcome="completed" pane_id=105 status="ExitStatus { code: 1, signal: None }"
2026-07-29T17:25:30.422582Z  INFO herdr::pane: pane session terminated pane=105 pid=1348838 signal=Hangup
2026-07-29T17:25:30.422787Z  INFO herdr::logging: spawning pane terminal event="pane.spawn.start" subsystem="pane" outcome="started" pane_id=106 rows=64 cols=128 scrollback_limit_bytes=10000000
2026-07-29T17:25:30.424090Z  INFO herdr::logging: pane child spawned event="pane.spawned" subsystem="pane" outcome="ok" pane_id=106 pid=1348845
2026-07-29T17:25:30.424243Z  INFO herdr::logging: workspace created event="workspace.create" subsystem="workspace" outcome="ok" workspace_id="w3G" pane_id=106
2026-07-29T17:25:30.424266Z  INFO herdr::logging: workspace focused event="workspace.focus" subsystem="workspace" outcome="ok" workspace_id="w3G"
2026-07-29T17:25:30.424340Z  INFO herdr::logging: tab focused event="tab.focus" subsystem="tab" outcome="ok" workspace_id="w3G" tab_id="w3G:t1"
2026-07-29T17:25:30.460110Z  INFO herdr::logging: pane child exited event="pane.exit" subsystem="pane" outcome="completed" pane_id=106 status="ExitStatus { code: 1, signal: None }"
2026-07-29T17:25:30.461400Z  INFO herdr::pane: pane session terminated pane=106 pid=1348845 signal=Hangup
2026-07-29T17:25:30.461617Z  INFO herdr::logging: spawning pane terminal event="pane.spawn.start" subsystem="pane" outcome="started" pane_id=107 rows=64 cols=128 scrollback_limit_bytes=10000000
2026-07-29T17:25:30.462819Z  INFO herdr::logging: pane child spawned event="pane.spawned" subsystem="pane" outcome="ok" pane_id=107 pid=1348852
2026-07-29T17:25:30.462938Z  INFO herdr::logging: workspace created event="workspace.create" subsystem="workspace" outcome="ok" workspace_id="w3H" pane_id=107
2026-07-29T17:25:30.462948Z  INFO herdr::logging: workspace focused event="workspace.focus" subsystem="workspace" outcome="ok" workspace_id="w3H"
2026-07-29T17:25:30.463007Z  INFO herdr::logging: tab focused event="tab.focus" subsystem="tab" outcome="ok" workspace_id="w3H" tab_id="w3H:t1"
2026-07-29T17:25:30.497096Z  INFO herdr::logging: pane child exited event="pane.exit" subsystem="pane" outcome="completed" pane_id=107 status="ExitStatus { code: 1, signal: None }"
2026-07-29T17:25:30.498399Z  INFO herdr::pane: pane session terminated pane=107 pid=1348852 signal=Hangup
2026-07-29T17:25:30.498605Z  INFO herdr::logging: spawning pane terminal event="pane.spawn.start" subsystem="pane" outcome="started" pane_id=108 rows=64 cols=128 scrollback_limit_bytes=10000000
2026-07-29T17:25:30.499904Z  INFO herdr::logging: pane child spawned event="pane.spawned" subsystem="pane" outcome="ok" pane_id=108 pid=1348859
2026-07-29T17:25:30.500060Z  INFO herdr::logging: workspace created event="workspace.create" subsystem="workspace" outcome="ok" workspace_id="w3J" pane_id=108
2026-07-29T17:25:30.500069Z  INFO herdr::logging: workspace focused event="workspace.focus" subsystem="workspace" outcome="ok" workspace_id="w3J"
2026-07-29T17:25:30.500133Z  INFO herdr::logging: tab focused event="tab.focus" subsystem="tab" outcome="ok" workspace_id="w3J" tab_id="w3J:t1"
2026-07-29T17:25:30.536269Z  INFO herdr::logging: pane child exited event="pane.exit" subsystem="pane" outcome="completed" pane_id=108 status="ExitStatus { code: 1, signal: None }"
2026-07-29T17:25:30.537516Z  INFO herdr::pane: pane session terminated pane=108 pid=1348859 signal=Hangup
2026-07-29T17:25:30.537760Z  INFO herdr::logging: spawning pane terminal event="pane.spawn.start" subsystem="pane" outcome="started" pane_id=109 rows=64 cols=128 scrollback_limit_bytes=10000000
2026-07-29T17:25:30.538999Z  INFO herdr::logging: pane child spawned event="pane.spawned" subsystem="pane" outcome="ok" pane_id=109 pid=1348866
2026-07-29T17:25:30.539142Z  INFO herdr::logging: workspace created event="workspace.create" subsystem="workspace" outcome="ok" workspace_id="w3K" pane_id=109
2026-07-29T17:25:30.539152Z  INFO herdr::logging: workspace focused event="workspace.focus" subsystem="workspace" outcome="ok" workspace_id="w3K"
2026-07-29T17:25:30.539210Z  INFO herdr::logging: tab focused event="tab.focus" subsystem="tab" outcome="ok" workspace_id="w3K" tab_id="w3K:t1"
2026-07-29T17:25:30.573594Z  INFO herdr::logging: pane child exited event="pane.exit" subsystem="pane" outcome="completed" pane_id=109 status="ExitStatus { code: 1, signal: None }"
2026-07-29T17:25:30.574727Z  INFO herdr::pane: pane session terminated pane=109 pid=1348866 signal=Hangup
2026-07-29T17:25:30.574945Z  INFO herdr::logging: spawning pane terminal event="pane.spawn.start" subsystem="pane" outcome="started" pane_id=110 rows=64 cols=128 scrollback_limit_bytes=10000000
2026-07-29T17:25:30.576284Z  INFO herdr::logging: pane child spawned event="pane.spawned" subsystem="pane" outcome="ok" pane_id=110 pid=1348888
2026-07-29T17:25:30.576434Z  INFO herdr::logging: workspace created event="workspace.create" subsystem="workspace" outcome="ok" workspace_id="w3M" pane_id=110
2026-07-29T17:25:30.576445Z  INFO herdr::logging: workspace focused event="workspace.focus" subsystem="workspace" outcome="ok" workspace_id="w3M"
2026-07-29T17:25:30.576519Z  INFO herdr::logging: tab focused event="tab.focus" subsystem="tab" outcome="ok" workspace_id="w3M" tab_id="w3M:t1"
2026-07-29T17:25:30.611050Z  INFO herdr::logging: pane child exited event="pane.exit" subsystem="pane" outcome="completed" pane_id=110 status="ExitStatus { code: 1, signal: None }"
2026-07-29T17:25:30.612421Z  INFO herdr::pane: pane session terminated pane=110 pid=1348888 signal=Hangup
2026-07-29T17:25:30.612737Z  INFO herdr::logging: spawning pane terminal event="pane.spawn.start" subsystem="pane" outcome="started" pane_id=111 rows=64 cols=128 scrollback_limit_bytes=10000000
2026-07-29T17:25:30.614136Z  INFO herdr::logging: pane child spawned event="pane.spawned" subsystem="pane" outcome="ok" pane_id=111 pid=1348896
2026-07-29T17:25:30.614295Z  INFO herdr::logging: workspace created event="workspace.create" subsystem="workspace" outcome="ok" workspace_id="w3N" pane_id=111
2026-07-29T17:25:30.614306Z  INFO herdr::logging: workspace focused event="workspace.focus" subsystem="workspace" outcome="ok" workspace_id="w3N"
2026-07-29T17:25:30.614363Z  INFO herdr::logging: tab focused event="tab.focus" subsystem="tab" outcome="ok" workspace_id="w3N" tab_id="w3N:t1"
2026-07-29T17:25:30.649782Z  INFO herdr::logging: pane child exited event="pane.exit" subsystem="pane" outcome="completed" pane_id=111 status="ExitStatus { code: 1, signal: None }"
2026-07-29T17:25:30.651090Z  INFO herdr::pane: pane session terminated pane=111 pid=1348896 signal=Hangup
2026-07-29T17:25:30.651301Z  INFO herdr::logging: spawning pane terminal event="pane.spawn.start" subsystem="pane" outcome="started" pane_id=112 rows=64 cols=128 scrollback_limit_bytes=10000000
2026-07-29T17:25:30.652551Z  INFO herdr::logging: pane child spawned event="pane.spawned" subsystem="pane" outcome="ok" pane_id=112 pid=1348903
2026-07-29T17:25:30.652687Z  INFO herdr::logging: workspace created event="workspace.create" subsystem="workspace" outcome="ok" workspace_id="w3P" pane_id=112
2026-07-29T17:25:30.652697Z  INFO herdr::logging: workspace focused event="workspace.focus" subsystem="workspace" outcome="ok" workspace_id="w3P"
2026-07-29T17:25:30.652757Z  INFO herdr::logging: tab focused event="tab.focus" subsystem="tab" outcome="ok" workspace_id="w3P" tab_id="w3P:t1"
2026-07-29T17:25:30.687342Z  INFO herdr::logging: pane child exited event="pane.exit" subsystem="pane" outcome="completed" pane_id=112 status="ExitStatus { code: 1, signal: None }"
2026-07-29T17:25:30.688692Z  INFO herdr::pane: pane session terminated pane=112 pid=1348903 signal=Hangup
2026-07-29T17:25:30.688911Z  INFO herdr::logging: spawning pane terminal event="pane.spawn.start" subsystem="pane" outcome="started" pane_id=113 rows=64 cols=128 scrollback_limit_bytes=10000000
2026-07-29T17:25:30.690130Z  INFO herdr::logging: pane child spawned event="pane.spawned" subsystem="pane" outcome="ok" pane_id=113 pid=1348910
2026-07-29T17:25:30.690286Z  INFO herdr::logging: workspace created event="workspace.create" subsystem="workspace" outcome="ok" workspace_id="w3Q" pane_id=113
2026-07-29T17:25:30.690296Z  INFO herdr::logging: workspace focused event="workspace.focus" subsystem="workspace" outcome="ok" workspace_id="w3Q"
2026-07-29T17:25:30.690355Z  INFO herdr::logging: tab focused event="tab.focus" subsystem="tab" outcome="ok" workspace_id="w3Q" tab_id="w3Q:t1"
2026-07-29T17:25:30.725495Z  INFO herdr::logging: pane child exited event="pane.exit" subsystem="pane" outcome="completed" pane_id=113 status="ExitStatus { code: 1, signal: None }"
2026-07-29T17:25:30.726920Z  INFO herdr::pane: pane session terminated pane=113 pid=1348910 signal=Hangup
2026-07-29T17:25:30.727169Z  INFO herdr::logging: spawning pane terminal event="pane.spawn.start" subsystem="pane" outcome="started" pane_id=114 rows=64 cols=128 scrollback_limit_bytes=10000000
2026-07-29T17:25:30.728426Z  INFO herdr::logging: pane child spawned event="pane.spawned" subsystem="pane" outcome="ok" pane_id=114 pid=1348917
2026-07-29T17:25:30.728591Z  INFO herdr::logging: workspace created event="workspace.create" subsystem="workspace" outcome="ok" workspace_id="w3R" pane_id=114
2026-07-29T17:25:30.728601Z  INFO herdr::logging: workspace focused event="workspace.focus" subsystem="workspace" outcome="ok" workspace_id="w3R"
2026-07-29T17:25:30.728690Z  INFO herdr::logging: tab focused event="tab.focus" subsystem="tab" outcome="ok" workspace_id="w3R" tab_id="w3R:t1"
2026-07-29T17:25:30.763587Z  INFO herdr::logging: pane child exited event="pane.exit" subsystem="pane" outcome="completed" pane_id=114 status="ExitStatus { code: 1, signal: None }"
2026-07-29T17:25:30.764947Z  INFO herdr::pane: pane session terminated pane=114 pid=1348917 signal=Hangup
2026-07-29T17:25:30.765058Z  INFO herdr::logging: spawning pane terminal event="pane.spawn.start" subsystem="pane" outcome="started" pane_id=115 rows=64 cols=128 scrollback_limit_bytes=10000000
2026-07-29T17:25:30.766303Z  INFO herdr::logging: pane child spawned event="pane.spawned" subsystem="pane" outcome="ok" pane_id=115 pid=1348924
2026-07-29T17:25:30.766451Z  INFO herdr::logging: workspace created event="workspace.create" subsystem="workspace" outcome="ok" workspace_id="w3S" pane_id=115
2026-07-29T17:25:30.766461Z  INFO herdr::logging: workspace focused event="workspace.focus" subsystem="workspace" outcome="ok" workspace_id="w3S"
2026-07-29T17:25:30.766522Z  INFO herdr::logging: tab focused event="tab.focus" subsystem="tab" outcome="ok" workspace_id="w3S" tab_id="w3S:t1"
2026-07-29T17:25:30.801986Z  INFO herdr::logging: pane child exited event="pane.exit" subsystem="pane" outcome="completed" pane_id=115 status="ExitStatus { code: 1, signal: None }"
2026-07-29T17:25:30.803385Z  INFO herdr::pane: pane session terminated pane=115 pid=1348924 signal=Hangup
2026-07-29T17:25:30.803641Z  INFO herdr::logging: spawning pane terminal event="pane.spawn.start" subsystem="pane" outcome="started" pane_id=116 rows=64 cols=128 scrollback_limit_bytes=10000000
2026-07-29T17:25:30.804939Z  INFO herdr::logging: pane child spawned event="pane.spawned" subsystem="pane" outcome="ok" pane_id=116 pid=1348931
2026-07-29T17:25:30.805107Z  INFO herdr::logging: workspace created event="workspace.create" subsystem="workspace" outcome="ok" workspace_id="w3T" pane_id=116
2026-07-29T17:25:30.805117Z  INFO herdr::logging: workspace focused event="workspace.focus" subsystem="workspace" outcome="ok" workspace_id="w3T"
2026-07-29T17:25:30.805175Z  INFO herdr::logging: tab focused event="tab.focus" subsystem="tab" outcome="ok" workspace_id="w3T" tab_id="w3T:t1"
2026-07-29T17:25:30.839422Z  INFO herdr::logging: pane child exited event="pane.exit" subsystem="pane" outcome="completed" pane_id=116 status="ExitStatus { code: 1, signal: None }"
2026-07-29T17:25:30.840591Z  INFO herdr::pane: pane session terminated pane=116 pid=1348931 signal=Hangup
2026-07-29T17:25:30.840842Z  INFO herdr::logging: spawning pane terminal event="pane.spawn.start" subsystem="pane" outcome="started" pane_id=117 rows=64 cols=128 scrollback_limit_bytes=10000000
2026-07-29T17:25:30.842317Z  INFO herdr::logging: pane child spawned event="pane.spawned" subsystem="pane" outcome="ok" pane_id=117 pid=1348938
2026-07-29T17:25:30.842454Z  INFO herdr::logging: workspace created event="workspace.create" subsystem="workspace" outcome="ok" workspace_id="w3V" pane_id=117
2026-07-29T17:25:30.842464Z  INFO herdr::logging: workspace focused event="workspace.focus" subsystem="workspace" outcome="ok" workspace_id="w3V"
2026-07-29T17:25:30.842537Z  INFO herdr::logging: tab focused event="tab.focus" subsystem="tab" outcome="ok" workspace_id="w3V" tab_id="w3V:t1"
2026-07-29T17:25:30.878414Z  INFO herdr::logging: pane child exited event="pane.exit" subsystem="pane" outcome="completed" pane_id=117 status="ExitStatus { code: 1, signal: None }"
2026-07-29T17:25:30.879626Z  INFO herdr::pane: pane session terminated pane=117 pid=1348938 signal=Hangup
2026-07-29T17:25:30.879852Z  INFO herdr::logging: spawning pane terminal event="pane.spawn.start" subsystem="pane" outcome="started" pane_id=118 rows=64 cols=128 scrollback_limit_bytes=10000000
2026-07-29T17:25:30.881159Z  INFO herdr::logging: pane child spawned event="pane.spawned" subsystem="pane" outcome="ok" pane_id=118 pid=1348945
2026-07-29T17:25:30.881292Z  INFO herdr::logging: workspace created event="workspace.create" subsystem="workspace" outcome="ok" workspace_id="w3W" pane_id=118
2026-07-29T17:25:30.881304Z  INFO herdr::logging: workspace focused event="workspace.focus" subsystem="workspace" outcome="ok" workspace_id="w3W"
2026-07-29T17:25:30.881376Z  INFO herdr::logging: tab focused event="tab.focus" subsystem="tab" outcome="ok" workspace_id="w3W" tab_id="w3W:t1"
2026-07-29T17:25:30.915402Z  INFO herdr::logging: pane child exited event="pane.exit" subsystem="pane" outcome="completed" pane_id=118 status="ExitStatus { code: 1, signal: None }"
2026-07-29T17:25:30.916639Z  INFO herdr::pane: pane session terminated pane=118 pid=1348945 signal=Hangup
2026-07-29T17:25:30.916871Z  INFO herdr::logging: spawning pane terminal event="pane.spawn.start" subsystem="pane" outcome="started" pane_id=119 rows=64 cols=128 scrollback_limit_bytes=10000000
2026-07-29T17:25:30.918072Z  INFO herdr::logging: pane child spawned event="pane.spawned" subsystem="pane" outcome="ok" pane_id=119 pid=1348952
2026-07-29T17:25:30.918219Z  INFO herdr::logging: workspace created event="workspace.create" subsystem="workspace" outcome="ok" workspace_id="w3X" pane_id=119
2026-07-29T17:25:30.918230Z  INFO herdr::logging: workspace focused event="workspace.focus" subsystem="workspace" outcome="ok" workspace_id="w3X"
2026-07-29T17:25:30.918292Z  INFO herdr::logging: tab focused event="tab.focus" subsystem="tab" outcome="ok" workspace_id="w3X" tab_id="w3X:t1"
2026-07-29T17:25:30.954248Z  INFO herdr::logging: pane child exited event="pane.exit" subsystem="pane" outcome="completed" pane_id=119 status="ExitStatus { code: 1, signal: None }"
2026-07-29T17:25:30.955516Z  INFO herdr::pane: pane session terminated pane=119 pid=1348952 signal=Hangup
2026-07-29T17:25:30.955744Z  INFO herdr::logging: spawning pane terminal event="pane.spawn.start" subsystem="pane" outcome="started" pane_id=120 rows=64 cols=128 scrollback_limit_bytes=10000000
2026-07-29T17:25:30.956980Z  INFO herdr::logging: pane child spawned event="pane.spawned" subsystem="pane" outcome="ok" pane_id=120 pid=1348959
2026-07-29T17:25:30.957130Z  INFO herdr::logging: workspace created event="workspace.create" subsystem="workspace" outcome="ok" workspace_id="w3Y" pane_id=120
2026-07-29T17:25:30.957140Z  INFO herdr::logging: workspace focused event="workspace.focus" subsystem="workspace" outcome="ok" workspace_id="w3Y"
2026-07-29T17:25:30.957198Z  INFO herdr::logging: tab focused event="tab.focus" subsystem="tab" outcome="ok" workspace_id="w3Y" tab_id="w3Y:t1"
2026-07-29T17:25:30.992761Z  INFO herdr::logging: pane child exited event="pane.exit" subsystem="pane" outcome="completed" pane_id=120 status="ExitStatus { code: 1, signal: None }"
2026-07-29T17:25:30.993820Z  INFO herdr::pane: pane session terminated pane=120 pid=1348959 signal=Hangup
2026-07-29T17:25:30.994042Z  INFO herdr::logging: spawning pane terminal event="pane.spawn.start" subsystem="pane" outcome="started" pane_id=121 rows=64 cols=128 scrollback_limit_bytes=10000000
2026-07-29T17:25:30.995320Z  INFO herdr::logging: pane child spawned event="pane.spawned" subsystem="pane" outcome="ok" pane_id=121 pid=1348966
2026-07-29T17:25:30.995478Z  INFO herdr::logging: workspace created event="workspace.create" subsystem="workspace" outcome="ok" workspace_id="w3Z" pane_id=121
2026-07-29T17:25:30.995488Z  INFO herdr::logging: workspace focused event="workspace.focus" subsystem="workspace" outcome="ok" workspace_id="w3Z"
2026-07-29T17:25:30.995554Z  INFO herdr::logging: tab focused event="tab.focus" subsystem="tab" outcome="ok" workspace_id="w3Z" tab_id="w3Z:t1"
2026-07-29T17:25:31.031681Z  INFO herdr::logging: pane child exited event="pane.exit" subsystem="pane" outcome="completed" pane_id=121 status="ExitStatus { code: 1, signal: None }"
2026-07-29T17:25:31.033181Z  INFO herdr::pane: pane session terminated pane=121 pid=1348966 signal=Hangup
2026-07-29T17:25:31.033655Z  INFO herdr::logging: spawning pane terminal event="pane.spawn.start" subsystem="pane" outcome="started" pane_id=122 rows=64 cols=128 scrollback_limit_bytes=10000000
2026-07-29T17:25:31.034959Z  INFO herdr::logging: pane child spawned event="pane.spawned" subsystem="pane" outcome="ok" pane_id=122 pid=1348973
2026-07-29T17:25:31.035081Z  INFO herdr::logging: workspace created event="workspace.create" subsystem="workspace" outcome="ok" workspace_id="w30" pane_id=122
2026-07-29T17:25:31.035089Z  INFO herdr::logging: workspace focused event="workspace.focus" subsystem="workspace" outcome="ok" workspace_id="w30"
2026-07-29T17:25:31.035147Z  INFO herdr::logging: tab focused event="tab.focus" subsystem="tab" outcome="ok" workspace_id="w30" tab_id="w30:t1"
2026-07-29T17:25:31.069327Z  INFO herdr::logging: pane child exited event="pane.exit" subsystem="pane" outcome="completed" pane_id=122 status="ExitStatus { code: 1, signal: None }"
2026-07-29T17:25:31.070621Z  INFO herdr::pane: pane session terminated pane=122 pid=1348973 signal=Hangup
2026-07-29T17:25:31.070847Z  INFO herdr::logging: spawning pane terminal event="pane.spawn.start" subsystem="pane" outcome="started" pane_id=123 rows=64 cols=128 scrollback_limit_bytes=10000000
2026-07-29T17:25:31.072085Z  INFO herdr::logging: pane child spawned event="pane.spawned" subsystem="pane" outcome="ok" pane_id=123 pid=1348980
2026-07-29T17:25:31.072219Z  INFO herdr::logging: workspace created event="workspace.create" subsystem="workspace" outcome="ok" workspace_id="w41" pane_id=123
2026-07-29T17:25:31.072229Z  INFO herdr::logging: workspace focused event="workspace.focus" subsystem="workspace" outcome="ok" workspace_id="w41"
2026-07-29T17:25:31.072288Z  INFO herdr::logging: tab focused event="tab.focus" subsystem="tab" outcome="ok" workspace_id="w41" tab_id="w41:t1"
2026-07-29T17:25:31.106844Z  INFO herdr::logging: pane child exited event="pane.exit" subsystem="pane" outcome="completed" pane_id=123 status="ExitStatus { code: 1, signal: None }"
2026-07-29T17:25:31.108244Z  INFO herdr::pane: pane session terminated pane=123 pid=1348980 signal=Hangup
2026-07-29T17:25:31.108496Z  INFO herdr::logging: spawning pane terminal event="pane.spawn.start" subsystem="pane" outcome="started" pane_id=124 rows=64 cols=128 scrollback_limit_bytes=10000000
2026-07-29T17:25:31.109926Z  INFO herdr::logging: pane child spawned event="pane.spawned" subsystem="pane" outcome="ok" pane_id=124 pid=1348987
2026-07-29T17:25:31.110078Z  INFO herdr::logging: workspace created event="workspace.create" subsystem="workspace" outcome="ok" workspace_id="w42" pane_id=124
2026-07-29T17:25:31.110101Z  INFO herdr::logging: workspace focused event="workspace.focus" subsystem="workspace" outcome="ok" workspace_id="w42"
2026-07-29T17:25:31.110325Z  INFO herdr::logging: tab focused event="tab.focus" subsystem="tab" outcome="ok" workspace_id="w42" tab_id="w42:t1"
2026-07-29T17:25:31.144411Z  INFO herdr::logging: pane child exited event="pane.exit" subsystem="pane" outcome="completed" pane_id=124 status="ExitStatus { code: 1, signal: None }"
2026-07-29T17:25:31.145803Z  INFO herdr::pane: pane session terminated pane=124 pid=1348987 signal=Hangup
2026-07-29T17:25:31.146032Z  INFO herdr::logging: spawning pane terminal event="pane.spawn.start" subsystem="pane" outcome="started" pane_id=125 rows=64 cols=128 scrollback_limit_bytes=10000000
2026-07-29T17:25:31.147383Z  INFO herdr::logging: pane child spawned event="pane.spawned" subsystem="pane" outcome="ok" pane_id=125 pid=1348994
2026-07-29T17:25:31.147531Z  INFO herdr::logging: workspace created event="workspace.create" subsystem="workspace" outcome="ok" workspace_id="w43" pane_id=125
2026-07-29T17:25:31.147547Z  INFO herdr::logging: workspace focused event="workspace.focus" subsystem="workspace" outcome="ok" workspace_id="w43"
2026-07-29T17:25:31.147619Z  INFO herdr::logging: tab focused event="tab.focus" subsystem="tab" outcome="ok" workspace_id="w43" tab_id="w43:t1"
2026-07-29T17:25:31.183178Z  INFO herdr::logging: pane child exited event="pane.exit" subsystem="pane" outcome="completed" pane_id=125 status="ExitStatus { code: 1, signal: None }"
2026-07-29T17:25:31.184954Z  INFO herdr::pane: pane session terminated pane=125 pid=1348994 signal=Hangup
2026-07-29T17:25:31.185229Z  INFO herdr::logging: spawning pane terminal event="pane.spawn.start" subsystem="pane" outcome="started" pane_id=126 rows=64 cols=128 scrollback_limit_bytes=10000000
2026-07-29T17:25:31.186920Z  INFO herdr::logging: pane child spawned event="pane.spawned" subsystem="pane" outcome="ok" pane_id=126 pid=1349052
2026-07-29T17:25:31.187089Z  INFO herdr::logging: workspace created event="workspace.create" subsystem="workspace" outcome="ok" workspace_id="w44" pane_id=126
2026-07-29T17:25:31.187104Z  INFO herdr::logging: workspace focused event="workspace.focus" subsystem="workspace" outcome="ok" workspace_id="w44"
2026-07-29T17:25:31.187203Z  INFO herdr::logging: tab focused event="tab.focus" subsystem="tab" outcome="ok" workspace_id="w44" tab_id="w44:t1"
2026-07-29T17:25:31.231295Z  INFO herdr::logging: pane child exited event="pane.exit" subsystem="pane" outcome="completed" pane_id=126 status="ExitStatus { code: 1, signal: None }"
2026-07-29T17:25:31.231442Z  INFO herdr::pane: pane session terminated pane=126 pid=1349052 signal=Hangup
2026-07-29T17:25:31.231721Z  INFO herdr::logging: spawning pane terminal event="pane.spawn.start" subsystem="pane" outcome="started" pane_id=127 rows=64 cols=128 scrollback_limit_bytes=10000000
2026-07-29T17:25:31.233076Z  INFO herdr::logging: pane child spawned event="pane.spawned" subsystem="pane" outcome="ok" pane_id=127 pid=1349095
2026-07-29T17:25:31.233255Z  INFO herdr::logging: workspace created event="workspace.create" subsystem="workspace" outcome="ok" workspace_id="w45" pane_id=127
2026-07-29T17:25:31.233269Z  INFO herdr::logging: workspace focused event="workspace.focus" subsystem="workspace" outcome="ok" workspace_id="w45"
2026-07-29T17:25:31.233337Z  INFO herdr::logging: tab focused event="tab.focus" subsystem="tab" outcome="ok" workspace_id="w45" tab_id="w45:t1"
2026-07-29T17:25:31.269752Z  INFO herdr::logging: pane child exited event="pane.exit" subsystem="pane" outcome="completed" pane_id=127 status="ExitStatus { code: 1, signal: None }"
2026-07-29T17:25:31.271123Z  INFO herdr::pane: pane session terminated pane=127 pid=1349095 signal=Hangup
2026-07-29T17:25:31.271426Z  INFO herdr::logging: spawning pane terminal event="pane.spawn.start" subsystem="pane" outcome="started" pane_id=128 rows=64 cols=128 scrollback_limit_bytes=10000000
2026-07-29T17:25:31.273105Z  INFO herdr::logging: pane child spawned event="pane.spawned" subsystem="pane" outcome="ok" pane_id=128 pid=1349102
2026-07-29T17:25:31.273350Z  INFO herdr::logging: workspace created event="workspace.create" subsystem="workspace" outcome="ok" workspace_id="w46" pane_id=128
2026-07-29T17:25:31.273364Z  INFO herdr::logging: workspace focused event="workspace.focus" subsystem="workspace" outcome="ok" workspace_id="w46"
2026-07-29T17:25:31.273438Z  INFO herdr::logging: tab focused event="tab.focus" subsystem="tab" outcome="ok" workspace_id="w46" tab_id="w46:t1"
2026-07-29T17:25:31.315606Z  INFO herdr::logging: pane child exited event="pane.exit" subsystem="pane" outcome="completed" pane_id=128 status="ExitStatus { code: 1, signal: None }"
2026-07-29T17:25:31.316916Z  INFO herdr::pane: pane session terminated pane=128 pid=1349102 signal=Hangup
2026-07-29T17:25:31.317164Z  INFO herdr::logging: spawning pane terminal event="pane.spawn.start" subsystem="pane" outcome="started" pane_id=129 rows=64 cols=128 scrollback_limit_bytes=10000000
2026-07-29T17:25:31.318513Z  INFO herdr::logging: pane child spawned event="pane.spawned" subsystem="pane" outcome="ok" pane_id=129 pid=1349122
2026-07-29T17:25:31.318691Z  INFO herdr::logging: workspace created event="workspace.create" subsystem="workspace" outcome="ok" workspace_id="w47" pane_id=129
2026-07-29T17:25:31.318702Z  INFO herdr::logging: workspace focused event="workspace.focus" subsystem="workspace" outcome="ok" workspace_id="w47"
2026-07-29T17:25:31.318766Z  INFO herdr::logging: tab focused event="tab.focus" subsystem="tab" outcome="ok" workspace_id="w47" tab_id="w47:t1"
2026-07-29T17:25:31.355136Z  INFO herdr::logging: pane child exited event="pane.exit" subsystem="pane" outcome="completed" pane_id=129 status="ExitStatus { code: 1, signal: None }"
2026-07-29T17:25:31.356404Z  INFO herdr::pane: pane session terminated pane=129 pid=1349122 signal=Hangup
2026-07-29T17:25:31.356634Z  INFO herdr::logging: spawning pane terminal event="pane.spawn.start" subsystem="pane" outcome="started" pane_id=130 rows=64 cols=128 scrollback_limit_bytes=10000000
2026-07-29T17:25:31.358018Z  INFO herdr::logging: pane child spawned event="pane.spawned" subsystem="pane" outcome="ok" pane_id=130 pid=1349130
2026-07-29T17:25:31.358187Z  INFO herdr::logging: workspace created event="workspace.create" subsystem="workspace" outcome="ok" workspace_id="w48" pane_id=130
2026-07-29T17:25:31.358196Z  INFO herdr::logging: workspace focused event="workspace.focus" subsystem="workspace" outcome="ok" workspace_id="w48"
2026-07-29T17:25:31.358259Z  INFO herdr::logging: tab focused event="tab.focus" subsystem="tab" outcome="ok" workspace_id="w48" tab_id="w48:t1"
2026-07-29T17:25:31.394232Z  INFO herdr::logging: pane child exited event="pane.exit" subsystem="pane" outcome="completed" pane_id=130 status="ExitStatus { code: 1, signal: None }"
2026-07-29T17:25:31.395365Z  INFO herdr::pane: pane session terminated pane=130 pid=1349130 signal=Hangup
2026-07-29T17:25:31.395584Z  INFO herdr::logging: spawning pane terminal event="pane.spawn.start" subsystem="pane" outcome="started" pane_id=131 rows=64 cols=128 scrollback_limit_bytes=10000000
2026-07-29T17:25:31.396889Z  INFO herdr::logging: pane child spawned event="pane.spawned" subsystem="pane" outcome="ok" pane_id=131 pid=1349137
2026-07-29T17:25:31.397050Z  INFO herdr::logging: workspace created event="workspace.create" subsystem="workspace" outcome="ok" workspace_id="w49" pane_id=131
2026-07-29T17:25:31.397060Z  INFO herdr::logging: workspace focused event="workspace.focus" subsystem="workspace" outcome="ok" workspace_id="w49"
2026-07-29T17:25:31.397121Z  INFO herdr::logging: tab focused event="tab.focus" subsystem="tab" outcome="ok" workspace_id="w49" tab_id="w49:t1"
2026-07-29T17:25:31.431906Z  INFO herdr::logging: pane child exited event="pane.exit" subsystem="pane" outcome="completed" pane_id=131 status="ExitStatus { code: 1, signal: None }"
2026-07-29T17:25:31.433063Z  INFO herdr::pane: pane session terminated pane=131 pid=1349137 signal=Hangup
2026-07-29T17:25:31.433285Z  INFO herdr::logging: spawning pane terminal event="pane.spawn.start" subsystem="pane" outcome="started" pane_id=132 rows=64 cols=128 scrollback_limit_bytes=10000000
2026-07-29T17:25:31.434539Z  INFO herdr::logging: pane child spawned event="pane.spawned" subsystem="pane" outcome="ok" pane_id=132 pid=1349144
2026-07-29T17:25:31.434704Z  INFO herdr::logging: workspace created event="workspace.create" subsystem="workspace" outcome="ok" workspace_id="w4A" pane_id=132
2026-07-29T17:25:31.434714Z  INFO herdr::logging: workspace focused event="workspace.focus" subsystem="workspace" outcome="ok" workspace_id="w4A"
2026-07-29T17:25:31.434775Z  INFO herdr::logging: tab focused event="tab.focus" subsystem="tab" outcome="ok" workspace_id="w4A" tab_id="w4A:t1"
2026-07-29T17:25:31.470300Z  INFO herdr::logging: pane child exited event="pane.exit" subsystem="pane" outcome="completed" pane_id=132 status="ExitStatus { code: 1, signal: None }"
2026-07-29T17:25:31.471713Z  INFO herdr::pane: pane session terminated pane=132 pid=1349144 signal=Hangup
2026-07-29T17:25:31.471998Z  INFO herdr::logging: spawning pane terminal event="pane.spawn.start" subsystem="pane" outcome="started" pane_id=133 rows=64 cols=128 scrollback_limit_bytes=10000000
2026-07-29T17:25:31.473465Z  INFO herdr::logging: pane child spawned event="pane.spawned" subsystem="pane" outcome="ok" pane_id=133 pid=1349152
2026-07-29T17:25:31.473634Z  INFO herdr::logging: workspace created event="workspace.create" subsystem="workspace" outcome="ok" workspace_id="w4B" pane_id=133
2026-07-29T17:25:31.473644Z  INFO herdr::logging: workspace focused event="workspace.focus" subsystem="workspace" outcome="ok" workspace_id="w4B"
2026-07-29T17:25:31.473719Z  INFO herdr::logging: tab focused event="tab.focus" subsystem="tab" outcome="ok" workspace_id="w4B" tab_id="w4B:t1"
2026-07-29T17:25:31.509363Z  INFO herdr::logging: pane child exited event="pane.exit" subsystem="pane" outcome="completed" pane_id=133 status="ExitStatus { code: 1, signal: None }"
2026-07-29T17:25:31.510862Z  INFO herdr::pane: pane session terminated pane=133 pid=1349152 signal=Hangup
2026-07-29T17:25:31.511106Z  INFO herdr::logging: spawning pane terminal event="pane.spawn.start" subsystem="pane" outcome="started" pane_id=134 rows=64 cols=128 scrollback_limit_bytes=10000000
2026-07-29T17:25:31.512390Z  INFO herdr::logging: pane child spawned event="pane.spawned" subsystem="pane" outcome="ok" pane_id=134 pid=1349159
2026-07-29T17:25:31.512571Z  INFO herdr::logging: workspace created event="workspace.create" subsystem="workspace" outcome="ok" workspace_id="w4C" pane_id=134
2026-07-29T17:25:31.512581Z  INFO herdr::logging: workspace focused event="workspace.focus" subsystem="workspace" outcome="ok" workspace_id="w4C"
2026-07-29T17:25:31.512644Z  INFO herdr::logging: tab focused event="tab.focus" subsystem="tab" outcome="ok" workspace_id="w4C" tab_id="w4C:t1"
2026-07-29T17:25:31.547993Z  INFO herdr::logging: pane child exited event="pane.exit" subsystem="pane" outcome="completed" pane_id=134 status="ExitStatus { code: 1, signal: None }"
2026-07-29T17:25:31.549180Z  INFO herdr::pane: pane session terminated pane=134 pid=1349159 signal=Hangup
2026-07-29T17:25:31.549399Z  INFO herdr::logging: spawning pane terminal event="pane.spawn.start" subsystem="pane" outcome="started" pane_id=135 rows=64 cols=128 scrollback_limit_bytes=10000000
2026-07-29T17:25:31.550672Z  INFO herdr::logging: pane child spawned event="pane.spawned" subsystem="pane" outcome="ok" pane_id=135 pid=1349166
2026-07-29T17:25:31.550856Z  INFO herdr::logging: workspace created event="workspace.create" subsystem="workspace" outcome="ok" workspace_id="w4D" pane_id=135
2026-07-29T17:25:31.550867Z  INFO herdr::logging: workspace focused event="workspace.focus" subsystem="workspace" outcome="ok" workspace_id="w4D"
2026-07-29T17:25:31.550929Z  INFO herdr::logging: tab focused event="tab.focus" subsystem="tab" outcome="ok" workspace_id="w4D" tab_id="w4D:t1"
2026-07-29T17:25:31.588018Z  INFO herdr::logging: pane child exited event="pane.exit" subsystem="pane" outcome="completed" pane_id=135 status="ExitStatus { code: 1, signal: None }"
2026-07-29T17:25:31.589428Z  INFO herdr::pane: pane session terminated pane=135 pid=1349166 signal=Hangup
2026-07-29T17:25:31.589682Z  INFO herdr::logging: spawning pane terminal event="pane.spawn.start" subsystem="pane" outcome="started" pane_id=136 rows=64 cols=128 scrollback_limit_bytes=10000000
2026-07-29T17:25:31.590893Z  INFO herdr::logging: pane child spawned event="pane.spawned" subsystem="pane" outcome="ok" pane_id=136 pid=1349181
2026-07-29T17:25:31.591029Z  INFO herdr::logging: workspace created event="workspace.create" subsystem="workspace" outcome="ok" workspace_id="w4E" pane_id=136
2026-07-29T17:25:31.591040Z  INFO herdr::logging: workspace focused event="workspace.focus" subsystem="workspace" outcome="ok" workspace_id="w4E"
2026-07-29T17:25:31.591098Z  INFO herdr::logging: tab focused event="tab.focus" subsystem="tab" outcome="ok" workspace_id="w4E" tab_id="w4E:t1"
2026-07-29T17:25:31.626819Z  INFO herdr::logging: pane child exited event="pane.exit" subsystem="pane" outcome="completed" pane_id=136 status="ExitStatus { code: 1, signal: None }"
2026-07-29T17:25:31.628319Z  INFO herdr::pane: pane session terminated pane=136 pid=1349181 signal=Hangup
2026-07-29T17:25:31.628542Z  INFO herdr::logging: spawning pane terminal event="pane.spawn.start" subsystem="pane" outcome="started" pane_id=137 rows=64 cols=128 scrollback_limit_bytes=10000000
2026-07-29T17:25:31.629885Z  INFO herdr::logging: pane child spawned event="pane.spawned" subsystem="pane" outcome="ok" pane_id=137 pid=1349188
2026-07-29T17:25:31.630059Z  INFO herdr::logging: workspace created event="workspace.create" subsystem="workspace" outcome="ok" workspace_id="w4F" pane_id=137
2026-07-29T17:25:31.630069Z  INFO herdr::logging: workspace focused event="workspace.focus" subsystem="workspace" outcome="ok" workspace_id="w4F"
2026-07-29T17:25:31.630128Z  INFO herdr::logging: tab focused event="tab.focus" subsystem="tab" outcome="ok" workspace_id="w4F" tab_id="w4F:t1"
2026-07-29T17:25:31.667828Z  INFO herdr::logging: pane child exited event="pane.exit" subsystem="pane" outcome="completed" pane_id=137 status="ExitStatus { code: 1, signal: None }"
2026-07-29T17:25:31.669121Z  INFO herdr::pane: pane session terminated pane=137 pid=1349188 signal=Hangup
2026-07-29T17:25:31.669351Z  INFO herdr::logging: spawning pane terminal event="pane.spawn.start" subsystem="pane" outcome="started" pane_id=138 rows=64 cols=128 scrollback_limit_bytes=10000000
2026-07-29T17:25:31.670570Z  INFO herdr::logging: pane child spawned event="pane.spawned" subsystem="pane" outcome="ok" pane_id=138 pid=1349200
2026-07-29T17:25:31.670718Z  INFO herdr::logging: workspace created event="workspace.create" subsystem="workspace" outcome="ok" workspace_id="w4G" pane_id=138
2026-07-29T17:25:31.670730Z  INFO herdr::logging: workspace focused event="workspace.focus" subsystem="workspace" outcome="ok" workspace_id="w4G"
2026-07-29T17:25:31.670792Z  INFO herdr::logging: tab focused event="tab.focus" subsystem="tab" outcome="ok" workspace_id="w4G" tab_id="w4G:t1"
2026-07-29T17:25:31.707616Z  INFO herdr::logging: pane child exited event="pane.exit" subsystem="pane" outcome="completed" pane_id=138 status="ExitStatus { code: 1, signal: None }"
2026-07-29T17:25:31.708887Z  INFO herdr::pane: pane session terminated pane=138 pid=1349200 signal=Hangup
2026-07-29T17:25:31.709096Z  INFO herdr::logging: spawning pane terminal event="pane.spawn.start" subsystem="pane" outcome="started" pane_id=139 rows=64 cols=128 scrollback_limit_bytes=10000000
2026-07-29T17:25:31.710371Z  INFO herdr::logging: pane child spawned event="pane.spawned" subsystem="pane" outcome="ok" pane_id=139 pid=1349207
2026-07-29T17:25:31.710494Z  INFO herdr::logging: workspace created event="workspace.create" subsystem="workspace" outcome="ok" workspace_id="w4H" pane_id=139
2026-07-29T17:25:31.710504Z  INFO herdr::logging: workspace focused event="workspace.focus" subsystem="workspace" outcome="ok" workspace_id="w4H"
2026-07-29T17:25:31.710565Z  INFO herdr::logging: tab focused event="tab.focus" subsystem="tab" outcome="ok" workspace_id="w4H" tab_id="w4H:t1"
2026-07-29T17:25:31.746647Z  INFO herdr::logging: pane child exited event="pane.exit" subsystem="pane" outcome="completed" pane_id=139 status="ExitStatus { code: 1, signal: None }"
2026-07-29T17:25:31.747837Z  INFO herdr::pane: pane session terminated pane=139 pid=1349207 signal=Hangup
2026-07-29T17:25:31.748059Z  INFO herdr::logging: spawning pane terminal event="pane.spawn.start" subsystem="pane" outcome="started" pane_id=140 rows=64 cols=128 scrollback_limit_bytes=10000000
2026-07-29T17:25:31.749341Z  INFO herdr::logging: pane child spawned event="pane.spawned" subsystem="pane" outcome="ok" pane_id=140 pid=1349214
2026-07-29T17:25:31.749481Z  INFO herdr::logging: workspace created event="workspace.create" subsystem="workspace" outcome="ok" workspace_id="w4J" pane_id=140
2026-07-29T17:25:31.749493Z  INFO herdr::logging: workspace focused event="workspace.focus" subsystem="workspace" outcome="ok" workspace_id="w4J"
2026-07-29T17:25:31.749569Z  INFO herdr::logging: tab focused event="tab.focus" subsystem="tab" outcome="ok" workspace_id="w4J" tab_id="w4J:t1"
2026-07-29T17:25:31.785182Z  INFO herdr::logging: pane child exited event="pane.exit" subsystem="pane" outcome="completed" pane_id=140 status="ExitStatus { code: 1, signal: None }"
2026-07-29T17:25:31.786365Z  INFO herdr::pane: pane session terminated pane=140 pid=1349214 signal=Hangup
2026-07-29T17:25:31.786581Z  INFO herdr::logging: spawning pane terminal event="pane.spawn.start" subsystem="pane" outcome="started" pane_id=141 rows=64 cols=128 scrollback_limit_bytes=10000000
2026-07-29T17:25:31.787943Z  INFO herdr::logging: pane child spawned event="pane.spawned" subsystem="pane" outcome="ok" pane_id=141 pid=1349222
2026-07-29T17:25:31.788087Z  INFO herdr::logging: workspace created event="workspace.create" subsystem="workspace" outcome="ok" workspace_id="w4K" pane_id=141
2026-07-29T17:25:31.788097Z  INFO herdr::logging: workspace focused event="workspace.focus" subsystem="workspace" outcome="ok" workspace_id="w4K"
2026-07-29T17:25:31.788158Z  INFO herdr::logging: tab focused event="tab.focus" subsystem="tab" outcome="ok" workspace_id="w4K" tab_id="w4K:t1"
2026-07-29T17:25:31.823645Z  INFO herdr::logging: pane child exited event="pane.exit" subsystem="pane" outcome="completed" pane_id=141 status="ExitStatus { code: 1, signal: None }"
2026-07-29T17:25:31.824996Z  INFO herdr::pane: pane session terminated pane=141 pid=1349222 signal=Hangup
2026-07-29T17:25:31.825208Z  INFO herdr::logging: spawning pane terminal event="pane.spawn.start" subsystem="pane" outcome="started" pane_id=142 rows=64 cols=128 scrollback_limit_bytes=10000000
2026-07-29T17:25:31.826643Z  INFO herdr::logging: pane child spawned event="pane.spawned" subsystem="pane" outcome="ok" pane_id=142 pid=1349242
2026-07-29T17:25:31.826784Z  INFO herdr::logging: workspace created event="workspace.create" subsystem="workspace" outcome="ok" workspace_id="w4M" pane_id=142
2026-07-29T17:25:31.826794Z  INFO herdr::logging: workspace focused event="workspace.focus" subsystem="workspace" outcome="ok" workspace_id="w4M"
2026-07-29T17:25:31.826852Z  INFO herdr::logging: tab focused event="tab.focus" subsystem="tab" outcome="ok" workspace_id="w4M" tab_id="w4M:t1"
2026-07-29T17:25:31.866828Z  INFO herdr::logging: pane child exited event="pane.exit" subsystem="pane" outcome="completed" pane_id=142 status="ExitStatus { code: 1, signal: None }"
2026-07-29T17:25:31.868221Z  INFO herdr::pane: pane session terminated pane=142 pid=1349242 signal=Hangup
2026-07-29T17:25:31.868448Z  INFO herdr::logging: spawning pane terminal event="pane.spawn.start" subsystem="pane" outcome="started" pane_id=143 rows=64 cols=128 scrollback_limit_bytes=10000000
2026-07-29T17:25:31.869687Z  INFO herdr::logging: pane child spawned event="pane.spawned" subsystem="pane" outcome="ok" pane_id=143 pid=1349249
2026-07-29T17:25:31.869847Z  INFO herdr::logging: workspace created event="workspace.create" subsystem="workspace" outcome="ok" workspace_id="w4N" pane_id=143
2026-07-29T17:25:31.869857Z  INFO herdr::logging: workspace focused event="workspace.focus" subsystem="workspace" outcome="ok" workspace_id="w4N"
2026-07-29T17:25:31.869924Z  INFO herdr::logging: tab focused event="tab.focus" subsystem="tab" outcome="ok" workspace_id="w4N" tab_id="w4N:t1"
2026-07-29T17:25:31.904630Z  INFO herdr::logging: pane child exited event="pane.exit" subsystem="pane" outcome="completed" pane_id=143 status="ExitStatus { code: 1, signal: None }"
2026-07-29T17:25:31.905865Z  INFO herdr::pane: pane session terminated pane=143 pid=1349249 signal=Hangup
2026-07-29T17:25:31.906115Z  INFO herdr::logging: spawning pane terminal event="pane.spawn.start" subsystem="pane" outcome="started" pane_id=144 rows=64 cols=128 scrollback_limit_bytes=10000000
2026-07-29T17:25:31.907482Z  INFO herdr::logging: pane child spawned event="pane.spawned" subsystem="pane" outcome="ok" pane_id=144 pid=1349256
2026-07-29T17:25:31.907626Z  INFO herdr::logging: workspace created event="workspace.create" subsystem="workspace" outcome="ok" workspace_id="w4P" pane_id=144
2026-07-29T17:25:31.907642Z  INFO herdr::logging: workspace focused event="workspace.focus" subsystem="workspace" outcome="ok" workspace_id="w4P"
2026-07-29T17:25:31.907729Z  INFO herdr::logging: tab focused event="tab.focus" subsystem="tab" outcome="ok" workspace_id="w4P" tab_id="w4P:t1"
2026-07-29T17:25:31.942065Z  INFO herdr::logging: pane child exited event="pane.exit" subsystem="pane" outcome="completed" pane_id=144 status="ExitStatus { code: 1, signal: None }"
2026-07-29T17:25:31.943355Z  INFO herdr::pane: pane session terminated pane=144 pid=1349256 signal=Hangup
2026-07-29T17:25:31.943579Z  INFO herdr::logging: spawning pane terminal event="pane.spawn.start" subsystem="pane" outcome="started" pane_id=145 rows=64 cols=128 scrollback_limit_bytes=10000000
2026-07-29T17:25:31.944817Z  INFO herdr::logging: pane child spawned event="pane.spawned" subsystem="pane" outcome="ok" pane_id=145 pid=1349266
2026-07-29T17:25:31.944992Z  INFO herdr::logging: workspace created event="workspace.create" subsystem="workspace" outcome="ok" workspace_id="w4Q" pane_id=145
2026-07-29T17:25:31.945001Z  INFO herdr::logging: workspace focused event="workspace.focus" subsystem="workspace" outcome="ok" workspace_id="w4Q"
2026-07-29T17:25:31.945061Z  INFO herdr::logging: tab focused event="tab.focus" subsystem="tab" outcome="ok" workspace_id="w4Q" tab_id="w4Q:t1"
2026-07-29T17:25:31.981929Z  INFO herdr::logging: pane child exited event="pane.exit" subsystem="pane" outcome="completed" pane_id=145 status="ExitStatus { code: 1, signal: None }"
2026-07-29T17:25:31.983275Z  INFO herdr::pane: pane session terminated pane=145 pid=1349266 signal=Hangup
2026-07-29T17:25:31.983492Z  INFO herdr::logging: spawning pane terminal event="pane.spawn.start" subsystem="pane" outcome="started" pane_id=146 rows=64 cols=128 scrollback_limit_bytes=10000000
2026-07-29T17:25:31.984843Z  INFO herdr::logging: pane child spawned event="pane.spawned" subsystem="pane" outcome="ok" pane_id=146 pid=1349279
2026-07-29T17:25:31.984983Z  INFO herdr::logging: workspace created event="workspace.create" subsystem="workspace" outcome="ok" workspace_id="w4R" pane_id=146
2026-07-29T17:25:31.984993Z  INFO herdr::logging: workspace focused event="workspace.focus" subsystem="workspace" outcome="ok" workspace_id="w4R"
2026-07-29T17:25:31.985059Z  INFO herdr::logging: tab focused event="tab.focus" subsystem="tab" outcome="ok" workspace_id="w4R" tab_id="w4R:t1"
2026-07-29T17:25:32.003856Z  INFO herdr::server::headless: client connected client_id=6 cols=72 rows=27 cell_width_px=0 cell_height_px=0 render_encoding=SemanticFrame
2026-07-29T17:25:32.022082Z  INFO herdr::logging: pane child exited event="pane.exit" subsystem="pane" outcome="completed" pane_id=146 status="ExitStatus { code: 1, signal: None }"
2026-07-29T17:25:32.022193Z  INFO herdr::pane: pane session terminated pane=146 pid=1349279 signal=Hangup
2026-07-29T17:25:32.022368Z  INFO herdr::logging: spawning pane terminal event="pane.spawn.start" subsystem="pane" outcome="started" pane_id=147 rows=26 cols=46 scrollback_limit_bytes=10000000
2026-07-29T17:25:32.023408Z  INFO herdr::logging: pane child spawned event="pane.spawned" subsystem="pane" outcome="ok" pane_id=147 pid=1349294
2026-07-29T17:25:32.023556Z  INFO herdr::logging: workspace created event="workspace.create" subsystem="workspace" outcome="ok" workspace_id="w4S" pane_id=147
2026-07-29T17:25:32.023566Z  INFO herdr::logging: workspace focused event="workspace.focus" subsystem="workspace" outcome="ok" workspace_id="w4S"
2026-07-29T17:25:32.023623Z  INFO herdr::logging: tab focused event="tab.focus" subsystem="tab" outcome="ok" workspace_id="w4S" tab_id="w4S:t1"
2026-07-29T17:25:32.060728Z  INFO herdr::logging: pane child exited event="pane.exit" subsystem="pane" outcome="completed" pane_id=147 status="ExitStatus { code: 1, signal: None }"
2026-07-29T17:25:32.064238Z  INFO herdr::pane: pane session terminated pane=147 pid=1349294 signal=Hangup
2026-07-29T17:25:32.064390Z  INFO herdr::logging: spawning pane terminal event="pane.spawn.start" subsystem="pane" outcome="started" pane_id=148 rows=26 cols=46 scrollback_limit_bytes=10000000
2026-07-29T17:25:32.065445Z  INFO herdr::logging: pane child spawned event="pane.spawned" subsystem="pane" outcome="ok" pane_id=148 pid=1349301
2026-07-29T17:25:32.065581Z  INFO herdr::logging: workspace created event="workspace.create" subsystem="workspace" outcome="ok" workspace_id="w4T" pane_id=148
2026-07-29T17:25:32.065591Z  INFO herdr::logging: workspace focused event="workspace.focus" subsystem="workspace" outcome="ok" workspace_id="w4T"
2026-07-29T17:25:32.065646Z  INFO herdr::logging: tab focused event="tab.focus" subsystem="tab" outcome="ok" workspace_id="w4T" tab_id="w4T:t1"
2026-07-29T17:25:32.100149Z  INFO herdr::logging: pane child exited event="pane.exit" subsystem="pane" outcome="completed" pane_id=148 status="ExitStatus { code: 1, signal: None }"
2026-07-29T17:25:32.104015Z  INFO herdr::pane: pane session terminated pane=148 pid=1349301 signal=Hangup
2026-07-29T17:25:32.104195Z  INFO herdr::logging: spawning pane terminal event="pane.spawn.start" subsystem="pane" outcome="started" pane_id=149 rows=26 cols=46 scrollback_limit_bytes=10000000
2026-07-29T17:25:32.105402Z  INFO herdr::logging: pane child spawned event="pane.spawned" subsystem="pane" outcome="ok" pane_id=149 pid=1349308
2026-07-29T17:25:32.105569Z  INFO herdr::logging: workspace created event="workspace.create" subsystem="workspace" outcome="ok" workspace_id="w4V" pane_id=149
2026-07-29T17:25:32.105581Z  INFO herdr::logging: workspace focused event="workspace.focus" subsystem="workspace" outcome="ok" workspace_id="w4V"
2026-07-29T17:25:32.105641Z  INFO herdr::logging: tab focused event="tab.focus" subsystem="tab" outcome="ok" workspace_id="w4V" tab_id="w4V:t1"
2026-07-29T17:25:32.141358Z  INFO herdr::logging: pane child exited event="pane.exit" subsystem="pane" outcome="completed" pane_id=149 status="ExitStatus { code: 1, signal: None }"
2026-07-29T17:25:32.145272Z  INFO herdr::pane: pane session terminated pane=149 pid=1349308 signal=Hangup
2026-07-29T17:25:32.145431Z  INFO herdr::logging: spawning pane terminal event="pane.spawn.start" subsystem="pane" outcome="started" pane_id=150 rows=26 cols=46 scrollback_limit_bytes=10000000
2026-07-29T17:25:32.146558Z  INFO herdr::logging: pane child spawned event="pane.spawned" subsystem="pane" outcome="ok" pane_id=150 pid=1349315
2026-07-29T17:25:32.146734Z  INFO herdr::logging: workspace created event="workspace.create" subsystem="workspace" outcome="ok" workspace_id="w4W" pane_id=150
2026-07-29T17:25:32.146744Z  INFO herdr::logging: workspace focused event="workspace.focus" subsystem="workspace" outcome="ok" workspace_id="w4W"
2026-07-29T17:25:32.146814Z  INFO herdr::logging: tab focused event="tab.focus" subsystem="tab" outcome="ok" workspace_id="w4W" tab_id="w4W:t1"
2026-07-29T17:25:32.183535Z  INFO herdr::logging: pane child exited event="pane.exit" subsystem="pane" outcome="completed" pane_id=150 status="ExitStatus { code: 1, signal: None }"
2026-07-29T17:25:32.189885Z  INFO herdr::pane: pane session terminated pane=150 pid=1349315 signal=Hangup
2026-07-29T17:25:32.190152Z  INFO herdr::logging: spawning pane terminal event="pane.spawn.start" subsystem="pane" outcome="started" pane_id=151 rows=26 cols=46 scrollback_limit_bytes=10000000
2026-07-29T17:25:32.191775Z  INFO herdr::logging: pane child spawned event="pane.spawned" subsystem="pane" outcome="ok" pane_id=151 pid=1349436
2026-07-29T17:25:32.192028Z  INFO herdr::logging: workspace created event="workspace.create" subsystem="workspace" outcome="ok" workspace_id="w4X" pane_id=151
2026-07-29T17:25:32.192041Z  INFO herdr::logging: workspace focused event="workspace.focus" subsystem="workspace" outcome="ok" workspace_id="w4X"
2026-07-29T17:25:32.192119Z  INFO herdr::logging: tab focused event="tab.focus" subsystem="tab" outcome="ok" workspace_id="w4X" tab_id="w4X:t1"
2026-07-29T17:25:32.248699Z  INFO herdr::logging: pane child exited event="pane.exit" subsystem="pane" outcome="completed" pane_id=151 status="ExitStatus { code: 1, signal: None }"
2026-07-29T17:25:32.252980Z  INFO herdr::pane: pane session terminated pane=151 pid=1349436 signal=Hangup
2026-07-29T17:25:32.253212Z  INFO herdr::logging: spawning pane terminal event="pane.spawn.start" subsystem="pane" outcome="started" pane_id=152 rows=26 cols=46 scrollback_limit_bytes=10000000
2026-07-29T17:25:32.255305Z  INFO herdr::logging: pane child spawned event="pane.spawned" subsystem="pane" outcome="ok" pane_id=152 pid=1349535
2026-07-29T17:25:32.256416Z  INFO herdr::logging: workspace created event="workspace.create" subsystem="workspace" outcome="ok" workspace_id="w4Y" pane_id=152
2026-07-29T17:25:32.256438Z  INFO herdr::logging: workspace focused event="workspace.focus" subsystem="workspace" outcome="ok" workspace_id="w4Y"
2026-07-29T17:25:32.256536Z  INFO herdr::logging: tab focused event="tab.focus" subsystem="tab" outcome="ok" workspace_id="w4Y" tab_id="w4Y:t1"
2026-07-29T17:25:32.322538Z  INFO herdr::logging: pane child exited event="pane.exit" subsystem="pane" outcome="completed" pane_id=152 status="ExitStatus { code: 1, signal: None }"
2026-07-29T17:25:32.322819Z  INFO herdr::pane: pane session terminated pane=152 pid=1349535 signal=Hangup
2026-07-29T17:25:32.322979Z  INFO herdr::logging: spawning pane terminal event="pane.spawn.start" subsystem="pane" outcome="started" pane_id=153 rows=26 cols=46 scrollback_limit_bytes=10000000
2026-07-29T17:25:32.324786Z  INFO herdr::logging: pane child spawned event="pane.spawned" subsystem="pane" outcome="ok" pane_id=153 pid=1349556
2026-07-29T17:25:32.325078Z  INFO herdr::logging: workspace created event="workspace.create" subsystem="workspace" outcome="ok" workspace_id="w4Z" pane_id=153
2026-07-29T17:25:32.325095Z  INFO herdr::logging: workspace focused event="workspace.focus" subsystem="workspace" outcome="ok" workspace_id="w4Z"
2026-07-29T17:25:32.325195Z  INFO herdr::logging: tab focused event="tab.focus" subsystem="tab" outcome="ok" workspace_id="w4Z" tab_id="w4Z:t1"
2026-07-29T17:25:32.402612Z  INFO herdr::logging: pane child exited event="pane.exit" subsystem="pane" outcome="completed" pane_id=153 status="ExitStatus { code: 1, signal: None }"
2026-07-29T17:25:32.403577Z  INFO herdr::pane: pane session terminated pane=153 pid=1349556 signal=Hangup
2026-07-29T17:25:32.403744Z  INFO herdr::logging: spawning pane terminal event="pane.spawn.start" subsystem="pane" outcome="started" pane_id=154 rows=26 cols=46 scrollback_limit_bytes=10000000
2026-07-29T17:25:32.405878Z  INFO herdr::logging: pane child spawned event="pane.spawned" subsystem="pane" outcome="ok" pane_id=154 pid=1349590
2026-07-29T17:25:32.406150Z  INFO herdr::logging: workspace created event="workspace.create" subsystem="workspace" outcome="ok" workspace_id="w40" pane_id=154
2026-07-29T17:25:32.406165Z  INFO herdr::logging: workspace focused event="workspace.focus" subsystem="workspace" outcome="ok" workspace_id="w40"
2026-07-29T17:25:32.406260Z  INFO herdr::logging: tab focused event="tab.focus" subsystem="tab" outcome="ok" workspace_id="w40" tab_id="w40:t1"
2026-07-29T17:25:32.458336Z  INFO herdr::logging: pane child exited event="pane.exit" subsystem="pane" outcome="completed" pane_id=154 status="ExitStatus { code: 1, signal: None }"
2026-07-29T17:25:32.459972Z  INFO herdr::pane: pane session terminated pane=154 pid=1349590 signal=Hangup
2026-07-29T17:25:32.460206Z  INFO herdr::logging: spawning pane terminal event="pane.spawn.start" subsystem="pane" outcome="started" pane_id=155 rows=26 cols=46 scrollback_limit_bytes=10000000
2026-07-29T17:25:32.461328Z  INFO herdr::logging: pane child spawned event="pane.spawned" subsystem="pane" outcome="ok" pane_id=155 pid=1349649
2026-07-29T17:25:32.461482Z  INFO herdr::logging: workspace created event="workspace.create" subsystem="workspace" outcome="ok" workspace_id="w51" pane_id=155
2026-07-29T17:25:32.461493Z  INFO herdr::logging: workspace focused event="workspace.focus" subsystem="workspace" outcome="ok" workspace_id="w51"
2026-07-29T17:25:32.461552Z  INFO herdr::logging: tab focused event="tab.focus" subsystem="tab" outcome="ok" workspace_id="w51" tab_id="w51:t1"
2026-07-29T17:25:32.498924Z  INFO herdr::logging: pane child exited event="pane.exit" subsystem="pane" outcome="completed" pane_id=155 status="ExitStatus { code: 1, signal: None }"
2026-07-29T17:25:32.499051Z  INFO herdr::pane: pane session terminated pane=155 pid=1349649 signal=Hangup
2026-07-29T17:25:32.499251Z  INFO herdr::logging: spawning pane terminal event="pane.spawn.start" subsystem="pane" outcome="started" pane_id=156 rows=26 cols=46 scrollback_limit_bytes=10000000
2026-07-29T17:25:32.500452Z  INFO herdr::logging: pane child spawned event="pane.spawned" subsystem="pane" outcome="ok" pane_id=156 pid=1349659
2026-07-29T17:25:32.500602Z  INFO herdr::logging: workspace created event="workspace.create" subsystem="workspace" outcome="ok" workspace_id="w52" pane_id=156
2026-07-29T17:25:32.500612Z  INFO herdr::logging: workspace focused event="workspace.focus" subsystem="workspace" outcome="ok" workspace_id="w52"
2026-07-29T17:25:32.500684Z  INFO herdr::logging: tab focused event="tab.focus" subsystem="tab" outcome="ok" workspace_id="w52" tab_id="w52:t1"
2026-07-29T17:25:32.535761Z  INFO herdr::logging: pane child exited event="pane.exit" subsystem="pane" outcome="completed" pane_id=156 status="ExitStatus { code: 1, signal: None }"
2026-07-29T17:25:32.535872Z  INFO herdr::pane: pane session terminated pane=156 pid=1349659 signal=Hangup
2026-07-29T17:25:32.536066Z  INFO herdr::logging: spawning pane terminal event="pane.spawn.start" subsystem="pane" outcome="started" pane_id=157 rows=26 cols=46 scrollback_limit_bytes=10000000
2026-07-29T17:25:32.537291Z  INFO herdr::logging: pane child spawned event="pane.spawned" subsystem="pane" outcome="ok" pane_id=157 pid=1349666
2026-07-29T17:25:32.537418Z  INFO herdr::logging: workspace created event="workspace.create" subsystem="workspace" outcome="ok" workspace_id="w53" pane_id=157
2026-07-29T17:25:32.537427Z  INFO herdr::logging: workspace focused event="workspace.focus" subsystem="workspace" outcome="ok" workspace_id="w53"
2026-07-29T17:25:32.537494Z  INFO herdr::logging: tab focused event="tab.focus" subsystem="tab" outcome="ok" workspace_id="w53" tab_id="w53:t1"
2026-07-29T17:25:32.572955Z  INFO herdr::logging: pane child exited event="pane.exit" subsystem="pane" outcome="completed" pane_id=157 status="ExitStatus { code: 1, signal: None }"
2026-07-29T17:25:32.576643Z  INFO herdr::pane: pane session terminated pane=157 pid=1349666 signal=Hangup
2026-07-29T17:25:32.576819Z  INFO herdr::logging: spawning pane terminal event="pane.spawn.start" subsystem="pane" outcome="started" pane_id=158 rows=26 cols=46 scrollback_limit_bytes=10000000
2026-07-29T17:25:32.577953Z  INFO herdr::logging: pane child spawned event="pane.spawned" subsystem="pane" outcome="ok" pane_id=158 pid=1349673
2026-07-29T17:25:32.578082Z  INFO herdr::logging: workspace created event="workspace.create" subsystem="workspace" outcome="ok" workspace_id="w54" pane_id=158
2026-07-29T17:25:32.578092Z  INFO herdr::logging: workspace focused event="workspace.focus" subsystem="workspace" outcome="ok" workspace_id="w54"
2026-07-29T17:25:32.578154Z  INFO herdr::logging: tab focused event="tab.focus" subsystem="tab" outcome="ok" workspace_id="w54" tab_id="w54:t1"
2026-07-29T17:25:32.613137Z  INFO herdr::logging: pane child exited event="pane.exit" subsystem="pane" outcome="completed" pane_id=158 status="ExitStatus { code: 1, signal: None }"
2026-07-29T17:25:32.613241Z  INFO herdr::pane: pane session terminated pane=158 pid=1349673 signal=Hangup
2026-07-29T17:25:32.613425Z  INFO herdr::logging: spawning pane terminal event="pane.spawn.start" subsystem="pane" outcome="started" pane_id=159 rows=26 cols=46 scrollback_limit_bytes=10000000
2026-07-29T17:25:32.614680Z  INFO herdr::logging: pane child spawned event="pane.spawned" subsystem="pane" outcome="ok" pane_id=159 pid=1349680
2026-07-29T17:25:32.614843Z  INFO herdr::logging: workspace created event="workspace.create" subsystem="workspace" outcome="ok" workspace_id="w55" pane_id=159
2026-07-29T17:25:32.614856Z  INFO herdr::logging: workspace focused event="workspace.focus" subsystem="workspace" outcome="ok" workspace_id="w55"
2026-07-29T17:25:32.614934Z  INFO herdr::logging: tab focused event="tab.focus" subsystem="tab" outcome="ok" workspace_id="w55" tab_id="w55:t1"
2026-07-29T17:25:32.650146Z  INFO herdr::logging: pane child exited event="pane.exit" subsystem="pane" outcome="completed" pane_id=159 status="ExitStatus { code: 1, signal: None }"
2026-07-29T17:25:32.650257Z  INFO herdr::pane: pane session terminated pane=159 pid=1349680 signal=Hangup
2026-07-29T17:25:32.650475Z  INFO herdr::logging: spawning pane terminal event="pane.spawn.start" subsystem="pane" outcome="started" pane_id=160 rows=26 cols=46 scrollback_limit_bytes=10000000
2026-07-29T17:25:32.651685Z  INFO herdr::logging: pane child spawned event="pane.spawned" subsystem="pane" outcome="ok" pane_id=160 pid=1349687
2026-07-29T17:25:32.651839Z  INFO herdr::logging: workspace created event="workspace.create" subsystem="workspace" outcome="ok" workspace_id="w56" pane_id=160
2026-07-29T17:25:32.651851Z  INFO herdr::logging: workspace focused event="workspace.focus" subsystem="workspace" outcome="ok" workspace_id="w56"
2026-07-29T17:25:32.651911Z  INFO herdr::logging: tab focused event="tab.focus" subsystem="tab" outcome="ok" workspace_id="w56" tab_id="w56:t1"
2026-07-29T17:25:32.688078Z  INFO herdr::logging: pane child exited event="pane.exit" subsystem="pane" outcome="completed" pane_id=160 status="ExitStatus { code: 1, signal: None }"
2026-07-29T17:25:32.688200Z  INFO herdr::pane: pane session terminated pane=160 pid=1349687 signal=Hangup
2026-07-29T17:25:32.688362Z  INFO herdr::logging: spawning pane terminal event="pane.spawn.start" subsystem="pane" outcome="started" pane_id=161 rows=26 cols=46 scrollback_limit_bytes=10000000
2026-07-29T17:25:32.689479Z  INFO herdr::logging: pane child spawned event="pane.spawned" subsystem="pane" outcome="ok" pane_id=161 pid=1349710
2026-07-29T17:25:32.689605Z  INFO herdr::logging: workspace created event="workspace.create" subsystem="workspace" outcome="ok" workspace_id="w57" pane_id=161
2026-07-29T17:25:32.689615Z  INFO herdr::logging: workspace focused event="workspace.focus" subsystem="workspace" outcome="ok" workspace_id="w57"
2026-07-29T17:25:32.689690Z  INFO herdr::logging: tab focused event="tab.focus" subsystem="tab" outcome="ok" workspace_id="w57" tab_id="w57:t1"
2026-07-29T17:25:32.727171Z  INFO herdr::logging: pane child exited event="pane.exit" subsystem="pane" outcome="completed" pane_id=161 status="ExitStatus { code: 1, signal: None }"
2026-07-29T17:25:32.727289Z  INFO herdr::pane: pane session terminated pane=161 pid=1349710 signal=Hangup
2026-07-29T17:25:32.727472Z  INFO herdr::logging: spawning pane terminal event="pane.spawn.start" subsystem="pane" outcome="started" pane_id=162 rows=26 cols=46 scrollback_limit_bytes=10000000
2026-07-29T17:25:32.728657Z  INFO herdr::logging: pane child spawned event="pane.spawned" subsystem="pane" outcome="ok" pane_id=162 pid=1349718
2026-07-29T17:25:32.728797Z  INFO herdr::logging: workspace created event="workspace.create" subsystem="workspace" outcome="ok" workspace_id="w58" pane_id=162
2026-07-29T17:25:32.728807Z  INFO herdr::logging: workspace focused event="workspace.focus" subsystem="workspace" outcome="ok" workspace_id="w58"
2026-07-29T17:25:32.728867Z  INFO herdr::logging: tab focused event="tab.focus" subsystem="tab" outcome="ok" workspace_id="w58" tab_id="w58:t1"
2026-07-29T17:25:32.763855Z  INFO herdr::logging: pane child exited event="pane.exit" subsystem="pane" outcome="completed" pane_id=162 status="ExitStatus { code: 1, signal: None }"
2026-07-29T17:25:32.767570Z  INFO herdr::pane: pane session terminated pane=162 pid=1349718 signal=Hangup
2026-07-29T17:25:32.767705Z  INFO herdr::logging: spawning pane terminal event="pane.spawn.start" subsystem="pane" outcome="started" pane_id=163 rows=26 cols=46 scrollback_limit_bytes=10000000
2026-07-29T17:25:32.768825Z  INFO herdr::logging: pane child spawned event="pane.spawned" subsystem="pane" outcome="ok" pane_id=163 pid=1349725
2026-07-29T17:25:32.768992Z  INFO herdr::logging: workspace created event="workspace.create" subsystem="workspace" outcome="ok" workspace_id="w59" pane_id=163
2026-07-29T17:25:32.769007Z  INFO herdr::logging: workspace focused event="workspace.focus" subsystem="workspace" outcome="ok" workspace_id="w59"
2026-07-29T17:25:32.769074Z  INFO herdr::logging: tab focused event="tab.focus" subsystem="tab" outcome="ok" workspace_id="w59" tab_id="w59:t1"
2026-07-29T17:25:32.804532Z  INFO herdr::logging: pane child exited event="pane.exit" subsystem="pane" outcome="completed" pane_id=163 status="ExitStatus { code: 1, signal: None }"
2026-07-29T17:25:32.808580Z  INFO herdr::pane: pane session terminated pane=163 pid=1349725 signal=Hangup
2026-07-29T17:25:32.808754Z  INFO herdr::logging: spawning pane terminal event="pane.spawn.start" subsystem="pane" outcome="started" pane_id=164 rows=26 cols=46 scrollback_limit_bytes=10000000
2026-07-29T17:25:32.809941Z  INFO herdr::logging: pane child spawned event="pane.spawned" subsystem="pane" outcome="ok" pane_id=164 pid=1349732
2026-07-29T17:25:32.810082Z  INFO herdr::logging: workspace created event="workspace.create" subsystem="workspace" outcome="ok" workspace_id="w5A" pane_id=164
2026-07-29T17:25:32.810094Z  INFO herdr::logging: workspace focused event="workspace.focus" subsystem="workspace" outcome="ok" workspace_id="w5A"
2026-07-29T17:25:32.810155Z  INFO herdr::logging: tab focused event="tab.focus" subsystem="tab" outcome="ok" workspace_id="w5A" tab_id="w5A:t1"
2026-07-29T17:25:32.846349Z  INFO herdr::logging: pane child exited event="pane.exit" subsystem="pane" outcome="completed" pane_id=164 status="ExitStatus { code: 1, signal: None }"
2026-07-29T17:25:32.846476Z  INFO herdr::pane: pane session terminated pane=164 pid=1349732 signal=Hangup
2026-07-29T17:25:32.846675Z  INFO herdr::logging: spawning pane terminal event="pane.spawn.start" subsystem="pane" outcome="started" pane_id=165 rows=26 cols=46 scrollback_limit_bytes=10000000
2026-07-29T17:25:32.847824Z  INFO herdr::logging: pane child spawned event="pane.spawned" subsystem="pane" outcome="ok" pane_id=165 pid=1349739
2026-07-29T17:25:32.847985Z  INFO herdr::logging: workspace created event="workspace.create" subsystem="workspace" outcome="ok" workspace_id="w5B" pane_id=165
2026-07-29T17:25:32.847995Z  INFO herdr::logging: workspace focused event="workspace.focus" subsystem="workspace" outcome="ok" workspace_id="w5B"
2026-07-29T17:25:32.848053Z  INFO herdr::logging: tab focused event="tab.focus" subsystem="tab" outcome="ok" workspace_id="w5B" tab_id="w5B:t1"
2026-07-29T17:25:32.883735Z  INFO herdr::logging: pane child exited event="pane.exit" subsystem="pane" outcome="completed" pane_id=165 status="ExitStatus { code: 1, signal: None }"
2026-07-29T17:25:32.887459Z  INFO herdr::pane: pane session terminated pane=165 pid=1349739 signal=Hangup
2026-07-29T17:25:32.887611Z  INFO herdr::logging: spawning pane terminal event="pane.spawn.start" subsystem="pane" outcome="started" pane_id=166 rows=26 cols=46 scrollback_limit_bytes=10000000
2026-07-29T17:25:32.888740Z  INFO herdr::logging: pane child spawned event="pane.spawned" subsystem="pane" outcome="ok" pane_id=166 pid=1349746
2026-07-29T17:25:32.888905Z  INFO herdr::logging: workspace created event="workspace.create" subsystem="workspace" outcome="ok" workspace_id="w5C" pane_id=166
2026-07-29T17:25:32.888917Z  INFO herdr::logging: workspace focused event="workspace.focus" subsystem="workspace" outcome="ok" workspace_id="w5C"
2026-07-29T17:25:32.888975Z  INFO herdr::logging: tab focused event="tab.focus" subsystem="tab" outcome="ok" workspace_id="w5C" tab_id="w5C:t1"
2026-07-29T17:25:32.923922Z  INFO herdr::logging: pane child exited event="pane.exit" subsystem="pane" outcome="completed" pane_id=166 status="ExitStatus { code: 1, signal: None }"
2026-07-29T17:25:32.928387Z  INFO herdr::pane: pane session terminated pane=166 pid=1349746 signal=Hangup
2026-07-29T17:25:32.928652Z  INFO herdr::logging: spawning pane terminal event="pane.spawn.start" subsystem="pane" outcome="started" pane_id=167 rows=26 cols=46 scrollback_limit_bytes=10000000
2026-07-29T17:25:32.929878Z  INFO herdr::logging: pane child spawned event="pane.spawned" subsystem="pane" outcome="ok" pane_id=167 pid=1349753
2026-07-29T17:25:32.930043Z  INFO herdr::logging: workspace created event="workspace.create" subsystem="workspace" outcome="ok" workspace_id="w5D" pane_id=167
2026-07-29T17:25:32.930054Z  INFO herdr::logging: workspace focused event="workspace.focus" subsystem="workspace" outcome="ok" workspace_id="w5D"
2026-07-29T17:25:32.930112Z  INFO herdr::logging: tab focused event="tab.focus" subsystem="tab" outcome="ok" workspace_id="w5D" tab_id="w5D:t1"
2026-07-29T17:25:32.964894Z  INFO herdr::logging: pane child exited event="pane.exit" subsystem="pane" outcome="completed" pane_id=167 status="ExitStatus { code: 1, signal: None }"
2026-07-29T17:25:32.964995Z  INFO herdr::pane: pane session terminated pane=167 pid=1349753 signal=Hangup
2026-07-29T17:25:32.965150Z  INFO herdr::logging: spawning pane terminal event="pane.spawn.start" subsystem="pane" outcome="started" pane_id=168 rows=26 cols=46 scrollback_limit_bytes=10000000
2026-07-29T17:25:32.966215Z  INFO herdr::logging: pane child spawned event="pane.spawned" subsystem="pane" outcome="ok" pane_id=168 pid=1349760
2026-07-29T17:25:32.966359Z  INFO herdr::logging: workspace created event="workspace.create" subsystem="workspace" outcome="ok" workspace_id="w5E" pane_id=168
2026-07-29T17:25:32.966368Z  INFO herdr::logging: workspace focused event="workspace.focus" subsystem="workspace" outcome="ok" workspace_id="w5E"
2026-07-29T17:25:32.966425Z  INFO herdr::logging: tab focused event="tab.focus" subsystem="tab" outcome="ok" workspace_id="w5E" tab_id="w5E:t1"
2026-07-29T17:25:33.001447Z  INFO herdr::logging: pane child exited event="pane.exit" subsystem="pane" outcome="completed" pane_id=168 status="ExitStatus { code: 1, signal: None }"
2026-07-29T17:25:33.005546Z  INFO herdr::pane: pane session terminated pane=168 pid=1349760 signal=Hangup
2026-07-29T17:25:33.005769Z  INFO herdr::logging: spawning pane terminal event="pane.spawn.start" subsystem="pane" outcome="started" pane_id=169 rows=26 cols=46 scrollback_limit_bytes=10000000
2026-07-29T17:25:33.006985Z  INFO herdr::logging: pane child spawned event="pane.spawned" subsystem="pane" outcome="ok" pane_id=169 pid=1349767
2026-07-29T17:25:33.007127Z  INFO herdr::logging: workspace created event="workspace.create" subsystem="workspace" outcome="ok" workspace_id="w5F" pane_id=169
2026-07-29T17:25:33.007139Z  INFO herdr::logging: workspace focused event="workspace.focus" subsystem="workspace" outcome="ok" workspace_id="w5F"
2026-07-29T17:25:33.007210Z  INFO herdr::logging: tab focused event="tab.focus" subsystem="tab" outcome="ok" workspace_id="w5F" tab_id="w5F:t1"
2026-07-29T17:25:33.041938Z  INFO herdr::logging: pane child exited event="pane.exit" subsystem="pane" outcome="completed" pane_id=169 status="ExitStatus { code: 1, signal: None }"
2026-07-29T17:25:33.045474Z  INFO herdr::pane: pane session terminated pane=169 pid=1349767 signal=Hangup
2026-07-29T17:25:33.045629Z  INFO herdr::logging: spawning pane terminal event="pane.spawn.start" subsystem="pane" outcome="started" pane_id=170 rows=26 cols=46 scrollback_limit_bytes=10000000
2026-07-29T17:25:33.046794Z  INFO herdr::logging: pane child spawned event="pane.spawned" subsystem="pane" outcome="ok" pane_id=170 pid=1349774
2026-07-29T17:25:33.046958Z  INFO herdr::logging: workspace created event="workspace.create" subsystem="workspace" outcome="ok" workspace_id="w5G" pane_id=170
2026-07-29T17:25:33.046968Z  INFO herdr::logging: workspace focused event="workspace.focus" subsystem="workspace" outcome="ok" workspace_id="w5G"
2026-07-29T17:25:33.047027Z  INFO herdr::logging: tab focused event="tab.focus" subsystem="tab" outcome="ok" workspace_id="w5G" tab_id="w5G:t1"
2026-07-29T17:25:33.082653Z  INFO herdr::logging: pane child exited event="pane.exit" subsystem="pane" outcome="completed" pane_id=170 status="ExitStatus { code: 1, signal: None }"
2026-07-29T17:25:33.086261Z  INFO herdr::pane: pane session terminated pane=170 pid=1349774 signal=Hangup
2026-07-29T17:25:33.086418Z  INFO herdr::logging: spawning pane terminal event="pane.spawn.start" subsystem="pane" outcome="started" pane_id=171 rows=26 cols=46 scrollback_limit_bytes=10000000
2026-07-29T17:25:33.087533Z  INFO herdr::logging: pane child spawned event="pane.spawned" subsystem="pane" outcome="ok" pane_id=171 pid=1349781
2026-07-29T17:25:33.087679Z  INFO herdr::logging: workspace created event="workspace.create" subsystem="workspace" outcome="ok" workspace_id="w5H" pane_id=171
2026-07-29T17:25:33.087690Z  INFO herdr::logging: workspace focused event="workspace.focus" subsystem="workspace" outcome="ok" workspace_id="w5H"
2026-07-29T17:25:33.087750Z  INFO herdr::logging: tab focused event="tab.focus" subsystem="tab" outcome="ok" workspace_id="w5H" tab_id="w5H:t1"
2026-07-29T17:25:33.124829Z  INFO herdr::logging: pane child exited event="pane.exit" subsystem="pane" outcome="completed" pane_id=171 status="ExitStatus { code: 1, signal: None }"
2026-07-29T17:25:33.128482Z  INFO herdr::pane: pane session terminated pane=171 pid=1349781 signal=Hangup
2026-07-29T17:25:33.128640Z  INFO herdr::logging: spawning pane terminal event="pane.spawn.start" subsystem="pane" outcome="started" pane_id=172 rows=26 cols=46 scrollback_limit_bytes=10000000
2026-07-29T17:25:33.129794Z  INFO herdr::logging: pane child spawned event="pane.spawned" subsystem="pane" outcome="ok" pane_id=172 pid=1349788
2026-07-29T17:25:33.129947Z  INFO herdr::logging: workspace created event="workspace.create" subsystem="workspace" outcome="ok" workspace_id="w5J" pane_id=172
2026-07-29T17:25:33.129958Z  INFO herdr::logging: workspace focused event="workspace.focus" subsystem="workspace" outcome="ok" workspace_id="w5J"
2026-07-29T17:25:33.130013Z  INFO herdr::logging: tab focused event="tab.focus" subsystem="tab" outcome="ok" workspace_id="w5J" tab_id="w5J:t1"
2026-07-29T17:25:33.165834Z  INFO herdr::logging: pane child exited event="pane.exit" subsystem="pane" outcome="completed" pane_id=172 status="ExitStatus { code: 1, signal: None }"
2026-07-29T17:25:33.169350Z  INFO herdr::pane: pane session terminated pane=172 pid=1349788 signal=Hangup
2026-07-29T17:25:33.169500Z  INFO herdr::logging: spawning pane terminal event="pane.spawn.start" subsystem="pane" outcome="started" pane_id=173 rows=26 cols=46 scrollback_limit_bytes=10000000
2026-07-29T17:25:33.170625Z  INFO herdr::logging: pane child spawned event="pane.spawned" subsystem="pane" outcome="ok" pane_id=173 pid=1349795
2026-07-29T17:25:33.170788Z  INFO herdr::logging: workspace created event="workspace.create" subsystem="workspace" outcome="ok" workspace_id="w5K" pane_id=173
2026-07-29T17:25:33.170798Z  INFO herdr::logging: workspace focused event="workspace.focus" subsystem="workspace" outcome="ok" workspace_id="w5K"
2026-07-29T17:25:33.170854Z  INFO herdr::logging: tab focused event="tab.focus" subsystem="tab" outcome="ok" workspace_id="w5K" tab_id="w5K:t1"
2026-07-29T17:25:33.216760Z  INFO herdr::logging: pane child exited event="pane.exit" subsystem="pane" outcome="completed" pane_id=173 status="ExitStatus { code: 1, signal: None }"
2026-07-29T17:25:33.220729Z  INFO herdr::pane: pane session terminated pane=173 pid=1349795 signal=Hangup
2026-07-29T17:25:33.220923Z  INFO herdr::logging: spawning pane terminal event="pane.spawn.start" subsystem="pane" outcome="started" pane_id=174 rows=26 cols=46 scrollback_limit_bytes=10000000
2026-07-29T17:25:33.222178Z  INFO herdr::logging: pane child spawned event="pane.spawned" subsystem="pane" outcome="ok" pane_id=174 pid=1349930
2026-07-29T17:25:33.222346Z  INFO herdr::logging: workspace created event="workspace.create" subsystem="workspace" outcome="ok" workspace_id="w5M" pane_id=174
2026-07-29T17:25:33.222357Z  INFO herdr::logging: workspace focused event="workspace.focus" subsystem="workspace" outcome="ok" workspace_id="w5M"
2026-07-29T17:25:33.222422Z  INFO herdr::logging: tab focused event="tab.focus" subsystem="tab" outcome="ok" workspace_id="w5M" tab_id="w5M:t1"
2026-07-29T17:25:33.266322Z  INFO herdr::logging: pane child exited event="pane.exit" subsystem="pane" outcome="completed" pane_id=174 status="ExitStatus { code: 1, signal: None }"
2026-07-29T17:25:33.270675Z  INFO herdr::pane: pane session terminated pane=174 pid=1349930 signal=Hangup
2026-07-29T17:25:33.270884Z  INFO herdr::logging: spawning pane terminal event="pane.spawn.start" subsystem="pane" outcome="started" pane_id=175 rows=26 cols=46 scrollback_limit_bytes=10000000
2026-07-29T17:25:33.272165Z  INFO herdr::logging: pane child spawned event="pane.spawned" subsystem="pane" outcome="ok" pane_id=175 pid=1349945
2026-07-29T17:25:33.272332Z  INFO herdr::logging: workspace created event="workspace.create" subsystem="workspace" outcome="ok" workspace_id="w5N" pane_id=175
2026-07-29T17:25:33.272343Z  INFO herdr::logging: workspace focused event="workspace.focus" subsystem="workspace" outcome="ok" workspace_id="w5N"
2026-07-29T17:25:33.272406Z  INFO herdr::logging: tab focused event="tab.focus" subsystem="tab" outcome="ok" workspace_id="w5N" tab_id="w5N:t1"
2026-07-29T17:25:33.316042Z  INFO herdr::logging: pane child exited event="pane.exit" subsystem="pane" outcome="completed" pane_id=175 status="ExitStatus { code: 1, signal: None }"
2026-07-29T17:25:33.320110Z  INFO herdr::pane: pane session terminated pane=175 pid=1349945 signal=Hangup
2026-07-29T17:25:33.320299Z  INFO herdr::logging: spawning pane terminal event="pane.spawn.start" subsystem="pane" outcome="started" pane_id=176 rows=26 cols=46 scrollback_limit_bytes=10000000
2026-07-29T17:25:33.321526Z  INFO herdr::logging: pane child spawned event="pane.spawned" subsystem="pane" outcome="ok" pane_id=176 pid=1349956
2026-07-29T17:25:33.321727Z  INFO herdr::logging: workspace created event="workspace.create" subsystem="workspace" outcome="ok" workspace_id="w5P" pane_id=176
2026-07-29T17:25:33.321740Z  INFO herdr::logging: workspace focused event="workspace.focus" subsystem="workspace" outcome="ok" workspace_id="w5P"
2026-07-29T17:25:33.321802Z  INFO herdr::logging: tab focused event="tab.focus" subsystem="tab" outcome="ok" workspace_id="w5P" tab_id="w5P:t1"
2026-07-29T17:25:33.361234Z  INFO herdr::logging: pane child exited event="pane.exit" subsystem="pane" outcome="completed" pane_id=176 status="ExitStatus { code: 1, signal: None }"
2026-07-29T17:25:33.365071Z  INFO herdr::pane: pane session terminated pane=176 pid=1349956 signal=Hangup
2026-07-29T17:25:33.365233Z  INFO herdr::logging: spawning pane terminal event="pane.spawn.start" subsystem="pane" outcome="started" pane_id=177 rows=26 cols=46 scrollback_limit_bytes=10000000
2026-07-29T17:25:33.366371Z  INFO herdr::logging: pane child spawned event="pane.spawned" subsystem="pane" outcome="ok" pane_id=177 pid=1349973
2026-07-29T17:25:33.366519Z  INFO herdr::logging: workspace created event="workspace.create" subsystem="workspace" outcome="ok" workspace_id="w5Q" pane_id=177
2026-07-29T17:25:33.366531Z  INFO herdr::logging: workspace focused event="workspace.focus" subsystem="workspace" outcome="ok" workspace_id="w5Q"
2026-07-29T17:25:33.366587Z  INFO herdr::logging: tab focused event="tab.focus" subsystem="tab" outcome="ok" workspace_id="w5Q" tab_id="w5Q:t1"
2026-07-29T17:25:33.402819Z  INFO herdr::logging: pane child exited event="pane.exit" subsystem="pane" outcome="completed" pane_id=177 status="ExitStatus { code: 1, signal: None }"
2026-07-29T17:25:33.406426Z  INFO herdr::pane: pane session terminated pane=177 pid=1349973 signal=Hangup
2026-07-29T17:25:33.406579Z  INFO herdr::logging: spawning pane terminal event="pane.spawn.start" subsystem="pane" outcome="started" pane_id=178 rows=26 cols=46 scrollback_limit_bytes=10000000
2026-07-29T17:25:33.407978Z  INFO herdr::logging: pane child spawned event="pane.spawned" subsystem="pane" outcome="ok" pane_id=178 pid=1349980
2026-07-29T17:25:33.408088Z  INFO herdr::logging: workspace created event="workspace.create" subsystem="workspace" outcome="ok" workspace_id="w5R" pane_id=178
2026-07-29T17:25:33.408098Z  INFO herdr::logging: workspace focused event="workspace.focus" subsystem="workspace" outcome="ok" workspace_id="w5R"
2026-07-29T17:25:33.408165Z  INFO herdr::logging: tab focused event="tab.focus" subsystem="tab" outcome="ok" workspace_id="w5R" tab_id="w5R:t1"
2026-07-29T17:25:33.443575Z  INFO herdr::logging: pane child exited event="pane.exit" subsystem="pane" outcome="completed" pane_id=178 status="ExitStatus { code: 1, signal: None }"
2026-07-29T17:25:33.444944Z  INFO herdr::pane: pane session terminated pane=178 pid=1349980 signal=Hangup
2026-07-29T17:25:33.445102Z  INFO herdr::logging: spawning pane terminal event="pane.spawn.start" subsystem="pane" outcome="started" pane_id=179 rows=26 cols=46 scrollback_limit_bytes=10000000
2026-07-29T17:25:33.446232Z  INFO herdr::logging: pane child spawned event="pane.spawned" subsystem="pane" outcome="ok" pane_id=179 pid=1349987
2026-07-29T17:25:33.446370Z  INFO herdr::logging: workspace created event="workspace.create" subsystem="workspace" outcome="ok" workspace_id="w5S" pane_id=179
2026-07-29T17:25:33.446381Z  INFO herdr::logging: workspace focused event="workspace.focus" subsystem="workspace" outcome="ok" workspace_id="w5S"
2026-07-29T17:25:33.446456Z  INFO herdr::logging: tab focused event="tab.focus" subsystem="tab" outcome="ok" workspace_id="w5S" tab_id="w5S:t1"
2026-07-29T17:25:33.481148Z  INFO herdr::logging: pane child exited event="pane.exit" subsystem="pane" outcome="completed" pane_id=179 status="ExitStatus { code: 1, signal: None }"
2026-07-29T17:25:33.484766Z  INFO herdr::pane: pane session terminated pane=179 pid=1349987 signal=Hangup
2026-07-29T17:25:33.484928Z  INFO herdr::logging: spawning pane terminal event="pane.spawn.start" subsystem="pane" outcome="started" pane_id=180 rows=26 cols=46 scrollback_limit_bytes=10000000
2026-07-29T17:25:33.486057Z  INFO herdr::logging: pane child spawned event="pane.spawned" subsystem="pane" outcome="ok" pane_id=180 pid=1349994
2026-07-29T17:25:33.486203Z  INFO herdr::logging: workspace created event="workspace.create" subsystem="workspace" outcome="ok" workspace_id="w5T" pane_id=180
2026-07-29T17:25:33.486213Z  INFO herdr::logging: workspace focused event="workspace.focus" subsystem="workspace" outcome="ok" workspace_id="w5T"
2026-07-29T17:25:33.486272Z  INFO herdr::logging: tab focused event="tab.focus" subsystem="tab" outcome="ok" workspace_id="w5T" tab_id="w5T:t1"
2026-07-29T17:25:33.521311Z  INFO herdr::logging: pane child exited event="pane.exit" subsystem="pane" outcome="completed" pane_id=180 status="ExitStatus { code: 1, signal: None }"
2026-07-29T17:25:33.524649Z  INFO herdr::pane: pane session terminated pane=180 pid=1349994 signal=Hangup
2026-07-29T17:25:33.524813Z  INFO herdr::logging: spawning pane terminal event="pane.spawn.start" subsystem="pane" outcome="started" pane_id=181 rows=26 cols=46 scrollback_limit_bytes=10000000
2026-07-29T17:25:33.525922Z  INFO herdr::logging: pane child spawned event="pane.spawned" subsystem="pane" outcome="ok" pane_id=181 pid=1350001
2026-07-29T17:25:33.526067Z  INFO herdr::logging: workspace created event="workspace.create" subsystem="workspace" outcome="ok" workspace_id="w5V" pane_id=181
2026-07-29T17:25:33.526078Z  INFO herdr::logging: workspace focused event="workspace.focus" subsystem="workspace" outcome="ok" workspace_id="w5V"
2026-07-29T17:25:33.526131Z  INFO herdr::logging: tab focused event="tab.focus" subsystem="tab" outcome="ok" workspace_id="w5V" tab_id="w5V:t1"
2026-07-29T17:25:33.560627Z  INFO herdr::logging: pane child exited event="pane.exit" subsystem="pane" outcome="completed" pane_id=181 status="ExitStatus { code: 1, signal: None }"
2026-07-29T17:25:33.564184Z  INFO herdr::pane: pane session terminated pane=181 pid=1350001 signal=Hangup
2026-07-29T17:25:33.564342Z  INFO herdr::logging: spawning pane terminal event="pane.spawn.start" subsystem="pane" outcome="started" pane_id=182 rows=26 cols=46 scrollback_limit_bytes=10000000
2026-07-29T17:25:33.565494Z  INFO herdr::logging: pane child spawned event="pane.spawned" subsystem="pane" outcome="ok" pane_id=182 pid=1350008
2026-07-29T17:25:33.565625Z  INFO herdr::logging: workspace created event="workspace.create" subsystem="workspace" outcome="ok" workspace_id="w5W" pane_id=182
2026-07-29T17:25:33.565641Z  INFO herdr::logging: workspace focused event="workspace.focus" subsystem="workspace" outcome="ok" workspace_id="w5W"
2026-07-29T17:25:33.565725Z  INFO herdr::logging: tab focused event="tab.focus" subsystem="tab" outcome="ok" workspace_id="w5W" tab_id="w5W:t1"
2026-07-29T17:25:33.602298Z  INFO herdr::logging: pane child exited event="pane.exit" subsystem="pane" outcome="completed" pane_id=182 status="ExitStatus { code: 1, signal: None }"
2026-07-29T17:25:33.605686Z  INFO herdr::pane: pane session terminated pane=182 pid=1350008 signal=Hangup
2026-07-29T17:25:33.605846Z  INFO herdr::logging: spawning pane terminal event="pane.spawn.start" subsystem="pane" outcome="started" pane_id=183 rows=26 cols=46 scrollback_limit_bytes=10000000
2026-07-29T17:25:33.606971Z  INFO herdr::logging: pane child spawned event="pane.spawned" subsystem="pane" outcome="ok" pane_id=183 pid=1350015
2026-07-29T17:25:33.607130Z  INFO herdr::logging: workspace created event="workspace.create" subsystem="workspace" outcome="ok" workspace_id="w5X" pane_id=183
2026-07-29T17:25:33.607141Z  INFO herdr::logging: workspace focused event="workspace.focus" subsystem="workspace" outcome="ok" workspace_id="w5X"
2026-07-29T17:25:33.607199Z  INFO herdr::logging: tab focused event="tab.focus" subsystem="tab" outcome="ok" workspace_id="w5X" tab_id="w5X:t1"
2026-07-29T17:25:33.642764Z  INFO herdr::logging: pane child exited event="pane.exit" subsystem="pane" outcome="completed" pane_id=183 status="ExitStatus { code: 1, signal: None }"
2026-07-29T17:25:33.642870Z  INFO herdr::pane: pane session terminated pane=183 pid=1350015 signal=Hangup
2026-07-29T17:25:33.643034Z  INFO herdr::logging: spawning pane terminal event="pane.spawn.start" subsystem="pane" outcome="started" pane_id=184 rows=26 cols=46 scrollback_limit_bytes=10000000
2026-07-29T17:25:33.644130Z  INFO herdr::logging: pane child spawned event="pane.spawned" subsystem="pane" outcome="ok" pane_id=184 pid=1350022
2026-07-29T17:25:33.644277Z  INFO herdr::logging: workspace created event="workspace.create" subsystem="workspace" outcome="ok" workspace_id="w5Y" pane_id=184
2026-07-29T17:25:33.644287Z  INFO herdr::logging: workspace focused event="workspace.focus" subsystem="workspace" outcome="ok" workspace_id="w5Y"
2026-07-29T17:25:33.644348Z  INFO herdr::logging: tab focused event="tab.focus" subsystem="tab" outcome="ok" workspace_id="w5Y" tab_id="w5Y:t1"
2026-07-29T17:25:33.679304Z  INFO herdr::logging: pane child exited event="pane.exit" subsystem="pane" outcome="completed" pane_id=184 status="ExitStatus { code: 1, signal: None }"
2026-07-29T17:25:33.679423Z  INFO herdr::pane: pane session terminated pane=184 pid=1350022 signal=Hangup
2026-07-29T17:25:33.679612Z  INFO herdr::logging: spawning pane terminal event="pane.spawn.start" subsystem="pane" outcome="started" pane_id=185 rows=26 cols=46 scrollback_limit_bytes=10000000
2026-07-29T17:25:33.680846Z  INFO herdr::logging: pane child spawned event="pane.spawned" subsystem="pane" outcome="ok" pane_id=185 pid=1350032
2026-07-29T17:25:33.680987Z  INFO herdr::logging: workspace created event="workspace.create" subsystem="workspace" outcome="ok" workspace_id="w5Z" pane_id=185
2026-07-29T17:25:33.680998Z  INFO herdr::logging: workspace focused event="workspace.focus" subsystem="workspace" outcome="ok" workspace_id="w5Z"
2026-07-29T17:25:33.681058Z  INFO herdr::logging: tab focused event="tab.focus" subsystem="tab" outcome="ok" workspace_id="w5Z" tab_id="w5Z:t1"
2026-07-29T17:25:33.716082Z  INFO herdr::logging: pane child exited event="pane.exit" subsystem="pane" outcome="completed" pane_id=185 status="ExitStatus { code: 1, signal: None }"
2026-07-29T17:25:33.716203Z  INFO herdr::pane: pane session terminated pane=185 pid=1350032 signal=Hangup
2026-07-29T17:25:33.716372Z  INFO herdr::logging: spawning pane terminal event="pane.spawn.start" subsystem="pane" outcome="started" pane_id=186 rows=26 cols=46 scrollback_limit_bytes=10000000
2026-07-29T17:25:33.717635Z  INFO herdr::logging: pane child spawned event="pane.spawned" subsystem="pane" outcome="ok" pane_id=186 pid=1350039
2026-07-29T17:25:33.717789Z  INFO herdr::logging: workspace created event="workspace.create" subsystem="workspace" outcome="ok" workspace_id="w50" pane_id=186
2026-07-29T17:25:33.717808Z  INFO herdr::logging: workspace focused event="workspace.focus" subsystem="workspace" outcome="ok" workspace_id="w50"
2026-07-29T17:25:33.717863Z  INFO herdr::logging: tab focused event="tab.focus" subsystem="tab" outcome="ok" workspace_id="w50" tab_id="w50:t1"
2026-07-29T17:25:33.752497Z  INFO herdr::logging: pane child exited event="pane.exit" subsystem="pane" outcome="completed" pane_id=186 status="ExitStatus { code: 1, signal: None }"
2026-07-29T17:25:33.756280Z  INFO herdr::pane: pane session terminated pane=186 pid=1350039 signal=Hangup
2026-07-29T17:25:33.756434Z  INFO herdr::logging: spawning pane terminal event="pane.spawn.start" subsystem="pane" outcome="started" pane_id=187 rows=26 cols=46 scrollback_limit_bytes=10000000
2026-07-29T17:25:33.757634Z  INFO herdr::logging: pane child spawned event="pane.spawned" subsystem="pane" outcome="ok" pane_id=187 pid=1350046
2026-07-29T17:25:33.757804Z  INFO herdr::logging: workspace created event="workspace.create" subsystem="workspace" outcome="ok" workspace_id="w61" pane_id=187
2026-07-29T17:25:33.757816Z  INFO herdr::logging: workspace focused event="workspace.focus" subsystem="workspace" outcome="ok" workspace_id="w61"
2026-07-29T17:25:33.757875Z  INFO herdr::logging: tab focused event="tab.focus" subsystem="tab" outcome="ok" workspace_id="w61" tab_id="w61:t1"
2026-07-29T17:25:33.793659Z  INFO herdr::logging: pane child exited event="pane.exit" subsystem="pane" outcome="completed" pane_id=187 status="ExitStatus { code: 1, signal: None }"
2026-07-29T17:25:33.797292Z  INFO herdr::pane: pane session terminated pane=187 pid=1350046 signal=Hangup
2026-07-29T17:25:33.797450Z  INFO herdr::logging: spawning pane terminal event="pane.spawn.start" subsystem="pane" outcome="started" pane_id=188 rows=26 cols=46 scrollback_limit_bytes=10000000
2026-07-29T17:25:33.798592Z  INFO herdr::logging: pane child spawned event="pane.spawned" subsystem="pane" outcome="ok" pane_id=188 pid=1350054
2026-07-29T17:25:33.798762Z  INFO herdr::logging: workspace created event="workspace.create" subsystem="workspace" outcome="ok" workspace_id="w62" pane_id=188
2026-07-29T17:25:33.798773Z  INFO herdr::logging: workspace focused event="workspace.focus" subsystem="workspace" outcome="ok" workspace_id="w62"
2026-07-29T17:25:33.798829Z  INFO herdr::logging: tab focused event="tab.focus" subsystem="tab" outcome="ok" workspace_id="w62" tab_id="w62:t1"
2026-07-29T17:25:33.834444Z  INFO herdr::logging: pane child exited event="pane.exit" subsystem="pane" outcome="completed" pane_id=188 status="ExitStatus { code: 1, signal: None }"
2026-07-29T17:25:33.838231Z  INFO herdr::pane: pane session terminated pane=188 pid=1350054 signal=Hangup
2026-07-29T17:25:33.838330Z  INFO herdr::logging: spawning pane terminal event="pane.spawn.start" subsystem="pane" outcome="started" pane_id=189 rows=26 cols=46 scrollback_limit_bytes=10000000
2026-07-29T17:25:33.839435Z  INFO herdr::logging: pane child spawned event="pane.spawned" subsystem="pane" outcome="ok" pane_id=189 pid=1350061
2026-07-29T17:25:33.839578Z  INFO herdr::logging: workspace created event="workspace.create" subsystem="workspace" outcome="ok" workspace_id="w63" pane_id=189
2026-07-29T17:25:33.839588Z  INFO herdr::logging: workspace focused event="workspace.focus" subsystem="workspace" outcome="ok" workspace_id="w63"
2026-07-29T17:25:33.839645Z  INFO herdr::logging: tab focused event="tab.focus" subsystem="tab" outcome="ok" workspace_id="w63" tab_id="w63:t1"
2026-07-29T17:25:33.874979Z  INFO herdr::logging: pane child exited event="pane.exit" subsystem="pane" outcome="completed" pane_id=189 status="ExitStatus { code: 1, signal: None }"
2026-07-29T17:25:33.878816Z  INFO herdr::pane: pane session terminated pane=189 pid=1350061 signal=Hangup
2026-07-29T17:25:33.878969Z  INFO herdr::logging: spawning pane terminal event="pane.spawn.start" subsystem="pane" outcome="started" pane_id=190 rows=26 cols=46 scrollback_limit_bytes=10000000
2026-07-29T17:25:33.880125Z  INFO herdr::logging: pane child spawned event="pane.spawned" subsystem="pane" outcome="ok" pane_id=190 pid=1350069
2026-07-29T17:25:33.880272Z  INFO herdr::logging: workspace created event="workspace.create" subsystem="workspace" outcome="ok" workspace_id="w64" pane_id=190
2026-07-29T17:25:33.880284Z  INFO herdr::logging: workspace focused event="workspace.focus" subsystem="workspace" outcome="ok" workspace_id="w64"
2026-07-29T17:25:33.880344Z  INFO herdr::logging: tab focused event="tab.focus" subsystem="tab" outcome="ok" workspace_id="w64" tab_id="w64:t1"
2026-07-29T17:25:33.916409Z  INFO herdr::logging: pane child exited event="pane.exit" subsystem="pane" outcome="completed" pane_id=190 status="ExitStatus { code: 1, signal: None }"
2026-07-29T17:25:33.920051Z  INFO herdr::pane: pane session terminated pane=190 pid=1350069 signal=Hangup
2026-07-29T17:25:33.920212Z  INFO herdr::logging: spawning pane terminal event="pane.spawn.start" subsystem="pane" outcome="started" pane_id=191 rows=26 cols=46 scrollback_limit_bytes=10000000
2026-07-29T17:25:33.921404Z  INFO herdr::logging: pane child spawned event="pane.spawned" subsystem="pane" outcome="ok" pane_id=191 pid=1350076
2026-07-29T17:25:33.921567Z  INFO herdr::logging: workspace created event="workspace.create" subsystem="workspace" outcome="ok" workspace_id="w65" pane_id=191
2026-07-29T17:25:33.921576Z  INFO herdr::logging: workspace focused event="workspace.focus" subsystem="workspace" outcome="ok" workspace_id="w65"
2026-07-29T17:25:33.921635Z  INFO herdr::logging: tab focused event="tab.focus" subsystem="tab" outcome="ok" workspace_id="w65" tab_id="w65:t1"
2026-07-29T17:25:33.959829Z  INFO herdr::logging: pane child exited event="pane.exit" subsystem="pane" outcome="completed" pane_id=191 status="ExitStatus { code: 1, signal: None }"
2026-07-29T17:25:33.963348Z  INFO herdr::pane: pane session terminated pane=191 pid=1350076 signal=Hangup
2026-07-29T17:25:33.963513Z  INFO herdr::logging: spawning pane terminal event="pane.spawn.start" subsystem="pane" outcome="started" pane_id=192 rows=26 cols=46 scrollback_limit_bytes=10000000
2026-07-29T17:25:33.964658Z  INFO herdr::logging: pane child spawned event="pane.spawned" subsystem="pane" outcome="ok" pane_id=192 pid=1350083
2026-07-29T17:25:33.964832Z  INFO herdr::logging: workspace created event="workspace.create" subsystem="workspace" outcome="ok" workspace_id="w66" pane_id=192
2026-07-29T17:25:33.964843Z  INFO herdr::logging: workspace focused event="workspace.focus" subsystem="workspace" outcome="ok" workspace_id="w66"
2026-07-29T17:25:33.964901Z  INFO herdr::logging: tab focused event="tab.focus" subsystem="tab" outcome="ok" workspace_id="w66" tab_id="w66:t1"
2026-07-29T17:25:34.000826Z  INFO herdr::server::headless: client resize client_id=6 cols=95 rows=34 cell_width_px=0 cell_height_px=0
2026-07-29T17:25:34.001266Z  INFO herdr::logging: pane child exited event="pane.exit" subsystem="pane" outcome="completed" pane_id=192 status="ExitStatus { code: 1, signal: None }"
2026-07-29T17:25:34.001574Z  INFO herdr::pane: pane session terminated pane=192 pid=1350083 signal=Hangup
2026-07-29T17:25:34.001747Z  INFO herdr::logging: spawning pane terminal event="pane.spawn.start" subsystem="pane" outcome="started" pane_id=193 rows=33 cols=69 scrollback_limit_bytes=10000000
2026-07-29T17:25:34.003288Z  INFO herdr::logging: pane child spawned event="pane.spawned" subsystem="pane" outcome="ok" pane_id=193 pid=1350090
2026-07-29T17:25:34.003460Z  INFO herdr::logging: workspace created event="workspace.create" subsystem="workspace" outcome="ok" workspace_id="w67" pane_id=193
2026-07-29T17:25:34.003472Z  INFO herdr::logging: workspace focused event="workspace.focus" subsystem="workspace" outcome="ok" workspace_id="w67"
2026-07-29T17:25:34.003551Z  INFO herdr::logging: tab focused event="tab.focus" subsystem="tab" outcome="ok" workspace_id="w67" tab_id="w67:t1"
2026-07-29T17:25:34.040935Z  INFO herdr::logging: pane child exited event="pane.exit" subsystem="pane" outcome="completed" pane_id=193 status="ExitStatus { code: 1, signal: None }"
2026-07-29T17:25:34.045180Z  INFO herdr::pane: pane session terminated pane=193 pid=1350090 signal=Hangup
2026-07-29T17:25:34.045350Z  INFO herdr::logging: spawning pane terminal event="pane.spawn.start" subsystem="pane" outcome="started" pane_id=194 rows=33 cols=69 scrollback_limit_bytes=10000000
2026-07-29T17:25:34.046510Z  INFO herdr::logging: pane child spawned event="pane.spawned" subsystem="pane" outcome="ok" pane_id=194 pid=1350097
2026-07-29T17:25:34.046695Z  INFO herdr::logging: workspace created event="workspace.create" subsystem="workspace" outcome="ok" workspace_id="w68" pane_id=194
2026-07-29T17:25:34.046707Z  INFO herdr::logging: workspace focused event="workspace.focus" subsystem="workspace" outcome="ok" workspace_id="w68"
2026-07-29T17:25:34.046774Z  INFO herdr::logging: tab focused event="tab.focus" subsystem="tab" outcome="ok" workspace_id="w68" tab_id="w68:t1"
2026-07-29T17:25:34.084638Z  INFO herdr::logging: pane child exited event="pane.exit" subsystem="pane" outcome="completed" pane_id=194 status="ExitStatus { code: 1, signal: None }"
2026-07-29T17:25:34.088754Z  INFO herdr::pane: pane session terminated pane=194 pid=1350097 signal=Hangup
2026-07-29T17:25:34.088924Z  INFO herdr::logging: spawning pane terminal event="pane.spawn.start" subsystem="pane" outcome="started" pane_id=195 rows=33 cols=69 scrollback_limit_bytes=10000000
2026-07-29T17:25:34.090145Z  INFO herdr::logging: pane child spawned event="pane.spawned" subsystem="pane" outcome="ok" pane_id=195 pid=1350104
2026-07-29T17:25:34.090307Z  INFO herdr::logging: workspace created event="workspace.create" subsystem="workspace" outcome="ok" workspace_id="w69" pane_id=195
2026-07-29T17:25:34.090319Z  INFO herdr::logging: workspace focused event="workspace.focus" subsystem="workspace" outcome="ok" workspace_id="w69"
2026-07-29T17:25:34.090374Z  INFO herdr::logging: tab focused event="tab.focus" subsystem="tab" outcome="ok" workspace_id="w69" tab_id="w69:t1"
2026-07-29T17:25:34.100852Z  INFO herdr::server::headless: client resize client_id=6 cols=117 rows=42 cell_width_px=0 cell_height_px=0
2026-07-29T17:25:34.129498Z  INFO herdr::logging: pane child exited event="pane.exit" subsystem="pane" outcome="completed" pane_id=195 status="ExitStatus { code: 1, signal: None }"
2026-07-29T17:25:34.134332Z  INFO herdr::pane: pane session terminated pane=195 pid=1350104 signal=Hangup
2026-07-29T17:25:34.134538Z  INFO herdr::logging: spawning pane terminal event="pane.spawn.start" subsystem="pane" outcome="started" pane_id=196 rows=41 cols=91 scrollback_limit_bytes=10000000
2026-07-29T17:25:34.135791Z  INFO herdr::logging: pane child spawned event="pane.spawned" subsystem="pane" outcome="ok" pane_id=196 pid=1350111
2026-07-29T17:25:34.135958Z  INFO herdr::logging: workspace created event="workspace.create" subsystem="workspace" outcome="ok" workspace_id="w6A" pane_id=196
2026-07-29T17:25:34.135968Z  INFO herdr::logging: workspace focused event="workspace.focus" subsystem="workspace" outcome="ok" workspace_id="w6A"
2026-07-29T17:25:34.136024Z  INFO herdr::logging: tab focused event="tab.focus" subsystem="tab" outcome="ok" workspace_id="w6A" tab_id="w6A:t1"
2026-07-29T17:25:34.172869Z  INFO herdr::logging: pane child exited event="pane.exit" subsystem="pane" outcome="completed" pane_id=196 status="ExitStatus { code: 1, signal: None }"
2026-07-29T17:25:34.178151Z  INFO herdr::pane: pane session terminated pane=196 pid=1350111 signal=Hangup
2026-07-29T17:25:34.178362Z  INFO herdr::logging: spawning pane terminal event="pane.spawn.start" subsystem="pane" outcome="started" pane_id=197 rows=41 cols=91 scrollback_limit_bytes=10000000
2026-07-29T17:25:34.179686Z  INFO herdr::logging: pane child spawned event="pane.spawned" subsystem="pane" outcome="ok" pane_id=197 pid=1350118
2026-07-29T17:25:34.179854Z  INFO herdr::logging: workspace created event="workspace.create" subsystem="workspace" outcome="ok" workspace_id="w6B" pane_id=197
2026-07-29T17:25:34.179870Z  INFO herdr::logging: workspace focused event="workspace.focus" subsystem="workspace" outcome="ok" workspace_id="w6B"
2026-07-29T17:25:34.179940Z  INFO herdr::logging: tab focused event="tab.focus" subsystem="tab" outcome="ok" workspace_id="w6B" tab_id="w6B:t1"
2026-07-29T17:25:34.201052Z  INFO herdr::server::headless: client resize client_id=6 cols=128 rows=46 cell_width_px=0 cell_height_px=0
2026-07-29T17:25:34.237061Z  INFO herdr::logging: pane child exited event="pane.exit" subsystem="pane" outcome="completed" pane_id=197 status="ExitStatus { code: 1, signal: None }"
2026-07-29T17:25:34.237246Z  INFO herdr::pane: pane session terminated pane=197 pid=1350118 signal=Hangup
2026-07-29T17:25:34.237558Z  INFO herdr::logging: spawning pane terminal event="pane.spawn.start" subsystem="pane" outcome="started" pane_id=198 rows=45 cols=102 scrollback_limit_bytes=10000000
2026-07-29T17:25:34.239066Z  INFO herdr::logging: pane child spawned event="pane.spawned" subsystem="pane" outcome="ok" pane_id=198 pid=1350247
2026-07-29T17:25:34.239274Z  INFO herdr::logging: workspace created event="workspace.create" subsystem="workspace" outcome="ok" workspace_id="w6C" pane_id=198
2026-07-29T17:25:34.239285Z  INFO herdr::logging: workspace focused event="workspace.focus" subsystem="workspace" outcome="ok" workspace_id="w6C"
2026-07-29T17:25:34.239354Z  INFO herdr::logging: tab focused event="tab.focus" subsystem="tab" outcome="ok" workspace_id="w6C" tab_id="w6C:t1"
2026-07-29T17:25:34.295965Z  INFO herdr::logging: pane child exited event="pane.exit" subsystem="pane" outcome="completed" pane_id=198 status="ExitStatus { code: 1, signal: None }"
2026-07-29T17:25:34.303484Z  INFO herdr::pane: pane session terminated pane=198 pid=1350247 signal=Hangup
2026-07-29T17:25:34.303790Z  INFO herdr::server::headless: client resize client_id=6 cols=130 rows=46 cell_width_px=0 cell_height_px=0
2026-07-29T17:25:34.304691Z  INFO herdr::logging: spawning pane terminal event="pane.spawn.start" subsystem="pane" outcome="started" pane_id=199 rows=24 cols=80 scrollback_limit_bytes=10000000
2026-07-29T17:25:34.306719Z  INFO herdr::logging: pane child spawned event="pane.spawned" subsystem="pane" outcome="ok" pane_id=199 pid=1350254
2026-07-29T17:25:34.307009Z  INFO herdr::logging: workspace created event="workspace.create" subsystem="workspace" outcome="ok" workspace_id="w6D" pane_id=199
2026-07-29T17:25:34.307029Z  INFO herdr::logging: workspace focused event="workspace.focus" subsystem="workspace" outcome="ok" workspace_id="w6D"
2026-07-29T17:25:34.307126Z  INFO herdr::logging: tab focused event="tab.focus" subsystem="tab" outcome="ok" workspace_id="w6D" tab_id="w6D:t1"
2026-07-29T17:25:34.365232Z  INFO herdr::logging: pane child exited event="pane.exit" subsystem="pane" outcome="completed" pane_id=199 status="ExitStatus { code: 1, signal: None }"
2026-07-29T17:25:34.372720Z  INFO herdr::pane: pane session terminated pane=199 pid=1350254 signal=Hangup
2026-07-29T17:25:34.373163Z  INFO herdr::logging: spawning pane terminal event="pane.spawn.start" subsystem="pane" outcome="started" pane_id=200 rows=45 cols=104 scrollback_limit_bytes=10000000
2026-07-29T17:25:34.374816Z  INFO herdr::logging: pane child spawned event="pane.spawned" subsystem="pane" outcome="ok" pane_id=200 pid=1350286
2026-07-29T17:25:34.374959Z  INFO herdr::logging: workspace created event="workspace.create" subsystem="workspace" outcome="ok" workspace_id="w6E" pane_id=200
2026-07-29T17:25:34.374969Z  INFO herdr::logging: workspace focused event="workspace.focus" subsystem="workspace" outcome="ok" workspace_id="w6E"
2026-07-29T17:25:34.375037Z  INFO herdr::logging: tab focused event="tab.focus" subsystem="tab" outcome="ok" workspace_id="w6E" tab_id="w6E:t1"
2026-07-29T17:25:34.401019Z  INFO herdr::server::headless: client resize client_id=6 cols=140 rows=46 cell_width_px=0 cell_height_px=0
2026-07-29T17:25:34.410954Z  INFO herdr::logging: pane child exited event="pane.exit" subsystem="pane" outcome="completed" pane_id=200 status="ExitStatus { code: 1, signal: None }"
2026-07-29T17:25:34.411081Z  INFO herdr::pane: pane session terminated pane=200 pid=1350286 signal=Hangup
2026-07-29T17:25:34.411343Z  INFO herdr::logging: spawning pane terminal event="pane.spawn.start" subsystem="pane" outcome="started" pane_id=201 rows=45 cols=114 scrollback_limit_bytes=10000000
2026-07-29T17:25:34.412825Z  INFO herdr::logging: pane child spawned event="pane.spawned" subsystem="pane" outcome="ok" pane_id=201 pid=1350300
2026-07-29T17:25:34.412973Z  INFO herdr::logging: workspace created event="workspace.create" subsystem="workspace" outcome="ok" workspace_id="w6F" pane_id=201
2026-07-29T17:25:34.412985Z  INFO herdr::logging: workspace focused event="workspace.focus" subsystem="workspace" outcome="ok" workspace_id="w6F"
2026-07-29T17:25:34.413049Z  INFO herdr::logging: tab focused event="tab.focus" subsystem="tab" outcome="ok" workspace_id="w6F" tab_id="w6F:t1"
2026-07-29T17:25:34.449999Z  INFO herdr::logging: pane child exited event="pane.exit" subsystem="pane" outcome="completed" pane_id=201 status="ExitStatus { code: 1, signal: None }"
2026-07-29T17:25:34.455236Z  INFO herdr::pane: pane session terminated pane=201 pid=1350300 signal=Hangup
2026-07-29T17:25:34.455450Z  INFO herdr::logging: spawning pane terminal event="pane.spawn.start" subsystem="pane" outcome="started" pane_id=202 rows=45 cols=114 scrollback_limit_bytes=10000000
2026-07-29T17:25:34.456707Z  INFO herdr::logging: pane child spawned event="pane.spawned" subsystem="pane" outcome="ok" pane_id=202 pid=1350307
2026-07-29T17:25:34.456841Z  INFO herdr::logging: workspace created event="workspace.create" subsystem="workspace" outcome="ok" workspace_id="w6G" pane_id=202
2026-07-29T17:25:34.456850Z  INFO herdr::logging: workspace focused event="workspace.focus" subsystem="workspace" outcome="ok" workspace_id="w6G"
2026-07-29T17:25:34.456906Z  INFO herdr::logging: tab focused event="tab.focus" subsystem="tab" outcome="ok" workspace_id="w6G" tab_id="w6G:t1"
2026-07-29T17:25:34.493926Z  INFO herdr::logging: pane child exited event="pane.exit" subsystem="pane" outcome="completed" pane_id=202 status="ExitStatus { code: 1, signal: None }"
2026-07-29T17:25:34.499490Z  INFO herdr::pane: pane session terminated pane=202 pid=1350307 signal=Hangup
2026-07-29T17:25:34.499787Z  INFO herdr::logging: spawning pane terminal event="pane.spawn.start" subsystem="pane" outcome="started" pane_id=203 rows=45 cols=114 scrollback_limit_bytes=10000000
2026-07-29T17:25:34.501208Z  INFO herdr::logging: pane child spawned event="pane.spawned" subsystem="pane" outcome="ok" pane_id=203 pid=1350314
2026-07-29T17:25:34.501372Z  INFO herdr::logging: workspace created event="workspace.create" subsystem="workspace" outcome="ok" workspace_id="w6H" pane_id=203
2026-07-29T17:25:34.501381Z  INFO herdr::logging: workspace focused event="workspace.focus" subsystem="workspace" outcome="ok" workspace_id="w6H"
2026-07-29T17:25:34.501437Z  INFO herdr::logging: tab focused event="tab.focus" subsystem="tab" outcome="ok" workspace_id="w6H" tab_id="w6H:t1"
2026-07-29T17:25:34.501454Z  INFO herdr::server::headless: client resize client_id=6 cols=139 rows=45 cell_width_px=0 cell_height_px=0
2026-07-29T17:25:34.536191Z  INFO herdr::logging: pane child exited event="pane.exit" subsystem="pane" outcome="completed" pane_id=203 status="ExitStatus { code: 1, signal: None }"
2026-07-29T17:25:34.541076Z  INFO herdr::pane: pane session terminated pane=203 pid=1350314 signal=Hangup
2026-07-29T17:25:34.541289Z  INFO herdr::logging: spawning pane terminal event="pane.spawn.start" subsystem="pane" outcome="started" pane_id=204 rows=44 cols=113 scrollback_limit_bytes=10000000
2026-07-29T17:25:34.542567Z  INFO herdr::logging: pane child spawned event="pane.spawned" subsystem="pane" outcome="ok" pane_id=204 pid=1350321
2026-07-29T17:25:34.542751Z  INFO herdr::logging: workspace created event="workspace.create" subsystem="workspace" outcome="ok" workspace_id="w6J" pane_id=204
2026-07-29T17:25:34.542761Z  INFO herdr::logging: workspace focused event="workspace.focus" subsystem="workspace" outcome="ok" workspace_id="w6J"
2026-07-29T17:25:34.542824Z  INFO herdr::logging: tab focused event="tab.focus" subsystem="tab" outcome="ok" workspace_id="w6J" tab_id="w6J:t1"
2026-07-29T17:25:34.577162Z  INFO herdr::logging: pane child exited event="pane.exit" subsystem="pane" outcome="completed" pane_id=204 status="ExitStatus { code: 1, signal: None }"
2026-07-29T17:25:34.582650Z  INFO herdr::pane: pane session terminated pane=204 pid=1350321 signal=Hangup
2026-07-29T17:25:34.582875Z  INFO herdr::logging: spawning pane terminal event="pane.spawn.start" subsystem="pane" outcome="started" pane_id=205 rows=44 cols=113 scrollback_limit_bytes=10000000
2026-07-29T17:25:34.584191Z  INFO herdr::logging: pane child spawned event="pane.spawned" subsystem="pane" outcome="ok" pane_id=205 pid=1350328
2026-07-29T17:25:34.584347Z  INFO herdr::logging: workspace created event="workspace.create" subsystem="workspace" outcome="ok" workspace_id="w6K" pane_id=205
2026-07-29T17:25:34.584357Z  INFO herdr::logging: workspace focused event="workspace.focus" subsystem="workspace" outcome="ok" workspace_id="w6K"
2026-07-29T17:25:34.584414Z  INFO herdr::logging: tab focused event="tab.focus" subsystem="tab" outcome="ok" workspace_id="w6K" tab_id="w6K:t1"
2026-07-29T17:25:34.601099Z  INFO herdr::server::headless: client resize client_id=6 cols=138 rows=45 cell_width_px=0 cell_height_px=0
2026-07-29T17:25:34.621757Z  INFO herdr::logging: pane child exited event="pane.exit" subsystem="pane" outcome="completed" pane_id=205 status="ExitStatus { code: 1, signal: None }"
2026-07-29T17:25:34.621873Z  INFO herdr::pane: pane session terminated pane=205 pid=1350328 signal=Hangup
2026-07-29T17:25:34.622131Z  INFO herdr::logging: spawning pane terminal event="pane.spawn.start" subsystem="pane" outcome="started" pane_id=206 rows=44 cols=112 scrollback_limit_bytes=10000000
2026-07-29T17:25:34.623407Z  INFO herdr::logging: pane child spawned event="pane.spawned" subsystem="pane" outcome="ok" pane_id=206 pid=1350351
2026-07-29T17:25:34.623567Z  INFO herdr::logging: workspace created event="workspace.create" subsystem="workspace" outcome="ok" workspace_id="w6M" pane_id=206
2026-07-29T17:25:34.623577Z  INFO herdr::logging: workspace focused event="workspace.focus" subsystem="workspace" outcome="ok" workspace_id="w6M"
2026-07-29T17:25:34.623636Z  INFO herdr::logging: tab focused event="tab.focus" subsystem="tab" outcome="ok" workspace_id="w6M" tab_id="w6M:t1"
2026-07-29T17:25:34.659628Z  INFO herdr::logging: pane child exited event="pane.exit" subsystem="pane" outcome="completed" pane_id=206 status="ExitStatus { code: 1, signal: None }"
2026-07-29T17:25:34.664592Z  INFO herdr::pane: pane session terminated pane=206 pid=1350351 signal=Hangup
2026-07-29T17:25:34.664753Z  INFO herdr::logging: spawning pane terminal event="pane.spawn.start" subsystem="pane" outcome="started" pane_id=207 rows=44 cols=112 scrollback_limit_bytes=10000000
2026-07-29T17:25:34.666081Z  INFO herdr::logging: pane child spawned event="pane.spawned" subsystem="pane" outcome="ok" pane_id=207 pid=1350358
2026-07-29T17:25:34.666239Z  INFO herdr::logging: workspace created event="workspace.create" subsystem="workspace" outcome="ok" workspace_id="w6N" pane_id=207
2026-07-29T17:25:34.666249Z  INFO herdr::logging: workspace focused event="workspace.focus" subsystem="workspace" outcome="ok" workspace_id="w6N"
2026-07-29T17:25:34.666303Z  INFO herdr::logging: tab focused event="tab.focus" subsystem="tab" outcome="ok" workspace_id="w6N" tab_id="w6N:t1"
2026-07-29T17:25:34.701083Z  INFO herdr::logging: pane child exited event="pane.exit" subsystem="pane" outcome="completed" pane_id=207 status="ExitStatus { code: 1, signal: None }"
2026-07-29T17:25:34.706106Z  INFO herdr::pane: pane session terminated pane=207 pid=1350358 signal=Hangup
2026-07-29T17:25:34.706313Z  INFO herdr::logging: spawning pane terminal event="pane.spawn.start" subsystem="pane" outcome="started" pane_id=208 rows=44 cols=112 scrollback_limit_bytes=10000000
2026-07-29T17:25:34.707565Z  INFO herdr::logging: pane child spawned event="pane.spawned" subsystem="pane" outcome="ok" pane_id=208 pid=1350365
2026-07-29T17:25:34.707762Z  INFO herdr::logging: workspace created event="workspace.create" subsystem="workspace" outcome="ok" workspace_id="w6P" pane_id=208
2026-07-29T17:25:34.707783Z  INFO herdr::logging: workspace focused event="workspace.focus" subsystem="workspace" outcome="ok" workspace_id="w6P"
2026-07-29T17:25:34.707837Z  INFO herdr::logging: tab focused event="tab.focus" subsystem="tab" outcome="ok" workspace_id="w6P" tab_id="w6P:t1"
2026-07-29T17:25:34.744481Z  INFO herdr::logging: pane child exited event="pane.exit" subsystem="pane" outcome="completed" pane_id=208 status="ExitStatus { code: 1, signal: None }"
2026-07-29T17:25:34.749469Z  INFO herdr::pane: pane session terminated pane=208 pid=1350365 signal=Hangup
2026-07-29T17:25:34.749688Z  INFO herdr::logging: spawning pane terminal event="pane.spawn.start" subsystem="pane" outcome="started" pane_id=209 rows=44 cols=112 scrollback_limit_bytes=10000000
2026-07-29T17:25:34.750958Z  INFO herdr::logging: pane child spawned event="pane.spawned" subsystem="pane" outcome="ok" pane_id=209 pid=1350372
2026-07-29T17:25:34.751136Z  INFO herdr::logging: workspace created event="workspace.create" subsystem="workspace" outcome="ok" workspace_id="w6Q" pane_id=209
2026-07-29T17:25:34.751146Z  INFO herdr::logging: workspace focused event="workspace.focus" subsystem="workspace" outcome="ok" workspace_id="w6Q"
2026-07-29T17:25:34.751207Z  INFO herdr::logging: tab focused event="tab.focus" subsystem="tab" outcome="ok" workspace_id="w6Q" tab_id="w6Q:t1"
2026-07-29T17:25:34.785813Z  INFO herdr::logging: pane child exited event="pane.exit" subsystem="pane" outcome="completed" pane_id=209 status="ExitStatus { code: 1, signal: None }"
2026-07-29T17:25:34.790748Z  INFO herdr::pane: pane session terminated pane=209 pid=1350372 signal=Hangup
2026-07-29T17:25:34.790954Z  INFO herdr::logging: spawning pane terminal event="pane.spawn.start" subsystem="pane" outcome="started" pane_id=210 rows=44 cols=112 scrollback_limit_bytes=10000000
2026-07-29T17:25:34.792223Z  INFO herdr::logging: pane child spawned event="pane.spawned" subsystem="pane" outcome="ok" pane_id=210 pid=1350379
2026-07-29T17:25:34.792376Z  INFO herdr::logging: workspace created event="workspace.create" subsystem="workspace" outcome="ok" workspace_id="w6R" pane_id=210
2026-07-29T17:25:34.792386Z  INFO herdr::logging: workspace focused event="workspace.focus" subsystem="workspace" outcome="ok" workspace_id="w6R"
2026-07-29T17:25:34.792445Z  INFO herdr::logging: tab focused event="tab.focus" subsystem="tab" outcome="ok" workspace_id="w6R" tab_id="w6R:t1"
2026-07-29T17:25:34.827802Z  INFO herdr::logging: pane child exited event="pane.exit" subsystem="pane" outcome="completed" pane_id=210 status="ExitStatus { code: 1, signal: None }"
2026-07-29T17:25:34.832768Z  INFO herdr::pane: pane session terminated pane=210 pid=1350379 signal=Hangup
2026-07-29T17:25:34.832978Z  INFO herdr::logging: spawning pane terminal event="pane.spawn.start" subsystem="pane" outcome="started" pane_id=211 rows=44 cols=112 scrollback_limit_bytes=10000000
2026-07-29T17:25:34.834282Z  INFO herdr::logging: pane child spawned event="pane.spawned" subsystem="pane" outcome="ok" pane_id=211 pid=1350386
2026-07-29T17:25:34.834432Z  INFO herdr::logging: workspace created event="workspace.create" subsystem="workspace" outcome="ok" workspace_id="w6S" pane_id=211
2026-07-29T17:25:34.834442Z  INFO herdr::logging: workspace focused event="workspace.focus" subsystem="workspace" outcome="ok" workspace_id="w6S"
2026-07-29T17:25:34.834497Z  INFO herdr::logging: tab focused event="tab.focus" subsystem="tab" outcome="ok" workspace_id="w6S" tab_id="w6S:t1"
2026-07-29T17:25:34.869791Z  INFO herdr::logging: pane child exited event="pane.exit" subsystem="pane" outcome="completed" pane_id=211 status="ExitStatus { code: 1, signal: None }"
2026-07-29T17:25:34.874631Z  INFO herdr::pane: pane session terminated pane=211 pid=1350386 signal=Hangup
2026-07-29T17:25:34.874858Z  INFO herdr::logging: spawning pane terminal event="pane.spawn.start" subsystem="pane" outcome="started" pane_id=212 rows=44 cols=112 scrollback_limit_bytes=10000000
2026-07-29T17:25:34.876157Z  INFO herdr::logging: pane child spawned event="pane.spawned" subsystem="pane" outcome="ok" pane_id=212 pid=1350393
2026-07-29T17:25:34.876334Z  INFO herdr::logging: workspace created event="workspace.create" subsystem="workspace" outcome="ok" workspace_id="w6T" pane_id=212
2026-07-29T17:25:34.876344Z  INFO herdr::logging: workspace focused event="workspace.focus" subsystem="workspace" outcome="ok" workspace_id="w6T"
2026-07-29T17:25:34.876399Z  INFO herdr::logging: tab focused event="tab.focus" subsystem="tab" outcome="ok" workspace_id="w6T" tab_id="w6T:t1"
2026-07-29T17:25:34.910705Z  INFO herdr::logging: pane child exited event="pane.exit" subsystem="pane" outcome="completed" pane_id=212 status="ExitStatus { code: 1, signal: None }"
2026-07-29T17:25:34.915858Z  INFO herdr::pane: pane session terminated pane=212 pid=1350393 signal=Hangup
2026-07-29T17:25:34.916061Z  INFO herdr::logging: spawning pane terminal event="pane.spawn.start" subsystem="pane" outcome="started" pane_id=213 rows=44 cols=112 scrollback_limit_bytes=10000000
2026-07-29T17:25:34.917366Z  INFO herdr::logging: pane child spawned event="pane.spawned" subsystem="pane" outcome="ok" pane_id=213 pid=1350400
2026-07-29T17:25:34.917522Z  INFO herdr::logging: workspace created event="workspace.create" subsystem="workspace" outcome="ok" workspace_id="w6V" pane_id=213
2026-07-29T17:25:34.917532Z  INFO herdr::logging: workspace focused event="workspace.focus" subsystem="workspace" outcome="ok" workspace_id="w6V"
2026-07-29T17:25:34.917596Z  INFO herdr::logging: tab focused event="tab.focus" subsystem="tab" outcome="ok" workspace_id="w6V" tab_id="w6V:t1"
2026-07-29T17:25:34.952194Z  INFO herdr::logging: pane child exited event="pane.exit" subsystem="pane" outcome="completed" pane_id=213 status="ExitStatus { code: 1, signal: None }"
2026-07-29T17:25:34.957229Z  INFO herdr::pane: pane session terminated pane=213 pid=1350400 signal=Hangup
2026-07-29T17:25:34.957439Z  INFO herdr::logging: spawning pane terminal event="pane.spawn.start" subsystem="pane" outcome="started" pane_id=214 rows=44 cols=112 scrollback_limit_bytes=10000000
2026-07-29T17:25:34.958747Z  INFO herdr::logging: pane child spawned event="pane.spawned" subsystem="pane" outcome="ok" pane_id=214 pid=1350407
2026-07-29T17:25:34.958921Z  INFO herdr::logging: workspace created event="workspace.create" subsystem="workspace" outcome="ok" workspace_id="w6W" pane_id=214
2026-07-29T17:25:34.958930Z  INFO herdr::logging: workspace focused event="workspace.focus" subsystem="workspace" outcome="ok" workspace_id="w6W"
2026-07-29T17:25:34.958991Z  INFO herdr::logging: tab focused event="tab.focus" subsystem="tab" outcome="ok" workspace_id="w6W" tab_id="w6W:t1"
2026-07-29T17:25:34.994545Z  INFO herdr::logging: pane child exited event="pane.exit" subsystem="pane" outcome="completed" pane_id=214 status="ExitStatus { code: 1, signal: None }"
2026-07-29T17:25:34.999417Z  INFO herdr::pane: pane session terminated pane=214 pid=1350407 signal=Hangup
2026-07-29T17:25:34.999624Z  INFO herdr::logging: spawning pane terminal event="pane.spawn.start" subsystem="pane" outcome="started" pane_id=215 rows=44 cols=112 scrollback_limit_bytes=10000000
2026-07-29T17:25:35.000892Z  INFO herdr::logging: pane child spawned event="pane.spawned" subsystem="pane" outcome="ok" pane_id=215 pid=1350414
2026-07-29T17:25:35.001063Z  INFO herdr::logging: workspace created event="workspace.create" subsystem="workspace" outcome="ok" workspace_id="w6X" pane_id=215
2026-07-29T17:25:35.001074Z  INFO herdr::logging: workspace focused event="workspace.focus" subsystem="workspace" outcome="ok" workspace_id="w6X"
2026-07-29T17:25:35.001134Z  INFO herdr::logging: tab focused event="tab.focus" subsystem="tab" outcome="ok" workspace_id="w6X" tab_id="w6X:t1"
2026-07-29T17:25:35.035970Z  INFO herdr::logging: pane child exited event="pane.exit" subsystem="pane" outcome="completed" pane_id=215 status="ExitStatus { code: 1, signal: None }"
2026-07-29T17:25:35.040919Z  INFO herdr::pane: pane session terminated pane=215 pid=1350414 signal=Hangup
2026-07-29T17:25:35.041147Z  INFO herdr::logging: spawning pane terminal event="pane.spawn.start" subsystem="pane" outcome="started" pane_id=216 rows=44 cols=112 scrollback_limit_bytes=10000000
2026-07-29T17:25:35.042464Z  INFO herdr::logging: pane child spawned event="pane.spawned" subsystem="pane" outcome="ok" pane_id=216 pid=1350421
2026-07-29T17:25:35.042611Z  INFO herdr::logging: workspace created event="workspace.create" subsystem="workspace" outcome="ok" workspace_id="w6Y" pane_id=216
2026-07-29T17:25:35.042621Z  INFO herdr::logging: workspace focused event="workspace.focus" subsystem="workspace" outcome="ok" workspace_id="w6Y"
2026-07-29T17:25:35.042693Z  INFO herdr::logging: tab focused event="tab.focus" subsystem="tab" outcome="ok" workspace_id="w6Y" tab_id="w6Y:t1"
2026-07-29T17:25:35.077868Z  INFO herdr::logging: pane child exited event="pane.exit" subsystem="pane" outcome="completed" pane_id=216 status="ExitStatus { code: 1, signal: None }"
2026-07-29T17:25:35.082979Z  INFO herdr::pane: pane session terminated pane=216 pid=1350421 signal=Hangup
2026-07-29T17:25:35.083192Z  INFO herdr::logging: spawning pane terminal event="pane.spawn.start" subsystem="pane" outcome="started" pane_id=217 rows=44 cols=112 scrollback_limit_bytes=10000000
2026-07-29T17:25:35.084586Z  INFO herdr::logging: pane child spawned event="pane.spawned" subsystem="pane" outcome="ok" pane_id=217 pid=1350428
2026-07-29T17:25:35.084752Z  INFO herdr::logging: workspace created event="workspace.create" subsystem="workspace" outcome="ok" workspace_id="w6Z" pane_id=217
2026-07-29T17:25:35.084762Z  INFO herdr::logging: workspace focused event="workspace.focus" subsystem="workspace" outcome="ok" workspace_id="w6Z"
2026-07-29T17:25:35.084819Z  INFO herdr::logging: tab focused event="tab.focus" subsystem="tab" outcome="ok" workspace_id="w6Z" tab_id="w6Z:t1"
2026-07-29T17:25:35.120059Z  INFO herdr::logging: pane child exited event="pane.exit" subsystem="pane" outcome="completed" pane_id=217 status="ExitStatus { code: 1, signal: None }"
2026-07-29T17:25:35.125108Z  INFO herdr::pane: pane session terminated pane=217 pid=1350428 signal=Hangup
2026-07-29T17:25:35.125327Z  INFO herdr::logging: spawning pane terminal event="pane.spawn.start" subsystem="pane" outcome="started" pane_id=218 rows=44 cols=112 scrollback_limit_bytes=10000000
2026-07-29T17:25:35.126741Z  INFO herdr::logging: pane child spawned event="pane.spawned" subsystem="pane" outcome="ok" pane_id=218 pid=1350436
2026-07-29T17:25:35.126899Z  INFO herdr::logging: workspace created event="workspace.create" subsystem="workspace" outcome="ok" workspace_id="w60" pane_id=218
2026-07-29T17:25:35.126910Z  INFO herdr::logging: workspace focused event="workspace.focus" subsystem="workspace" outcome="ok" workspace_id="w60"
2026-07-29T17:25:35.126969Z  INFO herdr::logging: tab focused event="tab.focus" subsystem="tab" outcome="ok" workspace_id="w60" tab_id="w60:t1"
2026-07-29T17:25:35.161418Z  INFO herdr::logging: pane child exited event="pane.exit" subsystem="pane" outcome="completed" pane_id=218 status="ExitStatus { code: 1, signal: None }"
2026-07-29T17:25:35.166434Z  INFO herdr::pane: pane session terminated pane=218 pid=1350436 signal=Hangup
2026-07-29T17:25:35.166647Z  INFO herdr::logging: spawning pane terminal event="pane.spawn.start" subsystem="pane" outcome="started" pane_id=219 rows=44 cols=112 scrollback_limit_bytes=10000000
2026-07-29T17:25:35.167962Z  INFO herdr::logging: pane child spawned event="pane.spawned" subsystem="pane" outcome="ok" pane_id=219 pid=1350443
2026-07-29T17:25:35.168121Z  INFO herdr::logging: workspace created event="workspace.create" subsystem="workspace" outcome="ok" workspace_id="w71" pane_id=219
2026-07-29T17:25:35.168130Z  INFO herdr::logging: workspace focused event="workspace.focus" subsystem="workspace" outcome="ok" workspace_id="w71"
2026-07-29T17:25:35.168190Z  INFO herdr::logging: tab focused event="tab.focus" subsystem="tab" outcome="ok" workspace_id="w71" tab_id="w71:t1"
2026-07-29T17:25:35.208453Z  INFO herdr::logging: pane child exited event="pane.exit" subsystem="pane" outcome="completed" pane_id=219 status="ExitStatus { code: 1, signal: None }"
2026-07-29T17:25:35.215118Z  INFO herdr::pane: pane session terminated pane=219 pid=1350443 signal=Hangup
2026-07-29T17:25:35.215376Z  INFO herdr::logging: spawning pane terminal event="pane.spawn.start" subsystem="pane" outcome="started" pane_id=220 rows=44 cols=112 scrollback_limit_bytes=10000000
2026-07-29T17:25:35.216879Z  INFO herdr::logging: pane child spawned event="pane.spawned" subsystem="pane" outcome="ok" pane_id=220 pid=1350535
2026-07-29T17:25:35.217037Z  INFO herdr::logging: workspace created event="workspace.create" subsystem="workspace" outcome="ok" workspace_id="w72" pane_id=220
2026-07-29T17:25:35.217048Z  INFO herdr::logging: workspace focused event="workspace.focus" subsystem="workspace" outcome="ok" workspace_id="w72"
2026-07-29T17:25:35.217111Z  INFO herdr::logging: tab focused event="tab.focus" subsystem="tab" outcome="ok" workspace_id="w72" tab_id="w72:t1"
2026-07-29T17:25:35.256502Z  INFO herdr::logging: pane child exited event="pane.exit" subsystem="pane" outcome="completed" pane_id=220 status="ExitStatus { code: 1, signal: None }"
2026-07-29T17:25:35.262246Z  INFO herdr::pane: pane session terminated pane=220 pid=1350535 signal=Hangup
2026-07-29T17:25:35.262635Z  INFO herdr::logging: spawning pane terminal event="pane.spawn.start" subsystem="pane" outcome="started" pane_id=221 rows=44 cols=112 scrollback_limit_bytes=10000000
2026-07-29T17:25:35.264023Z  INFO herdr::logging: pane child spawned event="pane.spawned" subsystem="pane" outcome="ok" pane_id=221 pid=1350542
2026-07-29T17:25:35.264201Z  INFO herdr::logging: workspace created event="workspace.create" subsystem="workspace" outcome="ok" workspace_id="w73" pane_id=221
2026-07-29T17:25:35.264213Z  INFO herdr::logging: workspace focused event="workspace.focus" subsystem="workspace" outcome="ok" workspace_id="w73"
2026-07-29T17:25:35.264274Z  INFO herdr::logging: tab focused event="tab.focus" subsystem="tab" outcome="ok" workspace_id="w73" tab_id="w73:t1"
2026-07-29T17:25:35.306847Z  INFO herdr::logging: pane child exited event="pane.exit" subsystem="pane" outcome="completed" pane_id=221 status="ExitStatus { code: 1, signal: None }"
2026-07-29T17:25:35.307054Z  INFO herdr::pane: pane session terminated pane=221 pid=1350542 signal=Hangup
2026-07-29T17:25:35.307395Z  INFO herdr::logging: spawning pane terminal event="pane.spawn.start" subsystem="pane" outcome="started" pane_id=222 rows=44 cols=112 scrollback_limit_bytes=10000000
2026-07-29T17:25:35.309267Z  INFO herdr::logging: pane child spawned event="pane.spawned" subsystem="pane" outcome="ok" pane_id=222 pid=1350549
2026-07-29T17:25:35.309569Z  INFO herdr::logging: workspace created event="workspace.create" subsystem="workspace" outcome="ok" workspace_id="w74" pane_id=222
2026-07-29T17:25:35.309589Z  INFO herdr::logging: workspace focused event="workspace.focus" subsystem="workspace" outcome="ok" workspace_id="w74"
2026-07-29T17:25:35.309671Z  INFO herdr::logging: tab focused event="tab.focus" subsystem="tab" outcome="ok" workspace_id="w74" tab_id="w74:t1"
2026-07-29T17:25:35.349794Z  INFO herdr::logging: pane child exited event="pane.exit" subsystem="pane" outcome="completed" pane_id=222 status="ExitStatus { code: 1, signal: None }"
2026-07-29T17:25:35.349911Z  INFO herdr::pane: pane session terminated pane=222 pid=1350549 signal=Hangup
2026-07-29T17:25:35.350145Z  INFO herdr::logging: spawning pane terminal event="pane.spawn.start" subsystem="pane" outcome="started" pane_id=223 rows=44 cols=112 scrollback_limit_bytes=10000000
2026-07-29T17:25:35.351330Z  INFO herdr::logging: pane child spawned event="pane.spawned" subsystem="pane" outcome="ok" pane_id=223 pid=1350570
2026-07-29T17:25:35.351480Z  INFO herdr::logging: workspace created event="workspace.create" subsystem="workspace" outcome="ok" workspace_id="w75" pane_id=223
2026-07-29T17:25:35.351491Z  INFO herdr::logging: workspace focused event="workspace.focus" subsystem="workspace" outcome="ok" workspace_id="w75"
2026-07-29T17:25:35.351554Z  INFO herdr::logging: tab focused event="tab.focus" subsystem="tab" outcome="ok" workspace_id="w75" tab_id="w75:t1"
2026-07-29T17:25:35.388079Z  INFO herdr::logging: pane child exited event="pane.exit" subsystem="pane" outcome="completed" pane_id=223 status="ExitStatus { code: 1, signal: None }"
2026-07-29T17:25:35.388200Z  INFO herdr::pane: pane session terminated pane=223 pid=1350570 signal=Hangup
2026-07-29T17:25:35.388453Z  INFO herdr::logging: spawning pane terminal event="pane.spawn.start" subsystem="pane" outcome="started" pane_id=224 rows=44 cols=112 scrollback_limit_bytes=10000000
2026-07-29T17:25:35.389742Z  INFO herdr::logging: pane child spawned event="pane.spawned" subsystem="pane" outcome="ok" pane_id=224 pid=1350577
2026-07-29T17:25:35.389897Z  INFO herdr::logging: workspace created event="workspace.create" subsystem="workspace" outcome="ok" workspace_id="w76" pane_id=224
2026-07-29T17:25:35.389907Z  INFO herdr::logging: workspace focused event="workspace.focus" subsystem="workspace" outcome="ok" workspace_id="w76"
2026-07-29T17:25:35.389967Z  INFO herdr::logging: tab focused event="tab.focus" subsystem="tab" outcome="ok" workspace_id="w76" tab_id="w76:t1"
2026-07-29T17:25:35.425299Z  INFO herdr::logging: pane child exited event="pane.exit" subsystem="pane" outcome="completed" pane_id=224 status="ExitStatus { code: 1, signal: None }"
2026-07-29T17:25:35.429971Z  INFO herdr::pane: pane session terminated pane=224 pid=1350577 signal=Hangup
2026-07-29T17:25:35.430178Z  INFO herdr::logging: spawning pane terminal event="pane.spawn.start" subsystem="pane" outcome="started" pane_id=225 rows=44 cols=112 scrollback_limit_bytes=10000000
2026-07-29T17:25:35.431416Z  INFO herdr::logging: pane child spawned event="pane.spawned" subsystem="pane" outcome="ok" pane_id=225 pid=1350584
2026-07-29T17:25:35.431577Z  INFO herdr::logging: workspace created event="workspace.create" subsystem="workspace" outcome="ok" workspace_id="w77" pane_id=225
2026-07-29T17:25:35.431586Z  INFO herdr::logging: workspace focused event="workspace.focus" subsystem="workspace" outcome="ok" workspace_id="w77"
2026-07-29T17:25:35.431640Z  INFO herdr::logging: tab focused event="tab.focus" subsystem="tab" outcome="ok" workspace_id="w77" tab_id="w77:t1"
2026-07-29T17:25:35.467011Z  INFO herdr::logging: pane child exited event="pane.exit" subsystem="pane" outcome="completed" pane_id=225 status="ExitStatus { code: 1, signal: None }"
2026-07-29T17:25:35.467125Z  INFO herdr::pane: pane session terminated pane=225 pid=1350584 signal=Hangup
2026-07-29T17:25:35.467372Z  INFO herdr::logging: spawning pane terminal event="pane.spawn.start" subsystem="pane" outcome="started" pane_id=226 rows=44 cols=112 scrollback_limit_bytes=10000000
2026-07-29T17:25:35.468609Z  INFO herdr::logging: pane child spawned event="pane.spawned" subsystem="pane" outcome="ok" pane_id=226 pid=1350591
2026-07-29T17:25:35.468745Z  INFO herdr::logging: workspace created event="workspace.create" subsystem="workspace" outcome="ok" workspace_id="w78" pane_id=226
2026-07-29T17:25:35.468755Z  INFO herdr::logging: workspace focused event="workspace.focus" subsystem="workspace" outcome="ok" workspace_id="w78"
2026-07-29T17:25:35.468813Z  INFO herdr::logging: tab focused event="tab.focus" subsystem="tab" outcome="ok" workspace_id="w78" tab_id="w78:t1"
2026-07-29T17:25:35.502981Z  INFO herdr::logging: pane child exited event="pane.exit" subsystem="pane" outcome="completed" pane_id=226 status="ExitStatus { code: 1, signal: None }"
2026-07-29T17:25:35.508497Z  INFO herdr::pane: pane session terminated pane=226 pid=1350591 signal=Hangup
2026-07-29T17:25:35.508724Z  INFO herdr::logging: spawning pane terminal event="pane.spawn.start" subsystem="pane" outcome="started" pane_id=227 rows=44 cols=112 scrollback_limit_bytes=10000000
2026-07-29T17:25:35.510046Z  INFO herdr::logging: pane child spawned event="pane.spawned" subsystem="pane" outcome="ok" pane_id=227 pid=1350598
2026-07-29T17:25:35.510193Z  INFO herdr::logging: workspace created event="workspace.create" subsystem="workspace" outcome="ok" workspace_id="w79" pane_id=227
2026-07-29T17:25:35.510209Z  INFO herdr::logging: workspace focused event="workspace.focus" subsystem="workspace" outcome="ok" workspace_id="w79"
2026-07-29T17:25:35.510276Z  INFO herdr::logging: tab focused event="tab.focus" subsystem="tab" outcome="ok" workspace_id="w79" tab_id="w79:t1"
2026-07-29T17:25:35.545115Z  INFO herdr::logging: pane child exited event="pane.exit" subsystem="pane" outcome="completed" pane_id=227 status="ExitStatus { code: 1, signal: None }"
2026-07-29T17:25:35.546221Z  INFO herdr::pane: pane session terminated pane=227 pid=1350598 signal=Hangup
2026-07-29T17:25:35.546450Z  INFO herdr::logging: spawning pane terminal event="pane.spawn.start" subsystem="pane" outcome="started" pane_id=228 rows=44 cols=112 scrollback_limit_bytes=10000000
2026-07-29T17:25:35.547749Z  INFO herdr::logging: pane child spawned event="pane.spawned" subsystem="pane" outcome="ok" pane_id=228 pid=1350605
2026-07-29T17:25:35.547919Z  INFO herdr::logging: workspace created event="workspace.create" subsystem="workspace" outcome="ok" workspace_id="w7A" pane_id=228
2026-07-29T17:25:35.547936Z  INFO herdr::logging: workspace focused event="workspace.focus" subsystem="workspace" outcome="ok" workspace_id="w7A"
2026-07-29T17:25:35.547989Z  INFO herdr::logging: tab focused event="tab.focus" subsystem="tab" outcome="ok" workspace_id="w7A" tab_id="w7A:t1"
2026-07-29T17:25:35.583041Z  INFO herdr::logging: pane child exited event="pane.exit" subsystem="pane" outcome="completed" pane_id=228 status="ExitStatus { code: 1, signal: None }"
2026-07-29T17:25:35.588037Z  INFO herdr::pane: pane session terminated pane=228 pid=1350605 signal=Hangup
2026-07-29T17:25:35.588250Z  INFO herdr::logging: spawning pane terminal event="pane.spawn.start" subsystem="pane" outcome="started" pane_id=229 rows=44 cols=112 scrollback_limit_bytes=10000000
2026-07-29T17:25:35.589472Z  INFO herdr::logging: pane child spawned event="pane.spawned" subsystem="pane" outcome="ok" pane_id=229 pid=1350612
2026-07-29T17:25:35.589611Z  INFO herdr::logging: workspace created event="workspace.create" subsystem="workspace" outcome="ok" workspace_id="w7B" pane_id=229
2026-07-29T17:25:35.589622Z  INFO herdr::logging: workspace focused event="workspace.focus" subsystem="workspace" outcome="ok" workspace_id="w7B"
2026-07-29T17:25:35.589695Z  INFO herdr::logging: tab focused event="tab.focus" subsystem="tab" outcome="ok" workspace_id="w7B" tab_id="w7B:t1"
2026-07-29T17:25:35.625646Z  INFO herdr::logging: pane child exited event="pane.exit" subsystem="pane" outcome="completed" pane_id=229 status="ExitStatus { code: 1, signal: None }"
2026-07-29T17:25:35.625769Z  INFO herdr::pane: pane session terminated pane=229 pid=1350612 signal=Hangup
2026-07-29T17:25:35.626013Z  INFO herdr::logging: spawning pane terminal event="pane.spawn.start" subsystem="pane" outcome="started" pane_id=230 rows=44 cols=112 scrollback_limit_bytes=10000000
2026-07-29T17:25:35.627289Z  INFO herdr::logging: pane child spawned event="pane.spawned" subsystem="pane" outcome="ok" pane_id=230 pid=1350620
2026-07-29T17:25:35.627433Z  INFO herdr::logging: workspace created event="workspace.create" subsystem="workspace" outcome="ok" workspace_id="w7C" pane_id=230
2026-07-29T17:25:35.627444Z  INFO herdr::logging: workspace focused event="workspace.focus" subsystem="workspace" outcome="ok" workspace_id="w7C"
2026-07-29T17:25:35.627501Z  INFO herdr::logging: tab focused event="tab.focus" subsystem="tab" outcome="ok" workspace_id="w7C" tab_id="w7C:t1"
2026-07-29T17:25:35.662400Z  INFO herdr::logging: pane child exited event="pane.exit" subsystem="pane" outcome="completed" pane_id=230 status="ExitStatus { code: 1, signal: None }"
2026-07-29T17:25:35.667706Z  INFO herdr::pane: pane session terminated pane=230 pid=1350620 signal=Hangup
2026-07-29T17:25:35.667913Z  INFO herdr::logging: spawning pane terminal event="pane.spawn.start" subsystem="pane" outcome="started" pane_id=231 rows=44 cols=112 scrollback_limit_bytes=10000000
2026-07-29T17:25:35.669153Z  INFO herdr::logging: pane child spawned event="pane.spawned" subsystem="pane" outcome="ok" pane_id=231 pid=1350629
2026-07-29T17:25:35.669321Z  INFO herdr::logging: workspace created event="workspace.create" subsystem="workspace" outcome="ok" workspace_id="w7D" pane_id=231
2026-07-29T17:25:35.669331Z  INFO herdr::logging: workspace focused event="workspace.focus" subsystem="workspace" outcome="ok" workspace_id="w7D"
2026-07-29T17:25:35.669387Z  INFO herdr::logging: tab focused event="tab.focus" subsystem="tab" outcome="ok" workspace_id="w7D" tab_id="w7D:t1"
2026-07-29T17:25:35.704545Z  INFO herdr::logging: pane child exited event="pane.exit" subsystem="pane" outcome="completed" pane_id=231 status="ExitStatus { code: 1, signal: None }"
2026-07-29T17:25:35.709628Z  INFO herdr::pane: pane session terminated pane=231 pid=1350629 signal=Hangup
2026-07-29T17:25:35.709854Z  INFO herdr::logging: spawning pane terminal event="pane.spawn.start" subsystem="pane" outcome="started" pane_id=232 rows=44 cols=112 scrollback_limit_bytes=10000000
2026-07-29T17:25:35.711164Z  INFO herdr::logging: pane child spawned event="pane.spawned" subsystem="pane" outcome="ok" pane_id=232 pid=1350636
2026-07-29T17:25:35.711310Z  INFO herdr::logging: workspace created event="workspace.create" subsystem="workspace" outcome="ok" workspace_id="w7E" pane_id=232
2026-07-29T17:25:35.711323Z  INFO herdr::logging: workspace focused event="workspace.focus" subsystem="workspace" outcome="ok" workspace_id="w7E"
2026-07-29T17:25:35.711390Z  INFO herdr::logging: tab focused event="tab.focus" subsystem="tab" outcome="ok" workspace_id="w7E" tab_id="w7E:t1"
2026-07-29T17:25:35.746625Z  INFO herdr::logging: pane child exited event="pane.exit" subsystem="pane" outcome="completed" pane_id=232 status="ExitStatus { code: 1, signal: None }"
2026-07-29T17:25:35.746783Z  INFO herdr::pane: pane session terminated pane=232 pid=1350636 signal=Hangup
2026-07-29T17:25:35.747024Z  INFO herdr::logging: spawning pane terminal event="pane.spawn.start" subsystem="pane" outcome="started" pane_id=233 rows=44 cols=112 scrollback_limit_bytes=10000000
2026-07-29T17:25:35.748282Z  INFO herdr::logging: pane child spawned event="pane.spawned" subsystem="pane" outcome="ok" pane_id=233 pid=1350644
2026-07-29T17:25:35.748418Z  INFO herdr::logging: workspace created event="workspace.create" subsystem="workspace" outcome="ok" workspace_id="w7F" pane_id=233
2026-07-29T17:25:35.748428Z  INFO herdr::logging: workspace focused event="workspace.focus" subsystem="workspace" outcome="ok" workspace_id="w7F"
2026-07-29T17:25:35.748486Z  INFO herdr::logging: tab focused event="tab.focus" subsystem="tab" outcome="ok" workspace_id="w7F" tab_id="w7F:t1"
2026-07-29T17:25:35.782542Z  INFO herdr::logging: pane child exited event="pane.exit" subsystem="pane" outcome="completed" pane_id=233 status="ExitStatus { code: 1, signal: None }"
2026-07-29T17:25:35.787456Z  INFO herdr::pane: pane session terminated pane=233 pid=1350644 signal=Hangup
2026-07-29T17:25:35.787658Z  INFO herdr::logging: spawning pane terminal event="pane.spawn.start" subsystem="pane" outcome="started" pane_id=234 rows=44 cols=112 scrollback_limit_bytes=10000000
2026-07-29T17:25:35.788874Z  INFO herdr::logging: pane child spawned event="pane.spawned" subsystem="pane" outcome="ok" pane_id=234 pid=1350651
2026-07-29T17:25:35.789007Z  INFO herdr::logging: workspace created event="workspace.create" subsystem="workspace" outcome="ok" workspace_id="w7G" pane_id=234
2026-07-29T17:25:35.789017Z  INFO herdr::logging: workspace focused event="workspace.focus" subsystem="workspace" outcome="ok" workspace_id="w7G"
2026-07-29T17:25:35.789074Z  INFO herdr::logging: tab focused event="tab.focus" subsystem="tab" outcome="ok" workspace_id="w7G" tab_id="w7G:t1"
2026-07-29T17:25:35.823357Z  INFO herdr::logging: pane child exited event="pane.exit" subsystem="pane" outcome="completed" pane_id=234 status="ExitStatus { code: 1, signal: None }"
2026-07-29T17:25:35.823462Z  INFO herdr::pane: pane session terminated pane=234 pid=1350651 signal=Hangup
2026-07-29T17:25:35.823685Z  INFO herdr::logging: spawning pane terminal event="pane.spawn.start" subsystem="pane" outcome="started" pane_id=235 rows=44 cols=112 scrollback_limit_bytes=10000000
2026-07-29T17:25:35.825063Z  INFO herdr::logging: pane child spawned event="pane.spawned" subsystem="pane" outcome="ok" pane_id=235 pid=1350658
2026-07-29T17:25:35.825227Z  INFO herdr::logging: workspace created event="workspace.create" subsystem="workspace" outcome="ok" workspace_id="w7H" pane_id=235
2026-07-29T17:25:35.825238Z  INFO herdr::logging: workspace focused event="workspace.focus" subsystem="workspace" outcome="ok" workspace_id="w7H"
2026-07-29T17:25:35.825306Z  INFO herdr::logging: tab focused event="tab.focus" subsystem="tab" outcome="ok" workspace_id="w7H" tab_id="w7H:t1"
2026-07-29T17:25:35.860893Z  INFO herdr::logging: pane child exited event="pane.exit" subsystem="pane" outcome="completed" pane_id=235 status="ExitStatus { code: 1, signal: None }"
2026-07-29T17:25:35.865754Z  INFO herdr::pane: pane session terminated pane=235 pid=1350658 signal=Hangup
2026-07-29T17:25:35.865961Z  INFO herdr::logging: spawning pane terminal event="pane.spawn.start" subsystem="pane" outcome="started" pane_id=236 rows=44 cols=112 scrollback_limit_bytes=10000000
2026-07-29T17:25:35.867222Z  INFO herdr::logging: pane child spawned event="pane.spawned" subsystem="pane" outcome="ok" pane_id=236 pid=1350665
2026-07-29T17:25:35.867388Z  INFO herdr::logging: workspace created event="workspace.create" subsystem="workspace" outcome="ok" workspace_id="w7J" pane_id=236
2026-07-29T17:25:35.867398Z  INFO herdr::logging: workspace focused event="workspace.focus" subsystem="workspace" outcome="ok" workspace_id="w7J"
2026-07-29T17:25:35.867452Z  INFO herdr::logging: tab focused event="tab.focus" subsystem="tab" outcome="ok" workspace_id="w7J" tab_id="w7J:t1"
2026-07-29T17:25:35.902949Z  INFO herdr::logging: pane child exited event="pane.exit" subsystem="pane" outcome="completed" pane_id=236 status="ExitStatus { code: 1, signal: None }"
2026-07-29T17:25:35.907884Z  INFO herdr::pane: pane session terminated pane=236 pid=1350665 signal=Hangup
2026-07-29T17:25:35.908091Z  INFO herdr::logging: spawning pane terminal event="pane.spawn.start" subsystem="pane" outcome="started" pane_id=237 rows=44 cols=112 scrollback_limit_bytes=10000000
2026-07-29T17:25:35.909346Z  INFO herdr::logging: pane child spawned event="pane.spawned" subsystem="pane" outcome="ok" pane_id=237 pid=1350672
2026-07-29T17:25:35.909509Z  INFO herdr::logging: workspace created event="workspace.create" subsystem="workspace" outcome="ok" workspace_id="w7K" pane_id=237
2026-07-29T17:25:35.909520Z  INFO herdr::logging: workspace focused event="workspace.focus" subsystem="workspace" outcome="ok" workspace_id="w7K"
2026-07-29T17:25:35.909575Z  INFO herdr::logging: tab focused event="tab.focus" subsystem="tab" outcome="ok" workspace_id="w7K" tab_id="w7K:t1"
2026-07-29T17:25:35.944952Z  INFO herdr::logging: pane child exited event="pane.exit" subsystem="pane" outcome="completed" pane_id=237 status="ExitStatus { code: 1, signal: None }"
2026-07-29T17:25:35.949909Z  INFO herdr::pane: pane session terminated pane=237 pid=1350672 signal=Hangup
2026-07-29T17:25:35.950126Z  INFO herdr::logging: spawning pane terminal event="pane.spawn.start" subsystem="pane" outcome="started" pane_id=238 rows=44 cols=112 scrollback_limit_bytes=10000000
2026-07-29T17:25:35.951399Z  INFO herdr::logging: pane child spawned event="pane.spawned" subsystem="pane" outcome="ok" pane_id=238 pid=1350679
2026-07-29T17:25:35.951557Z  INFO herdr::logging: workspace created event="workspace.create" subsystem="workspace" outcome="ok" workspace_id="w7M" pane_id=238
2026-07-29T17:25:35.951567Z  INFO herdr::logging: workspace focused event="workspace.focus" subsystem="workspace" outcome="ok" workspace_id="w7M"
2026-07-29T17:25:35.951627Z  INFO herdr::logging: tab focused event="tab.focus" subsystem="tab" outcome="ok" workspace_id="w7M" tab_id="w7M:t1"
2026-07-29T17:25:35.986119Z  INFO herdr::logging: pane child exited event="pane.exit" subsystem="pane" outcome="completed" pane_id=238 status="ExitStatus { code: 1, signal: None }"
2026-07-29T17:25:35.991024Z  INFO herdr::pane: pane session terminated pane=238 pid=1350679 signal=Hangup
2026-07-29T17:25:35.991243Z  INFO herdr::logging: spawning pane terminal event="pane.spawn.start" subsystem="pane" outcome="started" pane_id=239 rows=44 cols=112 scrollback_limit_bytes=10000000
2026-07-29T17:25:35.992484Z  INFO herdr::logging: pane child spawned event="pane.spawned" subsystem="pane" outcome="ok" pane_id=239 pid=1350686
2026-07-29T17:25:35.992630Z  INFO herdr::logging: workspace created event="workspace.create" subsystem="workspace" outcome="ok" workspace_id="w7N" pane_id=239
2026-07-29T17:25:35.992640Z  INFO herdr::logging: workspace focused event="workspace.focus" subsystem="workspace" outcome="ok" workspace_id="w7N"
2026-07-29T17:25:35.992720Z  INFO herdr::logging: tab focused event="tab.focus" subsystem="tab" outcome="ok" workspace_id="w7N" tab_id="w7N:t1"
2026-07-29T17:25:36.028291Z  INFO herdr::logging: pane child exited event="pane.exit" subsystem="pane" outcome="completed" pane_id=239 status="ExitStatus { code: 1, signal: None }"
2026-07-29T17:25:36.028424Z  INFO herdr::pane: pane session terminated pane=239 pid=1350686 signal=Hangup
2026-07-29T17:25:36.028683Z  INFO herdr::logging: spawning pane terminal event="pane.spawn.start" subsystem="pane" outcome="started" pane_id=240 rows=44 cols=112 scrollback_limit_bytes=10000000
2026-07-29T17:25:36.029936Z  INFO herdr::logging: pane child spawned event="pane.spawned" subsystem="pane" outcome="ok" pane_id=240 pid=1350693
2026-07-29T17:25:36.030067Z  INFO herdr::logging: workspace created event="workspace.create" subsystem="workspace" outcome="ok" workspace_id="w7P" pane_id=240
2026-07-29T17:25:36.030077Z  INFO herdr::logging: workspace focused event="workspace.focus" subsystem="workspace" outcome="ok" workspace_id="w7P"
2026-07-29T17:25:36.030132Z  INFO herdr::logging: tab focused event="tab.focus" subsystem="tab" outcome="ok" workspace_id="w7P" tab_id="w7P:t1"
2026-07-29T17:25:36.064835Z  INFO herdr::logging: pane child exited event="pane.exit" subsystem="pane" outcome="completed" pane_id=240 status="ExitStatus { code: 1, signal: None }"
2026-07-29T17:25:36.069993Z  INFO herdr::pane: pane session terminated pane=240 pid=1350693 signal=Hangup
2026-07-29T17:25:36.070200Z  INFO herdr::logging: spawning pane terminal event="pane.spawn.start" subsystem="pane" outcome="started" pane_id=241 rows=44 cols=112 scrollback_limit_bytes=10000000
2026-07-29T17:25:36.071500Z  INFO herdr::logging: pane child spawned event="pane.spawned" subsystem="pane" outcome="ok" pane_id=241 pid=1350700
2026-07-29T17:25:36.071649Z  INFO herdr::logging: workspace created event="workspace.create" subsystem="workspace" outcome="ok" workspace_id="w7Q" pane_id=241
2026-07-29T17:25:36.071659Z  INFO herdr::logging: workspace focused event="workspace.focus" subsystem="workspace" outcome="ok" workspace_id="w7Q"
2026-07-29T17:25:36.071733Z  INFO herdr::logging: tab focused event="tab.focus" subsystem="tab" outcome="ok" workspace_id="w7Q" tab_id="w7Q:t1"
2026-07-29T17:25:36.107849Z  INFO herdr::logging: pane child exited event="pane.exit" subsystem="pane" outcome="completed" pane_id=241 status="ExitStatus { code: 1, signal: None }"
2026-07-29T17:25:36.112969Z  INFO herdr::pane: pane session terminated pane=241 pid=1350700 signal=Hangup
2026-07-29T17:25:36.113187Z  INFO herdr::logging: spawning pane terminal event="pane.spawn.start" subsystem="pane" outcome="started" pane_id=242 rows=44 cols=112 scrollback_limit_bytes=10000000
2026-07-29T17:25:36.114468Z  INFO herdr::logging: pane child spawned event="pane.spawned" subsystem="pane" outcome="ok" pane_id=242 pid=1350707
2026-07-29T17:25:36.114623Z  INFO herdr::logging: workspace created event="workspace.create" subsystem="workspace" outcome="ok" workspace_id="w7R" pane_id=242
2026-07-29T17:25:36.114633Z  INFO herdr::logging: workspace focused event="workspace.focus" subsystem="workspace" outcome="ok" workspace_id="w7R"
2026-07-29T17:25:36.114706Z  INFO herdr::logging: tab focused event="tab.focus" subsystem="tab" outcome="ok" workspace_id="w7R" tab_id="w7R:t1"
2026-07-29T17:25:36.150520Z  INFO herdr::logging: pane child exited event="pane.exit" subsystem="pane" outcome="completed" pane_id=242 status="ExitStatus { code: 1, signal: None }"
2026-07-29T17:25:36.150635Z  INFO herdr::pane: pane session terminated pane=242 pid=1350707 signal=Hangup
2026-07-29T17:25:36.150918Z  INFO herdr::logging: spawning pane terminal event="pane.spawn.start" subsystem="pane" outcome="started" pane_id=243 rows=44 cols=112 scrollback_limit_bytes=10000000
2026-07-29T17:25:36.152273Z  INFO herdr::logging: pane child spawned event="pane.spawned" subsystem="pane" outcome="ok" pane_id=243 pid=1350714
2026-07-29T17:25:36.152416Z  INFO herdr::logging: workspace created event="workspace.create" subsystem="workspace" outcome="ok" workspace_id="w7S" pane_id=243
2026-07-29T17:25:36.152424Z  INFO herdr::logging: workspace focused event="workspace.focus" subsystem="workspace" outcome="ok" workspace_id="w7S"
2026-07-29T17:25:36.152483Z  INFO herdr::logging: tab focused event="tab.focus" subsystem="tab" outcome="ok" workspace_id="w7S" tab_id="w7S:t1"
2026-07-29T17:25:36.189751Z  INFO herdr::logging: pane child exited event="pane.exit" subsystem="pane" outcome="completed" pane_id=243 status="ExitStatus { code: 1, signal: None }"
2026-07-29T17:25:36.196405Z  INFO herdr::pane: pane session terminated pane=243 pid=1350714 signal=Hangup
2026-07-29T17:25:36.196697Z  INFO herdr::logging: spawning pane terminal event="pane.spawn.start" subsystem="pane" outcome="started" pane_id=244 rows=44 cols=112 scrollback_limit_bytes=10000000
2026-07-29T17:25:36.198171Z  INFO herdr::logging: pane child spawned event="pane.spawned" subsystem="pane" outcome="ok" pane_id=244 pid=1350817
2026-07-29T17:25:36.198396Z  INFO herdr::logging: workspace created event="workspace.create" subsystem="workspace" outcome="ok" workspace_id="w7T" pane_id=244
2026-07-29T17:25:36.198411Z  INFO herdr::logging: workspace focused event="workspace.focus" subsystem="workspace" outcome="ok" workspace_id="w7T"
2026-07-29T17:25:36.198500Z  INFO herdr::logging: tab focused event="tab.focus" subsystem="tab" outcome="ok" workspace_id="w7T" tab_id="w7T:t1"
2026-07-29T17:25:36.247189Z  INFO herdr::logging: pane child exited event="pane.exit" subsystem="pane" outcome="completed" pane_id=244 status="ExitStatus { code: 1, signal: None }"
2026-07-29T17:25:36.255172Z  INFO herdr::pane: pane session terminated pane=244 pid=1350817 signal=Hangup
2026-07-29T17:25:36.255503Z  INFO herdr::logging: spawning pane terminal event="pane.spawn.start" subsystem="pane" outcome="started" pane_id=245 rows=44 cols=112 scrollback_limit_bytes=10000000
2026-07-29T17:25:36.257689Z  INFO herdr::logging: pane child spawned event="pane.spawned" subsystem="pane" outcome="ok" pane_id=245 pid=1350849
2026-07-29T17:25:36.257942Z  INFO herdr::logging: workspace created event="workspace.create" subsystem="workspace" outcome="ok" workspace_id="w7V" pane_id=245
2026-07-29T17:25:36.257960Z  INFO herdr::logging: workspace focused event="workspace.focus" subsystem="workspace" outcome="ok" workspace_id="w7V"
2026-07-29T17:25:36.258067Z  INFO herdr::logging: tab focused event="tab.focus" subsystem="tab" outcome="ok" workspace_id="w7V" tab_id="w7V:t1"
2026-07-29T17:25:36.318633Z  INFO herdr::logging: pane child exited event="pane.exit" subsystem="pane" outcome="completed" pane_id=245 status="ExitStatus { code: 1, signal: None }"
2026-07-29T17:25:36.326757Z  INFO herdr::pane: pane session terminated pane=245 pid=1350849 signal=Hangup
2026-07-29T17:25:36.327107Z  INFO herdr::logging: spawning pane terminal event="pane.spawn.start" subsystem="pane" outcome="started" pane_id=246 rows=44 cols=112 scrollback_limit_bytes=10000000
2026-07-29T17:25:36.329229Z  INFO herdr::logging: pane child spawned event="pane.spawned" subsystem="pane" outcome="ok" pane_id=246 pid=1350857
2026-07-29T17:25:36.329520Z  INFO herdr::logging: workspace created event="workspace.create" subsystem="workspace" outcome="ok" workspace_id="w7W" pane_id=246
2026-07-29T17:25:36.329547Z  INFO herdr::logging: workspace focused event="workspace.focus" subsystem="workspace" outcome="ok" workspace_id="w7W"
2026-07-29T17:25:36.329676Z  INFO herdr::logging: tab focused event="tab.focus" subsystem="tab" outcome="ok" workspace_id="w7W" tab_id="w7W:t1"
2026-07-29T17:25:36.373570Z  INFO herdr::logging: pane child exited event="pane.exit" subsystem="pane" outcome="completed" pane_id=246 status="ExitStatus { code: 1, signal: None }"
2026-07-29T17:25:36.373692Z  INFO herdr::pane: pane session terminated pane=246 pid=1350857 signal=Hangup
2026-07-29T17:25:36.373850Z  INFO herdr::logging: spawning pane terminal event="pane.spawn.start" subsystem="pane" outcome="started" pane_id=247 rows=44 cols=112 scrollback_limit_bytes=10000000
2026-07-29T17:25:36.375104Z  INFO herdr::logging: pane child spawned event="pane.spawned" subsystem="pane" outcome="ok" pane_id=247 pid=1350893
2026-07-29T17:25:36.375261Z  INFO herdr::logging: workspace created event="workspace.create" subsystem="workspace" outcome="ok" workspace_id="w7X" pane_id=247
2026-07-29T17:25:36.375271Z  INFO herdr::logging: workspace focused event="workspace.focus" subsystem="workspace" outcome="ok" workspace_id="w7X"
2026-07-29T17:25:36.375331Z  INFO herdr::logging: tab focused event="tab.focus" subsystem="tab" outcome="ok" workspace_id="w7X" tab_id="w7X:t1"
2026-07-29T17:25:36.413099Z  INFO herdr::logging: pane child exited event="pane.exit" subsystem="pane" outcome="completed" pane_id=247 status="ExitStatus { code: 1, signal: None }"
2026-07-29T17:25:36.414548Z  INFO herdr::pane: pane session terminated pane=247 pid=1350893 signal=Hangup
2026-07-29T17:25:36.414761Z  INFO herdr::logging: spawning pane terminal event="pane.spawn.start" subsystem="pane" outcome="started" pane_id=248 rows=44 cols=112 scrollback_limit_bytes=10000000
2026-07-29T17:25:36.416034Z  INFO herdr::logging: pane child spawned event="pane.spawned" subsystem="pane" outcome="ok" pane_id=248 pid=1350901
2026-07-29T17:25:36.416215Z  INFO herdr::logging: workspace created event="workspace.create" subsystem="workspace" outcome="ok" workspace_id="w7Y" pane_id=248
2026-07-29T17:25:36.416226Z  INFO herdr::logging: workspace focused event="workspace.focus" subsystem="workspace" outcome="ok" workspace_id="w7Y"
2026-07-29T17:25:36.416280Z  INFO herdr::logging: tab focused event="tab.focus" subsystem="tab" outcome="ok" workspace_id="w7Y" tab_id="w7Y:t1"
2026-07-29T17:25:36.451226Z  INFO herdr::logging: pane child exited event="pane.exit" subsystem="pane" outcome="completed" pane_id=248 status="ExitStatus { code: 1, signal: None }"
2026-07-29T17:25:36.451359Z  INFO herdr::pane: pane session terminated pane=248 pid=1350901 signal=Hangup
2026-07-29T17:25:36.451605Z  INFO herdr::logging: spawning pane terminal event="pane.spawn.start" subsystem="pane" outcome="started" pane_id=249 rows=44 cols=112 scrollback_limit_bytes=10000000
2026-07-29T17:25:36.452884Z  INFO herdr::logging: pane child spawned event="pane.spawned" subsystem="pane" outcome="ok" pane_id=249 pid=1350908
2026-07-29T17:25:36.453081Z  INFO herdr::logging: workspace created event="workspace.create" subsystem="workspace" outcome="ok" workspace_id="w7Z" pane_id=249
2026-07-29T17:25:36.453091Z  INFO herdr::logging: workspace focused event="workspace.focus" subsystem="workspace" outcome="ok" workspace_id="w7Z"
2026-07-29T17:25:36.453150Z  INFO herdr::logging: tab focused event="tab.focus" subsystem="tab" outcome="ok" workspace_id="w7Z" tab_id="w7Z:t1"
2026-07-29T17:25:36.488275Z  INFO herdr::logging: pane child exited event="pane.exit" subsystem="pane" outcome="completed" pane_id=249 status="ExitStatus { code: 1, signal: None }"
2026-07-29T17:25:36.488393Z  INFO herdr::pane: pane session terminated pane=249 pid=1350908 signal=Hangup
2026-07-29T17:25:36.488633Z  INFO herdr::logging: spawning pane terminal event="pane.spawn.start" subsystem="pane" outcome="started" pane_id=250 rows=44 cols=112 scrollback_limit_bytes=10000000
2026-07-29T17:25:36.489885Z  INFO herdr::logging: pane child spawned event="pane.spawned" subsystem="pane" outcome="ok" pane_id=250 pid=1350915
2026-07-29T17:25:36.490040Z  INFO herdr::logging: workspace created event="workspace.create" subsystem="workspace" outcome="ok" workspace_id="w70" pane_id=250
2026-07-29T17:25:36.490060Z  INFO herdr::logging: workspace focused event="workspace.focus" subsystem="workspace" outcome="ok" workspace_id="w70"
2026-07-29T17:25:36.490116Z  INFO herdr::logging: tab focused event="tab.focus" subsystem="tab" outcome="ok" workspace_id="w70" tab_id="w70:t1"
2026-07-29T17:25:36.527466Z  INFO herdr::logging: pane child exited event="pane.exit" subsystem="pane" outcome="completed" pane_id=250 status="ExitStatus { code: 1, signal: None }"
2026-07-29T17:25:36.531498Z  INFO herdr::pane: pane session terminated pane=250 pid=1350915 signal=Hangup
2026-07-29T17:25:36.531729Z  INFO herdr::logging: spawning pane terminal event="pane.spawn.start" subsystem="pane" outcome="started" pane_id=251 rows=44 cols=112 scrollback_limit_bytes=10000000
2026-07-29T17:25:36.532992Z  INFO herdr::logging: pane child spawned event="pane.spawned" subsystem="pane" outcome="ok" pane_id=251 pid=1350922
2026-07-29T17:25:36.533164Z  INFO herdr::logging: workspace created event="workspace.create" subsystem="workspace" outcome="ok" workspace_id="w81" pane_id=251
2026-07-29T17:25:36.533175Z  INFO herdr::logging: workspace focused event="workspace.focus" subsystem="workspace" outcome="ok" workspace_id="w81"
2026-07-29T17:25:36.533233Z  INFO herdr::logging: tab focused event="tab.focus" subsystem="tab" outcome="ok" workspace_id="w81" tab_id="w81:t1"
2026-07-29T17:25:36.568583Z  INFO herdr::logging: pane child exited event="pane.exit" subsystem="pane" outcome="completed" pane_id=251 status="ExitStatus { code: 1, signal: None }"
2026-07-29T17:25:36.573562Z  INFO herdr::pane: pane session terminated pane=251 pid=1350922 signal=Hangup
2026-07-29T17:25:36.573795Z  INFO herdr::logging: spawning pane terminal event="pane.spawn.start" subsystem="pane" outcome="started" pane_id=252 rows=44 cols=112 scrollback_limit_bytes=10000000
2026-07-29T17:25:36.575073Z  INFO herdr::logging: pane child spawned event="pane.spawned" subsystem="pane" outcome="ok" pane_id=252 pid=1350929
2026-07-29T17:25:36.575231Z  INFO herdr::logging: workspace created event="workspace.create" subsystem="workspace" outcome="ok" workspace_id="w82" pane_id=252
2026-07-29T17:25:36.575244Z  INFO herdr::logging: workspace focused event="workspace.focus" subsystem="workspace" outcome="ok" workspace_id="w82"
2026-07-29T17:25:36.575322Z  INFO herdr::logging: tab focused event="tab.focus" subsystem="tab" outcome="ok" workspace_id="w82" tab_id="w82:t1"
2026-07-29T17:25:36.612750Z  INFO herdr::logging: pane child exited event="pane.exit" subsystem="pane" outcome="completed" pane_id=252 status="ExitStatus { code: 1, signal: None }"
2026-07-29T17:25:36.612886Z  INFO herdr::pane: pane session terminated pane=252 pid=1350929 signal=Hangup
2026-07-29T17:25:36.613134Z  INFO herdr::logging: spawning pane terminal event="pane.spawn.start" subsystem="pane" outcome="started" pane_id=253 rows=44 cols=112 scrollback_limit_bytes=10000000
2026-07-29T17:25:36.614475Z  INFO herdr::logging: pane child spawned event="pane.spawned" subsystem="pane" outcome="ok" pane_id=253 pid=1350952
2026-07-29T17:25:36.614626Z  INFO herdr::logging: workspace created event="workspace.create" subsystem="workspace" outcome="ok" workspace_id="w83" pane_id=253
2026-07-29T17:25:36.614636Z  INFO herdr::logging: workspace focused event="workspace.focus" subsystem="workspace" outcome="ok" workspace_id="w83"
2026-07-29T17:25:36.614712Z  INFO herdr::logging: tab focused event="tab.focus" subsystem="tab" outcome="ok" workspace_id="w83" tab_id="w83:t1"
2026-07-29T17:25:36.650399Z  INFO herdr::logging: pane child exited event="pane.exit" subsystem="pane" outcome="completed" pane_id=253 status="ExitStatus { code: 1, signal: None }"
2026-07-29T17:25:36.655463Z  INFO herdr::pane: pane session terminated pane=253 pid=1350952 signal=Hangup
2026-07-29T17:25:36.655682Z  INFO herdr::logging: spawning pane terminal event="pane.spawn.start" subsystem="pane" outcome="started" pane_id=254 rows=44 cols=112 scrollback_limit_bytes=10000000
2026-07-29T17:25:36.656988Z  INFO herdr::logging: pane child spawned event="pane.spawned" subsystem="pane" outcome="ok" pane_id=254 pid=1350959
2026-07-29T17:25:36.657173Z  INFO herdr::logging: workspace created event="workspace.create" subsystem="workspace" outcome="ok" workspace_id="w84" pane_id=254
2026-07-29T17:25:36.657184Z  INFO herdr::logging: workspace focused event="workspace.focus" subsystem="workspace" outcome="ok" workspace_id="w84"
2026-07-29T17:25:36.657239Z  INFO herdr::logging: tab focused event="tab.focus" subsystem="tab" outcome="ok" workspace_id="w84" tab_id="w84:t1"
2026-07-29T17:25:36.691947Z  INFO herdr::logging: pane child exited event="pane.exit" subsystem="pane" outcome="completed" pane_id=254 status="ExitStatus { code: 1, signal: None }"
2026-07-29T17:25:36.696723Z  INFO herdr::pane: pane session terminated pane=254 pid=1350959 signal=Hangup
2026-07-29T17:25:36.696948Z  INFO herdr::logging: spawning pane terminal event="pane.spawn.start" subsystem="pane" outcome="started" pane_id=255 rows=44 cols=112 scrollback_limit_bytes=10000000
2026-07-29T17:25:36.698191Z  INFO herdr::logging: pane child spawned event="pane.spawned" subsystem="pane" outcome="ok" pane_id=255 pid=1350966
2026-07-29T17:25:36.698349Z  INFO herdr::logging: workspace created event="workspace.create" subsystem="workspace" outcome="ok" workspace_id="w85" pane_id=255
2026-07-29T17:25:36.698360Z  INFO herdr::logging: workspace focused event="workspace.focus" subsystem="workspace" outcome="ok" workspace_id="w85"
2026-07-29T17:25:36.698418Z  INFO herdr::logging: tab focused event="tab.focus" subsystem="tab" outcome="ok" workspace_id="w85" tab_id="w85:t1"
2026-07-29T17:25:36.734382Z  INFO herdr::logging: pane child exited event="pane.exit" subsystem="pane" outcome="completed" pane_id=255 status="ExitStatus { code: 1, signal: None }"
2026-07-29T17:25:36.739231Z  INFO herdr::pane: pane session terminated pane=255 pid=1350966 signal=Hangup
2026-07-29T17:25:36.739436Z  INFO herdr::logging: spawning pane terminal event="pane.spawn.start" subsystem="pane" outcome="started" pane_id=256 rows=44 cols=112 scrollback_limit_bytes=10000000
2026-07-29T17:25:36.740741Z  INFO herdr::logging: pane child spawned event="pane.spawned" subsystem="pane" outcome="ok" pane_id=256 pid=1350973
2026-07-29T17:25:36.740912Z  INFO herdr::logging: workspace created event="workspace.create" subsystem="workspace" outcome="ok" workspace_id="w86" pane_id=256
2026-07-29T17:25:36.740923Z  INFO herdr::logging: workspace focused event="workspace.focus" subsystem="workspace" outcome="ok" workspace_id="w86"
2026-07-29T17:25:36.740986Z  INFO herdr::logging: tab focused event="tab.focus" subsystem="tab" outcome="ok" workspace_id="w86" tab_id="w86:t1"
2026-07-29T17:25:36.775892Z  INFO herdr::logging: pane child exited event="pane.exit" subsystem="pane" outcome="completed" pane_id=256 status="ExitStatus { code: 1, signal: None }"
2026-07-29T17:25:36.780655Z  INFO herdr::pane: pane session terminated pane=256 pid=1350973 signal=Hangup
2026-07-29T17:25:36.780874Z  INFO herdr::logging: spawning pane terminal event="pane.spawn.start" subsystem="pane" outcome="started" pane_id=257 rows=44 cols=112 scrollback_limit_bytes=10000000
2026-07-29T17:25:36.782112Z  INFO herdr::logging: pane child spawned event="pane.spawned" subsystem="pane" outcome="ok" pane_id=257 pid=1350980
2026-07-29T17:25:36.782249Z  INFO herdr::logging: workspace created event="workspace.create" subsystem="workspace" outcome="ok" workspace_id="w87" pane_id=257
2026-07-29T17:25:36.782259Z  INFO herdr::logging: workspace focused event="workspace.focus" subsystem="workspace" outcome="ok" workspace_id="w87"
2026-07-29T17:25:36.782316Z  INFO herdr::logging: tab focused event="tab.focus" subsystem="tab" outcome="ok" workspace_id="w87" tab_id="w87:t1"
2026-07-29T17:25:36.819009Z  INFO herdr::logging: pane child exited event="pane.exit" subsystem="pane" outcome="completed" pane_id=257 status="ExitStatus { code: 1, signal: None }"
2026-07-29T17:25:36.823854Z  INFO herdr::pane: pane session terminated pane=257 pid=1350980 signal=Hangup
2026-07-29T17:25:36.824062Z  INFO herdr::logging: spawning pane terminal event="pane.spawn.start" subsystem="pane" outcome="started" pane_id=258 rows=44 cols=112 scrollback_limit_bytes=10000000
2026-07-29T17:25:36.825315Z  INFO herdr::logging: pane child spawned event="pane.spawned" subsystem="pane" outcome="ok" pane_id=258 pid=1350987
2026-07-29T17:25:36.825483Z  INFO herdr::logging: workspace created event="workspace.create" subsystem="workspace" outcome="ok" workspace_id="w88" pane_id=258
2026-07-29T17:25:36.825493Z  INFO herdr::logging: workspace focused event="workspace.focus" subsystem="workspace" outcome="ok" workspace_id="w88"
2026-07-29T17:25:36.825550Z  INFO herdr::logging: tab focused event="tab.focus" subsystem="tab" outcome="ok" workspace_id="w88" tab_id="w88:t1"
2026-07-29T17:25:36.861978Z  INFO herdr::logging: pane child exited event="pane.exit" subsystem="pane" outcome="completed" pane_id=258 status="ExitStatus { code: 1, signal: None }"
2026-07-29T17:25:36.867000Z  INFO herdr::pane: pane session terminated pane=258 pid=1350987 signal=Hangup
2026-07-29T17:25:36.867209Z  INFO herdr::logging: spawning pane terminal event="pane.spawn.start" subsystem="pane" outcome="started" pane_id=259 rows=44 cols=112 scrollback_limit_bytes=10000000
2026-07-29T17:25:36.868603Z  INFO herdr::logging: pane child spawned event="pane.spawned" subsystem="pane" outcome="ok" pane_id=259 pid=1350994
2026-07-29T17:25:36.868788Z  INFO herdr::logging: workspace created event="workspace.create" subsystem="workspace" outcome="ok" workspace_id="w89" pane_id=259
2026-07-29T17:25:36.868799Z  INFO herdr::logging: workspace focused event="workspace.focus" subsystem="workspace" outcome="ok" workspace_id="w89"
2026-07-29T17:25:36.868856Z  INFO herdr::logging: tab focused event="tab.focus" subsystem="tab" outcome="ok" workspace_id="w89" tab_id="w89:t1"
2026-07-29T17:25:36.905222Z  INFO herdr::logging: pane child exited event="pane.exit" subsystem="pane" outcome="completed" pane_id=259 status="ExitStatus { code: 1, signal: None }"
2026-07-29T17:25:36.905335Z  INFO herdr::pane: pane session terminated pane=259 pid=1350994 signal=Hangup
2026-07-29T17:25:36.905574Z  INFO herdr::logging: spawning pane terminal event="pane.spawn.start" subsystem="pane" outcome="started" pane_id=260 rows=44 cols=112 scrollback_limit_bytes=10000000
2026-07-29T17:25:36.906930Z  INFO herdr::logging: pane child spawned event="pane.spawned" subsystem="pane" outcome="ok" pane_id=260 pid=1351001
2026-07-29T17:25:36.907101Z  INFO herdr::logging: workspace created event="workspace.create" subsystem="workspace" outcome="ok" workspace_id="w8A" pane_id=260
2026-07-29T17:25:36.907111Z  INFO herdr::logging: workspace focused event="workspace.focus" subsystem="workspace" outcome="ok" workspace_id="w8A"
2026-07-29T17:25:36.907171Z  INFO herdr::logging: tab focused event="tab.focus" subsystem="tab" outcome="ok" workspace_id="w8A" tab_id="w8A:t1"
2026-07-29T17:25:36.942778Z  INFO herdr::logging: pane child exited event="pane.exit" subsystem="pane" outcome="completed" pane_id=260 status="ExitStatus { code: 1, signal: None }"
2026-07-29T17:25:36.947787Z  INFO herdr::pane: pane session terminated pane=260 pid=1351001 signal=Hangup
2026-07-29T17:25:36.947988Z  INFO herdr::logging: spawning pane terminal event="pane.spawn.start" subsystem="pane" outcome="started" pane_id=261 rows=44 cols=112 scrollback_limit_bytes=10000000
2026-07-29T17:25:36.949243Z  INFO herdr::logging: pane child spawned event="pane.spawned" subsystem="pane" outcome="ok" pane_id=261 pid=1351008
2026-07-29T17:25:36.949413Z  INFO herdr::logging: workspace created event="workspace.create" subsystem="workspace" outcome="ok" workspace_id="w8B" pane_id=261
2026-07-29T17:25:36.949423Z  INFO herdr::logging: workspace focused event="workspace.focus" subsystem="workspace" outcome="ok" workspace_id="w8B"
2026-07-29T17:25:36.949482Z  INFO herdr::logging: tab focused event="tab.focus" subsystem="tab" outcome="ok" workspace_id="w8B" tab_id="w8B:t1"
2026-07-29T17:25:36.985395Z  INFO herdr::logging: pane child exited event="pane.exit" subsystem="pane" outcome="completed" pane_id=261 status="ExitStatus { code: 1, signal: None }"
2026-07-29T17:25:36.985524Z  INFO herdr::pane: pane session terminated pane=261 pid=1351008 signal=Hangup
2026-07-29T17:25:36.985782Z  INFO herdr::logging: spawning pane terminal event="pane.spawn.start" subsystem="pane" outcome="started" pane_id=262 rows=44 cols=112 scrollback_limit_bytes=10000000
2026-07-29T17:25:36.986982Z  INFO herdr::logging: pane child spawned event="pane.spawned" subsystem="pane" outcome="ok" pane_id=262 pid=1351015
2026-07-29T17:25:36.987139Z  INFO herdr::logging: workspace created event="workspace.create" subsystem="workspace" outcome="ok" workspace_id="w8C" pane_id=262
2026-07-29T17:25:36.987149Z  INFO herdr::logging: workspace focused event="workspace.focus" subsystem="workspace" outcome="ok" workspace_id="w8C"
2026-07-29T17:25:36.987206Z  INFO herdr::logging: tab focused event="tab.focus" subsystem="tab" outcome="ok" workspace_id="w8C" tab_id="w8C:t1"
2026-07-29T17:25:37.021811Z  INFO herdr::logging: pane child exited event="pane.exit" subsystem="pane" outcome="completed" pane_id=262 status="ExitStatus { code: 1, signal: None }"
2026-07-29T17:25:37.021926Z  INFO herdr::pane: pane session terminated pane=262 pid=1351015 signal=Hangup
2026-07-29T17:25:37.022175Z  INFO herdr::logging: spawning pane terminal event="pane.spawn.start" subsystem="pane" outcome="started" pane_id=263 rows=44 cols=112 scrollback_limit_bytes=10000000
2026-07-29T17:25:37.023464Z  INFO herdr::logging: pane child spawned event="pane.spawned" subsystem="pane" outcome="ok" pane_id=263 pid=1351022
2026-07-29T17:25:37.023646Z  INFO herdr::logging: workspace created event="workspace.create" subsystem="workspace" outcome="ok" workspace_id="w8D" pane_id=263
2026-07-29T17:25:37.023657Z  INFO herdr::logging: workspace focused event="workspace.focus" subsystem="workspace" outcome="ok" workspace_id="w8D"
2026-07-29T17:25:37.023728Z  INFO herdr::logging: tab focused event="tab.focus" subsystem="tab" outcome="ok" workspace_id="w8D" tab_id="w8D:t1"
2026-07-29T17:25:37.059972Z  INFO herdr::logging: pane child exited event="pane.exit" subsystem="pane" outcome="completed" pane_id=263 status="ExitStatus { code: 1, signal: None }"
2026-07-29T17:25:37.065022Z  INFO herdr::pane: pane session terminated pane=263 pid=1351022 signal=Hangup
2026-07-29T17:25:37.065231Z  INFO herdr::logging: spawning pane terminal event="pane.spawn.start" subsystem="pane" outcome="started" pane_id=264 rows=44 cols=112 scrollback_limit_bytes=10000000
2026-07-29T17:25:37.066510Z  INFO herdr::logging: pane child spawned event="pane.spawned" subsystem="pane" outcome="ok" pane_id=264 pid=1351029
2026-07-29T17:25:37.066688Z  INFO herdr::logging: workspace created event="workspace.create" subsystem="workspace" outcome="ok" workspace_id="w8E" pane_id=264
2026-07-29T17:25:37.066698Z  INFO herdr::logging: workspace focused event="workspace.focus" subsystem="workspace" outcome="ok" workspace_id="w8E"
2026-07-29T17:25:37.066763Z  INFO herdr::logging: tab focused event="tab.focus" subsystem="tab" outcome="ok" workspace_id="w8E" tab_id="w8E:t1"
2026-07-29T17:25:37.101444Z  INFO herdr::logging: pane child exited event="pane.exit" subsystem="pane" outcome="completed" pane_id=264 status="ExitStatus { code: 1, signal: None }"
2026-07-29T17:25:37.106449Z  INFO herdr::pane: pane session terminated pane=264 pid=1351029 signal=Hangup
2026-07-29T17:25:37.106567Z  INFO herdr::logging: spawning pane terminal event="pane.spawn.start" subsystem="pane" outcome="started" pane_id=265 rows=44 cols=112 scrollback_limit_bytes=10000000
2026-07-29T17:25:37.107905Z  INFO herdr::logging: pane child spawned event="pane.spawned" subsystem="pane" outcome="ok" pane_id=265 pid=1351036
2026-07-29T17:25:37.108079Z  INFO herdr::logging: workspace created event="workspace.create" subsystem="workspace" outcome="ok" workspace_id="w8F" pane_id=265
2026-07-29T17:25:37.108097Z  INFO herdr::logging: workspace focused event="workspace.focus" subsystem="workspace" outcome="ok" workspace_id="w8F"
2026-07-29T17:25:37.108166Z  INFO herdr::logging: tab focused event="tab.focus" subsystem="tab" outcome="ok" workspace_id="w8F" tab_id="w8F:t1"
2026-07-29T17:25:37.143974Z  INFO herdr::logging: pane child exited event="pane.exit" subsystem="pane" outcome="completed" pane_id=265 status="ExitStatus { code: 1, signal: None }"
2026-07-29T17:25:37.147645Z  INFO herdr::pane: pane session terminated pane=265 pid=1351036 signal=Hangup
2026-07-29T17:25:37.147877Z  INFO herdr::logging: spawning pane terminal event="pane.spawn.start" subsystem="pane" outcome="started" pane_id=266 rows=44 cols=112 scrollback_limit_bytes=10000000
2026-07-29T17:25:37.149099Z  INFO herdr::logging: pane child spawned event="pane.spawned" subsystem="pane" outcome="ok" pane_id=266 pid=1351043
2026-07-29T17:25:37.149280Z  INFO herdr::logging: workspace created event="workspace.create" subsystem="workspace" outcome="ok" workspace_id="w8G" pane_id=266
2026-07-29T17:25:37.149291Z  INFO herdr::logging: workspace focused event="workspace.focus" subsystem="workspace" outcome="ok" workspace_id="w8G"
2026-07-29T17:25:37.149348Z  INFO herdr::logging: tab focused event="tab.focus" subsystem="tab" outcome="ok" workspace_id="w8G" tab_id="w8G:t1"
2026-07-29T17:25:37.184544Z  INFO herdr::logging: pane child exited event="pane.exit" subsystem="pane" outcome="completed" pane_id=266 status="ExitStatus { code: 1, signal: None }"
2026-07-29T17:25:37.192242Z  INFO herdr::pane: pane session terminated pane=266 pid=1351043 signal=Hangup
2026-07-29T17:25:37.192730Z  INFO herdr::logging: spawning pane terminal event="pane.spawn.start" subsystem="pane" outcome="started" pane_id=267 rows=44 cols=112 scrollback_limit_bytes=10000000
2026-07-29T17:25:37.194695Z  INFO herdr::logging: pane child spawned event="pane.spawned" subsystem="pane" outcome="ok" pane_id=267 pid=1351166
2026-07-29T17:25:37.194887Z  INFO herdr::logging: workspace created event="workspace.create" subsystem="workspace" outcome="ok" workspace_id="w8H" pane_id=267
2026-07-29T17:25:37.194900Z  INFO herdr::logging: workspace focused event="workspace.focus" subsystem="workspace" outcome="ok" workspace_id="w8H"
2026-07-29T17:25:37.194993Z  INFO herdr::logging: tab focused event="tab.focus" subsystem="tab" outcome="ok" workspace_id="w8H" tab_id="w8H:t1"
2026-07-29T17:25:37.253739Z  INFO herdr::logging: pane child exited event="pane.exit" subsystem="pane" outcome="completed" pane_id=267 status="ExitStatus { code: 1, signal: None }"
2026-07-29T17:25:37.262075Z  INFO herdr::pane: pane session terminated pane=267 pid=1351166 signal=Hangup
2026-07-29T17:25:37.262440Z  INFO herdr::logging: spawning pane terminal event="pane.spawn.start" subsystem="pane" outcome="started" pane_id=268 rows=44 cols=112 scrollback_limit_bytes=10000000
2026-07-29T17:25:37.265104Z  INFO herdr::logging: pane child spawned event="pane.spawned" subsystem="pane" outcome="ok" pane_id=268 pid=1351237
2026-07-29T17:25:37.265367Z  INFO herdr::logging: workspace created event="workspace.create" subsystem="workspace" outcome="ok" workspace_id="w8J" pane_id=268
2026-07-29T17:25:37.265387Z  INFO herdr::logging: workspace focused event="workspace.focus" subsystem="workspace" outcome="ok" workspace_id="w8J"
2026-07-29T17:25:37.265494Z  INFO herdr::logging: tab focused event="tab.focus" subsystem="tab" outcome="ok" workspace_id="w8J" tab_id="w8J:t1"
2026-07-29T17:25:37.330319Z  INFO herdr::logging: pane child exited event="pane.exit" subsystem="pane" outcome="completed" pane_id=268 status="ExitStatus { code: 1, signal: None }"
2026-07-29T17:25:37.338118Z  INFO herdr::pane: pane session terminated pane=268 pid=1351237 signal=Hangup
2026-07-29T17:25:37.338487Z  INFO herdr::logging: spawning pane terminal event="pane.spawn.start" subsystem="pane" outcome="started" pane_id=269 rows=44 cols=112 scrollback_limit_bytes=10000000
2026-07-29T17:25:37.340713Z  INFO herdr::logging: pane child spawned event="pane.spawned" subsystem="pane" outcome="ok" pane_id=269 pid=1351266
2026-07-29T17:25:37.341011Z  INFO herdr::logging: workspace created event="workspace.create" subsystem="workspace" outcome="ok" workspace_id="w8K" pane_id=269
2026-07-29T17:25:37.341043Z  INFO herdr::logging: workspace focused event="workspace.focus" subsystem="workspace" outcome="ok" workspace_id="w8K"
2026-07-29T17:25:37.341121Z  INFO herdr::logging: tab focused event="tab.focus" subsystem="tab" outcome="ok" workspace_id="w8K" tab_id="w8K:t1"
2026-07-29T17:25:37.391997Z  INFO herdr::logging: pane child exited event="pane.exit" subsystem="pane" outcome="completed" pane_id=269 status="ExitStatus { code: 1, signal: None }"
2026-07-29T17:25:37.397937Z  INFO herdr::pane: pane session terminated pane=269 pid=1351266 signal=Hangup
2026-07-29T17:25:37.398165Z  INFO herdr::logging: spawning pane terminal event="pane.spawn.start" subsystem="pane" outcome="started" pane_id=270 rows=44 cols=112 scrollback_limit_bytes=10000000
2026-07-29T17:25:37.399416Z  INFO herdr::logging: pane child spawned event="pane.spawned" subsystem="pane" outcome="ok" pane_id=270 pid=1351310
2026-07-29T17:25:37.399596Z  INFO herdr::logging: workspace created event="workspace.create" subsystem="workspace" outcome="ok" workspace_id="w8M" pane_id=270
2026-07-29T17:25:37.399607Z  INFO herdr::logging: workspace focused event="workspace.focus" subsystem="workspace" outcome="ok" workspace_id="w8M"
2026-07-29T17:25:37.399685Z  INFO herdr::logging: tab focused event="tab.focus" subsystem="tab" outcome="ok" workspace_id="w8M" tab_id="w8M:t1"
2026-07-29T17:25:37.435351Z  INFO herdr::logging: pane child exited event="pane.exit" subsystem="pane" outcome="completed" pane_id=270 status="ExitStatus { code: 1, signal: None }"
2026-07-29T17:25:37.440442Z  INFO herdr::pane: pane session terminated pane=270 pid=1351310 signal=Hangup
2026-07-29T17:25:37.440648Z  INFO herdr::logging: spawning pane terminal event="pane.spawn.start" subsystem="pane" outcome="started" pane_id=271 rows=44 cols=112 scrollback_limit_bytes=10000000
2026-07-29T17:25:37.441927Z  INFO herdr::logging: pane child spawned event="pane.spawned" subsystem="pane" outcome="ok" pane_id=271 pid=1351328
2026-07-29T17:25:37.442056Z  INFO herdr::logging: workspace created event="workspace.create" subsystem="workspace" outcome="ok" workspace_id="w8N" pane_id=271
2026-07-29T17:25:37.442065Z  INFO herdr::logging: workspace focused event="workspace.focus" subsystem="workspace" outcome="ok" workspace_id="w8N"
2026-07-29T17:25:37.442122Z  INFO herdr::logging: tab focused event="tab.focus" subsystem="tab" outcome="ok" workspace_id="w8N" tab_id="w8N:t1"
2026-07-29T17:25:37.479260Z  INFO herdr::logging: pane child exited event="pane.exit" subsystem="pane" outcome="completed" pane_id=271 status="ExitStatus { code: 1, signal: None }"
2026-07-29T17:25:37.484224Z  INFO herdr::pane: pane session terminated pane=271 pid=1351328 signal=Hangup
2026-07-29T17:25:37.484438Z  INFO herdr::logging: spawning pane terminal event="pane.spawn.start" subsystem="pane" outcome="started" pane_id=272 rows=44 cols=112 scrollback_limit_bytes=10000000
2026-07-29T17:25:37.485700Z  INFO herdr::logging: pane child spawned event="pane.spawned" subsystem="pane" outcome="ok" pane_id=272 pid=1351335
2026-07-29T17:25:37.485838Z  INFO herdr::logging: workspace created event="workspace.create" subsystem="workspace" outcome="ok" workspace_id="w8P" pane_id=272
2026-07-29T17:25:37.485850Z  INFO herdr::logging: workspace focused event="workspace.focus" subsystem="workspace" outcome="ok" workspace_id="w8P"
2026-07-29T17:25:37.485908Z  INFO herdr::logging: tab focused event="tab.focus" subsystem="tab" outcome="ok" workspace_id="w8P" tab_id="w8P:t1"
2026-07-29T17:25:37.521262Z  INFO herdr::logging: pane child exited event="pane.exit" subsystem="pane" outcome="completed" pane_id=272 status="ExitStatus { code: 1, signal: None }"
2026-07-29T17:25:37.526191Z  INFO herdr::pane: pane session terminated pane=272 pid=1351335 signal=Hangup
2026-07-29T17:25:37.526434Z  INFO herdr::logging: spawning pane terminal event="pane.spawn.start" subsystem="pane" outcome="started" pane_id=273 rows=44 cols=112 scrollback_limit_bytes=10000000
2026-07-29T17:25:37.527787Z  INFO herdr::logging: pane child spawned event="pane.spawned" subsystem="pane" outcome="ok" pane_id=273 pid=1351342
2026-07-29T17:25:37.527980Z  INFO herdr::logging: workspace created event="workspace.create" subsystem="workspace" outcome="ok" workspace_id="w8Q" pane_id=273
2026-07-29T17:25:37.527990Z  INFO herdr::logging: workspace focused event="workspace.focus" subsystem="workspace" outcome="ok" workspace_id="w8Q"
2026-07-29T17:25:37.528050Z  INFO herdr::logging: tab focused event="tab.focus" subsystem="tab" outcome="ok" workspace_id="w8Q" tab_id="w8Q:t1"
2026-07-29T17:25:37.563105Z  INFO herdr::logging: pane child exited event="pane.exit" subsystem="pane" outcome="completed" pane_id=273 status="ExitStatus { code: 1, signal: None }"
2026-07-29T17:25:37.568140Z  INFO herdr::pane: pane session terminated pane=273 pid=1351342 signal=Hangup
2026-07-29T17:25:37.568285Z  INFO herdr::logging: spawning pane terminal event="pane.spawn.start" subsystem="pane" outcome="started" pane_id=274 rows=44 cols=112 scrollback_limit_bytes=10000000
2026-07-29T17:25:37.569555Z  INFO herdr::logging: pane child spawned event="pane.spawned" subsystem="pane" outcome="ok" pane_id=274 pid=1351349
2026-07-29T17:25:37.569734Z  INFO herdr::logging: workspace created event="workspace.create" subsystem="workspace" outcome="ok" workspace_id="w8R" pane_id=274
2026-07-29T17:25:37.569744Z  INFO herdr::logging: workspace focused event="workspace.focus" subsystem="workspace" outcome="ok" workspace_id="w8R"
2026-07-29T17:25:37.569806Z  INFO herdr::logging: tab focused event="tab.focus" subsystem="tab" outcome="ok" workspace_id="w8R" tab_id="w8R:t1"
2026-07-29T17:25:37.606239Z  INFO herdr::logging: pane child exited event="pane.exit" subsystem="pane" outcome="completed" pane_id=274 status="ExitStatus { code: 1, signal: None }"
2026-07-29T17:25:37.611426Z  INFO herdr::pane: pane session terminated pane=274 pid=1351349 signal=Hangup
2026-07-29T17:25:37.611566Z  INFO herdr::logging: spawning pane terminal event="pane.spawn.start" subsystem="pane" outcome="started" pane_id=275 rows=44 cols=112 scrollback_limit_bytes=10000000
2026-07-29T17:25:37.612857Z  INFO herdr::logging: pane child spawned event="pane.spawned" subsystem="pane" outcome="ok" pane_id=275 pid=1351356
2026-07-29T17:25:37.613015Z  INFO herdr::logging: workspace created event="workspace.create" subsystem="workspace" outcome="ok" workspace_id="w8S" pane_id=275
2026-07-29T17:25:37.613026Z  INFO herdr::logging: workspace focused event="workspace.focus" subsystem="workspace" outcome="ok" workspace_id="w8S"
2026-07-29T17:25:37.613097Z  INFO herdr::logging: tab focused event="tab.focus" subsystem="tab" outcome="ok" workspace_id="w8S" tab_id="w8S:t1"
2026-07-29T17:25:37.649009Z  INFO herdr::logging: pane child exited event="pane.exit" subsystem="pane" outcome="completed" pane_id=275 status="ExitStatus { code: 1, signal: None }"
2026-07-29T17:25:37.649115Z  INFO herdr::pane: pane session terminated pane=275 pid=1351356 signal=Hangup
2026-07-29T17:25:37.649247Z  INFO herdr::logging: spawning pane terminal event="pane.spawn.start" subsystem="pane" outcome="started" pane_id=276 rows=44 cols=112 scrollback_limit_bytes=10000000
2026-07-29T17:25:37.650646Z  INFO herdr::logging: pane child spawned event="pane.spawned" subsystem="pane" outcome="ok" pane_id=276 pid=1351363
2026-07-29T17:25:37.650824Z  INFO herdr::logging: workspace created event="workspace.create" subsystem="workspace" outcome="ok" workspace_id="w8T" pane_id=276
2026-07-29T17:25:37.650834Z  INFO herdr::logging: workspace focused event="workspace.focus" subsystem="workspace" outcome="ok" workspace_id="w8T"
2026-07-29T17:25:37.650892Z  INFO herdr::logging: tab focused event="tab.focus" subsystem="tab" outcome="ok" workspace_id="w8T" tab_id="w8T:t1"
2026-07-29T17:25:37.685908Z  INFO herdr::logging: pane child exited event="pane.exit" subsystem="pane" outcome="completed" pane_id=276 status="ExitStatus { code: 1, signal: None }"
2026-07-29T17:25:37.686026Z  INFO herdr::pane: pane session terminated pane=276 pid=1351363 signal=Hangup
2026-07-29T17:25:37.686291Z  INFO herdr::logging: spawning pane terminal event="pane.spawn.start" subsystem="pane" outcome="started" pane_id=277 rows=44 cols=112 scrollback_limit_bytes=10000000
2026-07-29T17:25:37.687601Z  INFO herdr::logging: pane child spawned event="pane.spawned" subsystem="pane" outcome="ok" pane_id=277 pid=1351372
2026-07-29T17:25:37.687750Z  INFO herdr::logging: workspace created event="workspace.create" subsystem="workspace" outcome="ok" workspace_id="w8V" pane_id=277
2026-07-29T17:25:37.687760Z  INFO herdr::logging: workspace focused event="workspace.focus" subsystem="workspace" outcome="ok" workspace_id="w8V"
2026-07-29T17:25:37.687815Z  INFO herdr::logging: tab focused event="tab.focus" subsystem="tab" outcome="ok" workspace_id="w8V" tab_id="w8V:t1"
2026-07-29T17:25:37.722433Z  INFO herdr::logging: pane child exited event="pane.exit" subsystem="pane" outcome="completed" pane_id=277 status="ExitStatus { code: 1, signal: None }"
2026-07-29T17:25:37.722540Z  INFO herdr::pane: pane session terminated pane=277 pid=1351372 signal=Hangup
2026-07-29T17:25:37.722677Z  INFO herdr::logging: spawning pane terminal event="pane.spawn.start" subsystem="pane" outcome="started" pane_id=278 rows=44 cols=112 scrollback_limit_bytes=10000000
2026-07-29T17:25:37.723772Z  INFO herdr::logging: pane child spawned event="pane.spawned" subsystem="pane" outcome="ok" pane_id=278 pid=1351379
2026-07-29T17:25:37.723910Z  INFO herdr::logging: workspace created event="workspace.create" subsystem="workspace" outcome="ok" workspace_id="w8W" pane_id=278
2026-07-29T17:25:37.723919Z  INFO herdr::logging: workspace focused event="workspace.focus" subsystem="workspace" outcome="ok" workspace_id="w8W"
2026-07-29T17:25:37.723975Z  INFO herdr::logging: tab focused event="tab.focus" subsystem="tab" outcome="ok" workspace_id="w8W" tab_id="w8W:t1"
2026-07-29T17:25:37.760054Z  INFO herdr::logging: pane child exited event="pane.exit" subsystem="pane" outcome="completed" pane_id=278 status="ExitStatus { code: 1, signal: None }"
2026-07-29T17:25:37.764255Z  INFO herdr::pane: pane session terminated pane=278 pid=1351379 signal=Hangup
2026-07-29T17:25:37.764450Z  INFO herdr::logging: spawning pane terminal event="pane.spawn.start" subsystem="pane" outcome="started" pane_id=279 rows=44 cols=112 scrollback_limit_bytes=10000000
2026-07-29T17:25:37.765715Z  INFO herdr::logging: pane child spawned event="pane.spawned" subsystem="pane" outcome="ok" pane_id=279 pid=1351386
2026-07-29T17:25:37.765894Z  INFO herdr::logging: workspace created event="workspace.create" subsystem="workspace" outcome="ok" workspace_id="w8X" pane_id=279
2026-07-29T17:25:37.765904Z  INFO herdr::logging: workspace focused event="workspace.focus" subsystem="workspace" outcome="ok" workspace_id="w8X"
2026-07-29T17:25:37.765960Z  INFO herdr::logging: tab focused event="tab.focus" subsystem="tab" outcome="ok" workspace_id="w8X" tab_id="w8X:t1"
2026-07-29T17:25:37.801097Z  INFO herdr::logging: pane child exited event="pane.exit" subsystem="pane" outcome="completed" pane_id=279 status="ExitStatus { code: 1, signal: None }"
2026-07-29T17:25:37.806467Z  INFO herdr::pane: pane session terminated pane=279 pid=1351386 signal=Hangup
2026-07-29T17:25:37.806772Z  INFO herdr::logging: spawning pane terminal event="pane.spawn.start" subsystem="pane" outcome="started" pane_id=280 rows=44 cols=112 scrollback_limit_bytes=10000000
2026-07-29T17:25:37.808121Z  INFO herdr::logging: pane child spawned event="pane.spawned" subsystem="pane" outcome="ok" pane_id=280 pid=1351393
2026-07-29T17:25:37.808280Z  INFO herdr::logging: workspace created event="workspace.create" subsystem="workspace" outcome="ok" workspace_id="w8Y" pane_id=280
2026-07-29T17:25:37.808290Z  INFO herdr::logging: workspace focused event="workspace.focus" subsystem="workspace" outcome="ok" workspace_id="w8Y"
2026-07-29T17:25:37.808348Z  INFO herdr::logging: tab focused event="tab.focus" subsystem="tab" outcome="ok" workspace_id="w8Y" tab_id="w8Y:t1"
2026-07-29T17:25:37.843987Z  INFO herdr::logging: pane child exited event="pane.exit" subsystem="pane" outcome="completed" pane_id=280 status="ExitStatus { code: 1, signal: None }"
2026-07-29T17:25:37.847894Z  INFO herdr::pane: pane session terminated pane=280 pid=1351393 signal=Hangup
2026-07-29T17:25:37.848099Z  INFO herdr::logging: spawning pane terminal event="pane.spawn.start" subsystem="pane" outcome="started" pane_id=281 rows=44 cols=112 scrollback_limit_bytes=10000000
2026-07-29T17:25:37.849352Z  INFO herdr::logging: pane child spawned event="pane.spawned" subsystem="pane" outcome="ok" pane_id=281 pid=1351400
2026-07-29T17:25:37.849512Z  INFO herdr::logging: workspace created event="workspace.create" subsystem="workspace" outcome="ok" workspace_id="w8Z" pane_id=281
2026-07-29T17:25:37.849522Z  INFO herdr::logging: workspace focused event="workspace.focus" subsystem="workspace" outcome="ok" workspace_id="w8Z"
2026-07-29T17:25:37.849576Z  INFO herdr::logging: tab focused event="tab.focus" subsystem="tab" outcome="ok" workspace_id="w8Z" tab_id="w8Z:t1"
2026-07-29T17:25:37.886241Z  INFO herdr::logging: pane child exited event="pane.exit" subsystem="pane" outcome="completed" pane_id=281 status="ExitStatus { code: 1, signal: None }"
2026-07-29T17:25:37.886348Z  INFO herdr::pane: pane session terminated pane=281 pid=1351400 signal=Hangup
2026-07-29T17:25:37.886558Z  INFO herdr::logging: spawning pane terminal event="pane.spawn.start" subsystem="pane" outcome="started" pane_id=282 rows=44 cols=112 scrollback_limit_bytes=10000000
2026-07-29T17:25:37.887808Z  INFO herdr::logging: pane child spawned event="pane.spawned" subsystem="pane" outcome="ok" pane_id=282 pid=1351407
2026-07-29T17:25:37.887972Z  INFO herdr::logging: workspace created event="workspace.create" subsystem="workspace" outcome="ok" workspace_id="w80" pane_id=282
2026-07-29T17:25:37.887980Z  INFO herdr::logging: workspace focused event="workspace.focus" subsystem="workspace" outcome="ok" workspace_id="w80"
2026-07-29T17:25:37.888036Z  INFO herdr::logging: tab focused event="tab.focus" subsystem="tab" outcome="ok" workspace_id="w80" tab_id="w80:t1"
2026-07-29T17:25:37.923789Z  INFO herdr::logging: pane child exited event="pane.exit" subsystem="pane" outcome="completed" pane_id=282 status="ExitStatus { code: 1, signal: None }"
2026-07-29T17:25:37.928783Z  INFO herdr::pane: pane session terminated pane=282 pid=1351407 signal=Hangup
2026-07-29T17:25:37.928985Z  INFO herdr::logging: spawning pane terminal event="pane.spawn.start" subsystem="pane" outcome="started" pane_id=283 rows=44 cols=112 scrollback_limit_bytes=10000000
2026-07-29T17:25:37.930243Z  INFO herdr::logging: pane child spawned event="pane.spawned" subsystem="pane" outcome="ok" pane_id=283 pid=1351414
2026-07-29T17:25:37.930412Z  INFO herdr::logging: workspace created event="workspace.create" subsystem="workspace" outcome="ok" workspace_id="w91" pane_id=283
2026-07-29T17:25:37.930422Z  INFO herdr::logging: workspace focused event="workspace.focus" subsystem="workspace" outcome="ok" workspace_id="w91"
2026-07-29T17:25:37.930483Z  INFO herdr::logging: tab focused event="tab.focus" subsystem="tab" outcome="ok" workspace_id="w91" tab_id="w91:t1"
2026-07-29T17:25:37.964931Z  INFO herdr::logging: pane child exited event="pane.exit" subsystem="pane" outcome="completed" pane_id=283 status="ExitStatus { code: 1, signal: None }"
2026-07-29T17:25:37.969748Z  INFO herdr::pane: pane session terminated pane=283 pid=1351414 signal=Hangup
2026-07-29T17:25:37.969877Z  INFO herdr::logging: spawning pane terminal event="pane.spawn.start" subsystem="pane" outcome="started" pane_id=284 rows=44 cols=112 scrollback_limit_bytes=10000000
2026-07-29T17:25:37.971163Z  INFO herdr::logging: pane child spawned event="pane.spawned" subsystem="pane" outcome="ok" pane_id=284 pid=1351421
2026-07-29T17:25:37.971327Z  INFO herdr::logging: workspace created event="workspace.create" subsystem="workspace" outcome="ok" workspace_id="w92" pane_id=284
2026-07-29T17:25:37.971337Z  INFO herdr::logging: workspace focused event="workspace.focus" subsystem="workspace" outcome="ok" workspace_id="w92"
2026-07-29T17:25:37.971400Z  INFO herdr::logging: tab focused event="tab.focus" subsystem="tab" outcome="ok" workspace_id="w92" tab_id="w92:t1"
2026-07-29T17:25:38.007187Z  INFO herdr::logging: pane child exited event="pane.exit" subsystem="pane" outcome="completed" pane_id=284 status="ExitStatus { code: 1, signal: None }"
2026-07-29T17:25:38.012179Z  INFO herdr::pane: pane session terminated pane=284 pid=1351421 signal=Hangup
2026-07-29T17:25:38.012389Z  INFO herdr::logging: spawning pane terminal event="pane.spawn.start" subsystem="pane" outcome="started" pane_id=285 rows=44 cols=112 scrollback_limit_bytes=10000000
2026-07-29T17:25:38.013861Z  INFO herdr::logging: pane child spawned event="pane.spawned" subsystem="pane" outcome="ok" pane_id=285 pid=1351430
2026-07-29T17:25:38.014019Z  INFO herdr::logging: workspace created event="workspace.create" subsystem="workspace" outcome="ok" workspace_id="w93" pane_id=285
2026-07-29T17:25:38.014030Z  INFO herdr::logging: workspace focused event="workspace.focus" subsystem="workspace" outcome="ok" workspace_id="w93"
2026-07-29T17:25:38.014091Z  INFO herdr::logging: tab focused event="tab.focus" subsystem="tab" outcome="ok" workspace_id="w93" tab_id="w93:t1"
2026-07-29T17:25:38.050569Z  INFO herdr::logging: pane child exited event="pane.exit" subsystem="pane" outcome="completed" pane_id=285 status="ExitStatus { code: 1, signal: None }"
2026-07-29T17:25:38.055569Z  INFO herdr::pane: pane session terminated pane=285 pid=1351430 signal=Hangup
2026-07-29T17:25:38.055851Z  INFO herdr::logging: spawning pane terminal event="pane.spawn.start" subsystem="pane" outcome="started" pane_id=286 rows=44 cols=112 scrollback_limit_bytes=10000000
2026-07-29T17:25:38.057308Z  INFO herdr::logging: pane child spawned event="pane.spawned" subsystem="pane" outcome="ok" pane_id=286 pid=1351437
2026-07-29T17:25:38.057494Z  INFO herdr::logging: workspace created event="workspace.create" subsystem="workspace" outcome="ok" workspace_id="w94" pane_id=286
2026-07-29T17:25:38.057506Z  INFO herdr::logging: workspace focused event="workspace.focus" subsystem="workspace" outcome="ok" workspace_id="w94"
2026-07-29T17:25:38.057563Z  INFO herdr::logging: tab focused event="tab.focus" subsystem="tab" outcome="ok" workspace_id="w94" tab_id="w94:t1"
2026-07-29T17:25:38.092650Z  INFO herdr::logging: pane child exited event="pane.exit" subsystem="pane" outcome="completed" pane_id=286 status="ExitStatus { code: 1, signal: None }"
2026-07-29T17:25:38.097764Z  INFO herdr::pane: pane session terminated pane=286 pid=1351437 signal=Hangup
2026-07-29T17:25:38.098028Z  INFO herdr::logging: spawning pane terminal event="pane.spawn.start" subsystem="pane" outcome="started" pane_id=287 rows=44 cols=112 scrollback_limit_bytes=10000000
2026-07-29T17:25:38.099513Z  INFO herdr::logging: pane child spawned event="pane.spawned" subsystem="pane" outcome="ok" pane_id=287 pid=1351444
2026-07-29T17:25:38.099695Z  INFO herdr::logging: workspace created event="workspace.create" subsystem="workspace" outcome="ok" workspace_id="w95" pane_id=287
2026-07-29T17:25:38.099706Z  INFO herdr::logging: workspace focused event="workspace.focus" subsystem="workspace" outcome="ok" workspace_id="w95"
2026-07-29T17:25:38.099761Z  INFO herdr::logging: tab focused event="tab.focus" subsystem="tab" outcome="ok" workspace_id="w95" tab_id="w95:t1"
2026-07-29T17:25:38.135889Z  INFO herdr::logging: pane child exited event="pane.exit" subsystem="pane" outcome="completed" pane_id=287 status="ExitStatus { code: 1, signal: None }"
2026-07-29T17:25:38.140876Z  INFO herdr::pane: pane session terminated pane=287 pid=1351444 signal=Hangup
2026-07-29T17:25:38.141085Z  INFO herdr::logging: spawning pane terminal event="pane.spawn.start" subsystem="pane" outcome="started" pane_id=288 rows=44 cols=112 scrollback_limit_bytes=10000000
2026-07-29T17:25:38.142359Z  INFO herdr::logging: pane child spawned event="pane.spawned" subsystem="pane" outcome="ok" pane_id=288 pid=1351451
2026-07-29T17:25:38.142539Z  INFO herdr::logging: workspace created event="workspace.create" subsystem="workspace" outcome="ok" workspace_id="w96" pane_id=288
2026-07-29T17:25:38.142561Z  INFO herdr::logging: workspace focused event="workspace.focus" subsystem="workspace" outcome="ok" workspace_id="w96"
2026-07-29T17:25:38.142678Z  INFO herdr::logging: tab focused event="tab.focus" subsystem="tab" outcome="ok" workspace_id="w96" tab_id="w96:t1"
2026-07-29T17:25:38.180258Z  INFO herdr::logging: pane child exited event="pane.exit" subsystem="pane" outcome="completed" pane_id=288 status="ExitStatus { code: 1, signal: None }"
2026-07-29T17:25:38.186524Z  INFO herdr::pane: pane session terminated pane=288 pid=1351451 signal=Hangup
2026-07-29T17:25:38.187537Z  INFO herdr::logging: spawning pane terminal event="pane.spawn.start" subsystem="pane" outcome="started" pane_id=289 rows=44 cols=112 scrollback_limit_bytes=10000000
2026-07-29T17:25:38.189581Z  INFO herdr::logging: pane child spawned event="pane.spawned" subsystem="pane" outcome="ok" pane_id=289 pid=1351538
2026-07-29T17:25:38.189790Z  INFO herdr::logging: workspace created event="workspace.create" subsystem="workspace" outcome="ok" workspace_id="w97" pane_id=289
2026-07-29T17:25:38.189808Z  INFO herdr::logging: workspace focused event="workspace.focus" subsystem="workspace" outcome="ok" workspace_id="w97"
2026-07-29T17:25:38.189902Z  INFO herdr::logging: tab focused event="tab.focus" subsystem="tab" outcome="ok" workspace_id="w97" tab_id="w97:t1"
2026-07-29T17:25:38.247431Z  INFO herdr::logging: pane child exited event="pane.exit" subsystem="pane" outcome="completed" pane_id=289 status="ExitStatus { code: 1, signal: None }"
2026-07-29T17:25:38.255363Z  INFO herdr::pane: pane session terminated pane=289 pid=1351538 signal=Hangup
2026-07-29T17:25:38.255710Z  INFO herdr::logging: spawning pane terminal event="pane.spawn.start" subsystem="pane" outcome="started" pane_id=290 rows=44 cols=112 scrollback_limit_bytes=10000000
2026-07-29T17:25:38.257870Z  INFO herdr::logging: pane child spawned event="pane.spawned" subsystem="pane" outcome="ok" pane_id=290 pid=1351637
2026-07-29T17:25:38.258125Z  INFO herdr::logging: workspace created event="workspace.create" subsystem="workspace" outcome="ok" workspace_id="w98" pane_id=290
2026-07-29T17:25:38.258144Z  INFO herdr::logging: workspace focused event="workspace.focus" subsystem="workspace" outcome="ok" workspace_id="w98"
2026-07-29T17:25:38.258249Z  INFO herdr::logging: tab focused event="tab.focus" subsystem="tab" outcome="ok" workspace_id="w98" tab_id="w98:t1"
2026-07-29T17:25:38.315209Z  INFO herdr::logging: pane child exited event="pane.exit" subsystem="pane" outcome="completed" pane_id=290 status="ExitStatus { code: 1, signal: None }"
2026-07-29T17:25:38.323315Z  INFO herdr::pane: pane session terminated pane=290 pid=1351637 signal=Hangup
2026-07-29T17:25:38.323729Z  INFO herdr::logging: spawning pane terminal event="pane.spawn.start" subsystem="pane" outcome="started" pane_id=291 rows=44 cols=112 scrollback_limit_bytes=10000000
2026-07-29T17:25:38.325854Z  INFO herdr::logging: pane child spawned event="pane.spawned" subsystem="pane" outcome="ok" pane_id=291 pid=1351644
2026-07-29T17:25:38.326161Z  INFO herdr::logging: workspace created event="workspace.create" subsystem="workspace" outcome="ok" workspace_id="w99" pane_id=291
2026-07-29T17:25:38.326180Z  INFO herdr::logging: workspace focused event="workspace.focus" subsystem="workspace" outcome="ok" workspace_id="w99"
2026-07-29T17:25:38.326273Z  INFO herdr::logging: tab focused event="tab.focus" subsystem="tab" outcome="ok" workspace_id="w99" tab_id="w99:t1"
2026-07-29T17:25:38.370343Z  INFO herdr::logging: pane child exited event="pane.exit" subsystem="pane" outcome="completed" pane_id=291 status="ExitStatus { code: 1, signal: None }"
2026-07-29T17:25:38.375417Z  INFO herdr::pane: pane session terminated pane=291 pid=1351644 signal=Hangup
2026-07-29T17:25:38.375628Z  INFO herdr::logging: spawning pane terminal event="pane.spawn.start" subsystem="pane" outcome="started" pane_id=292 rows=44 cols=112 scrollback_limit_bytes=10000000
2026-07-29T17:25:38.377021Z  INFO herdr::logging: pane child spawned event="pane.spawned" subsystem="pane" outcome="ok" pane_id=292 pid=1351681
2026-07-29T17:25:38.377190Z  INFO herdr::logging: workspace created event="workspace.create" subsystem="workspace" outcome="ok" workspace_id="w9A" pane_id=292
2026-07-29T17:25:38.377205Z  INFO herdr::logging: workspace focused event="workspace.focus" subsystem="workspace" outcome="ok" workspace_id="w9A"
2026-07-29T17:25:38.377290Z  INFO herdr::logging: tab focused event="tab.focus" subsystem="tab" outcome="ok" workspace_id="w9A" tab_id="w9A:t1"
2026-07-29T17:25:38.412816Z  INFO herdr::logging: pane child exited event="pane.exit" subsystem="pane" outcome="completed" pane_id=292 status="ExitStatus { code: 1, signal: None }"
2026-07-29T17:25:38.417896Z  INFO herdr::pane: pane session terminated pane=292 pid=1351681 signal=Hangup
2026-07-29T17:25:38.418116Z  INFO herdr::logging: spawning pane terminal event="pane.spawn.start" subsystem="pane" outcome="started" pane_id=293 rows=44 cols=112 scrollback_limit_bytes=10000000
2026-07-29T17:25:38.419502Z  INFO herdr::logging: pane child spawned event="pane.spawned" subsystem="pane" outcome="ok" pane_id=293 pid=1351689
2026-07-29T17:25:38.419645Z  INFO herdr::logging: workspace created event="workspace.create" subsystem="workspace" outcome="ok" workspace_id="w9B" pane_id=293
2026-07-29T17:25:38.419655Z  INFO herdr::logging: workspace focused event="workspace.focus" subsystem="workspace" outcome="ok" workspace_id="w9B"
2026-07-29T17:25:38.419755Z  INFO herdr::logging: tab focused event="tab.focus" subsystem="tab" outcome="ok" workspace_id="w9B" tab_id="w9B:t1"
2026-07-29T17:25:38.455751Z  INFO herdr::logging: pane child exited event="pane.exit" subsystem="pane" outcome="completed" pane_id=293 status="ExitStatus { code: 1, signal: None }"
2026-07-29T17:25:38.460622Z  INFO herdr::pane: pane session terminated pane=293 pid=1351689 signal=Hangup
2026-07-29T17:25:38.460843Z  INFO herdr::logging: spawning pane terminal event="pane.spawn.start" subsystem="pane" outcome="started" pane_id=294 rows=44 cols=112 scrollback_limit_bytes=10000000
2026-07-29T17:25:38.462149Z  INFO herdr::logging: pane child spawned event="pane.spawned" subsystem="pane" outcome="ok" pane_id=294 pid=1351696
2026-07-29T17:25:38.462291Z  INFO herdr::logging: workspace created event="workspace.create" subsystem="workspace" outcome="ok" workspace_id="w9C" pane_id=294
2026-07-29T17:25:38.462301Z  INFO herdr::logging: workspace focused event="workspace.focus" subsystem="workspace" outcome="ok" workspace_id="w9C"
2026-07-29T17:25:38.462361Z  INFO herdr::logging: tab focused event="tab.focus" subsystem="tab" outcome="ok" workspace_id="w9C" tab_id="w9C:t1"
2026-07-29T17:25:38.498102Z  INFO herdr::logging: pane child exited event="pane.exit" subsystem="pane" outcome="completed" pane_id=294 status="ExitStatus { code: 1, signal: None }"
2026-07-29T17:25:38.503013Z  INFO herdr::pane: pane session terminated pane=294 pid=1351696 signal=Hangup
2026-07-29T17:25:38.503214Z  INFO herdr::logging: spawning pane terminal event="pane.spawn.start" subsystem="pane" outcome="started" pane_id=295 rows=44 cols=112 scrollback_limit_bytes=10000000
2026-07-29T17:25:38.504471Z  INFO herdr::logging: pane child spawned event="pane.spawned" subsystem="pane" outcome="ok" pane_id=295 pid=1351703
2026-07-29T17:25:38.504630Z  INFO herdr::logging: workspace created event="workspace.create" subsystem="workspace" outcome="ok" workspace_id="w9D" pane_id=295
2026-07-29T17:25:38.504639Z  INFO herdr::logging: workspace focused event="workspace.focus" subsystem="workspace" outcome="ok" workspace_id="w9D"
2026-07-29T17:25:38.504708Z  INFO herdr::logging: tab focused event="tab.focus" subsystem="tab" outcome="ok" workspace_id="w9D" tab_id="w9D:t1"
2026-07-29T17:25:38.540194Z  INFO herdr::logging: pane child exited event="pane.exit" subsystem="pane" outcome="completed" pane_id=295 status="ExitStatus { code: 1, signal: None }"
2026-07-29T17:25:38.545279Z  INFO herdr::pane: pane session terminated pane=295 pid=1351703 signal=Hangup
2026-07-29T17:25:38.545505Z  INFO herdr::logging: spawning pane terminal event="pane.spawn.start" subsystem="pane" outcome="started" pane_id=296 rows=44 cols=112 scrollback_limit_bytes=10000000
2026-07-29T17:25:38.546973Z  INFO herdr::logging: pane child spawned event="pane.spawned" subsystem="pane" outcome="ok" pane_id=296 pid=1351710
2026-07-29T17:25:38.547151Z  INFO herdr::logging: workspace created event="workspace.create" subsystem="workspace" outcome="ok" workspace_id="w9E" pane_id=296
2026-07-29T17:25:38.547163Z  INFO herdr::logging: workspace focused event="workspace.focus" subsystem="workspace" outcome="ok" workspace_id="w9E"
2026-07-29T17:25:38.547222Z  INFO herdr::logging: tab focused event="tab.focus" subsystem="tab" outcome="ok" workspace_id="w9E" tab_id="w9E:t1"
2026-07-29T17:25:38.581822Z  INFO herdr::logging: pane child exited event="pane.exit" subsystem="pane" outcome="completed" pane_id=296 status="ExitStatus { code: 1, signal: None }"
2026-07-29T17:25:38.587555Z  INFO herdr::pane: pane session terminated pane=296 pid=1351710 signal=Hangup
2026-07-29T17:25:38.587779Z  INFO herdr::logging: spawning pane terminal event="pane.spawn.start" subsystem="pane" outcome="started" pane_id=297 rows=44 cols=112 scrollback_limit_bytes=10000000
2026-07-29T17:25:38.589084Z  INFO herdr::logging: pane child spawned event="pane.spawned" subsystem="pane" outcome="ok" pane_id=297 pid=1351719
2026-07-29T17:25:38.589216Z  INFO herdr::logging: workspace created event="workspace.create" subsystem="workspace" outcome="ok" workspace_id="w9F" pane_id=297
2026-07-29T17:25:38.589225Z  INFO herdr::logging: workspace focused event="workspace.focus" subsystem="workspace" outcome="ok" workspace_id="w9F"
2026-07-29T17:25:38.589290Z  INFO herdr::logging: tab focused event="tab.focus" subsystem="tab" outcome="ok" workspace_id="w9F" tab_id="w9F:t1"
2026-07-29T17:25:38.624446Z  INFO herdr::logging: pane child exited event="pane.exit" subsystem="pane" outcome="completed" pane_id=297 status="ExitStatus { code: 1, signal: None }"
2026-07-29T17:25:38.629538Z  INFO herdr::pane: pane session terminated pane=297 pid=1351719 signal=Hangup
2026-07-29T17:25:38.629768Z  INFO herdr::logging: spawning pane terminal event="pane.spawn.start" subsystem="pane" outcome="started" pane_id=298 rows=44 cols=112 scrollback_limit_bytes=10000000
2026-07-29T17:25:38.631023Z  INFO herdr::logging: pane child spawned event="pane.spawned" subsystem="pane" outcome="ok" pane_id=298 pid=1351740
2026-07-29T17:25:38.631162Z  INFO herdr::logging: workspace created event="workspace.create" subsystem="workspace" outcome="ok" workspace_id="w9G" pane_id=298
2026-07-29T17:25:38.631172Z  INFO herdr::logging: workspace focused event="workspace.focus" subsystem="workspace" outcome="ok" workspace_id="w9G"
2026-07-29T17:25:38.631235Z  INFO herdr::logging: tab focused event="tab.focus" subsystem="tab" outcome="ok" workspace_id="w9G" tab_id="w9G:t1"
2026-07-29T17:25:38.666873Z  INFO herdr::logging: pane child exited event="pane.exit" subsystem="pane" outcome="completed" pane_id=298 status="ExitStatus { code: 1, signal: None }"
2026-07-29T17:25:38.671873Z  INFO herdr::pane: pane session terminated pane=298 pid=1351740 signal=Hangup
2026-07-29T17:25:38.672085Z  INFO herdr::logging: spawning pane terminal event="pane.spawn.start" subsystem="pane" outcome="started" pane_id=299 rows=44 cols=112 scrollback_limit_bytes=10000000
2026-07-29T17:25:38.673360Z  INFO herdr::logging: pane child spawned event="pane.spawned" subsystem="pane" outcome="ok" pane_id=299 pid=1351747
2026-07-29T17:25:38.673542Z  INFO herdr::logging: workspace created event="workspace.create" subsystem="workspace" outcome="ok" workspace_id="w9H" pane_id=299
2026-07-29T17:25:38.673553Z  INFO herdr::logging: workspace focused event="workspace.focus" subsystem="workspace" outcome="ok" workspace_id="w9H"
2026-07-29T17:25:38.673617Z  INFO herdr::logging: tab focused event="tab.focus" subsystem="tab" outcome="ok" workspace_id="w9H" tab_id="w9H:t1"
2026-07-29T17:25:38.709246Z  INFO herdr::logging: pane child exited event="pane.exit" subsystem="pane" outcome="completed" pane_id=299 status="ExitStatus { code: 1, signal: None }"
2026-07-29T17:25:38.714212Z  INFO herdr::pane: pane session terminated pane=299 pid=1351747 signal=Hangup
2026-07-29T17:25:38.714434Z  INFO herdr::logging: spawning pane terminal event="pane.spawn.start" subsystem="pane" outcome="started" pane_id=300 rows=44 cols=112 scrollback_limit_bytes=10000000
2026-07-29T17:25:38.715769Z  INFO herdr::logging: pane child spawned event="pane.spawned" subsystem="pane" outcome="ok" pane_id=300 pid=1351754
2026-07-29T17:25:38.715921Z  INFO herdr::logging: workspace created event="workspace.create" subsystem="workspace" outcome="ok" workspace_id="w9J" pane_id=300
2026-07-29T17:25:38.715932Z  INFO herdr::logging: workspace focused event="workspace.focus" subsystem="workspace" outcome="ok" workspace_id="w9J"
2026-07-29T17:25:38.715995Z  INFO herdr::logging: tab focused event="tab.focus" subsystem="tab" outcome="ok" workspace_id="w9J" tab_id="w9J:t1"
2026-07-29T17:25:38.751590Z  INFO herdr::logging: pane child exited event="pane.exit" subsystem="pane" outcome="completed" pane_id=300 status="ExitStatus { code: 1, signal: None }"
2026-07-29T17:25:38.751717Z  INFO herdr::pane: pane session terminated pane=300 pid=1351754 signal=Hangup
2026-07-29T17:25:38.751971Z  INFO herdr::logging: spawning pane terminal event="pane.spawn.start" subsystem="pane" outcome="started" pane_id=301 rows=44 cols=112 scrollback_limit_bytes=10000000
2026-07-29T17:25:38.753359Z  INFO herdr::logging: pane child spawned event="pane.spawned" subsystem="pane" outcome="ok" pane_id=301 pid=1351762
2026-07-29T17:25:38.753509Z  INFO herdr::logging: workspace created event="workspace.create" subsystem="workspace" outcome="ok" workspace_id="w9K" pane_id=301
2026-07-29T17:25:38.753521Z  INFO herdr::logging: workspace focused event="workspace.focus" subsystem="workspace" outcome="ok" workspace_id="w9K"
2026-07-29T17:25:38.753593Z  INFO herdr::logging: tab focused event="tab.focus" subsystem="tab" outcome="ok" workspace_id="w9K" tab_id="w9K:t1"
2026-07-29T17:25:38.788966Z  INFO herdr::logging: pane child exited event="pane.exit" subsystem="pane" outcome="completed" pane_id=301 status="ExitStatus { code: 1, signal: None }"
2026-07-29T17:25:38.794018Z  INFO herdr::pane: pane session terminated pane=301 pid=1351762 signal=Hangup
2026-07-29T17:25:38.794218Z  INFO herdr::logging: spawning pane terminal event="pane.spawn.start" subsystem="pane" outcome="started" pane_id=302 rows=44 cols=112 scrollback_limit_bytes=10000000
2026-07-29T17:25:38.795422Z  INFO herdr::logging: pane child spawned event="pane.spawned" subsystem="pane" outcome="ok" pane_id=302 pid=1351769
2026-07-29T17:25:38.795590Z  INFO herdr::logging: workspace created event="workspace.create" subsystem="workspace" outcome="ok" workspace_id="w9M" pane_id=302
2026-07-29T17:25:38.795600Z  INFO herdr::logging: workspace focused event="workspace.focus" subsystem="workspace" outcome="ok" workspace_id="w9M"
2026-07-29T17:25:38.795656Z  INFO herdr::logging: tab focused event="tab.focus" subsystem="tab" outcome="ok" workspace_id="w9M" tab_id="w9M:t1"
2026-07-29T17:25:38.830543Z  INFO herdr::logging: pane child exited event="pane.exit" subsystem="pane" outcome="completed" pane_id=302 status="ExitStatus { code: 1, signal: None }"
2026-07-29T17:25:38.835705Z  INFO herdr::pane: pane session terminated pane=302 pid=1351769 signal=Hangup
2026-07-29T17:25:38.835909Z  INFO herdr::logging: spawning pane terminal event="pane.spawn.start" subsystem="pane" outcome="started" pane_id=303 rows=44 cols=112 scrollback_limit_bytes=10000000
2026-07-29T17:25:38.837212Z  INFO herdr::logging: pane child spawned event="pane.spawned" subsystem="pane" outcome="ok" pane_id=303 pid=1351776
2026-07-29T17:25:38.837355Z  INFO herdr::logging: workspace created event="workspace.create" subsystem="workspace" outcome="ok" workspace_id="w9N" pane_id=303
2026-07-29T17:25:38.837365Z  INFO herdr::logging: workspace focused event="workspace.focus" subsystem="workspace" outcome="ok" workspace_id="w9N"
2026-07-29T17:25:38.837433Z  INFO herdr::logging: tab focused event="tab.focus" subsystem="tab" outcome="ok" workspace_id="w9N" tab_id="w9N:t1"
2026-07-29T17:25:38.872610Z  INFO herdr::logging: pane child exited event="pane.exit" subsystem="pane" outcome="completed" pane_id=303 status="ExitStatus { code: 1, signal: None }"
2026-07-29T17:25:38.878878Z  INFO herdr::pane: pane session terminated pane=303 pid=1351776 signal=Hangup
2026-07-29T17:25:38.879098Z  INFO herdr::logging: spawning pane terminal event="pane.spawn.start" subsystem="pane" outcome="started" pane_id=304 rows=44 cols=112 scrollback_limit_bytes=10000000
2026-07-29T17:25:38.880432Z  INFO herdr::logging: pane child spawned event="pane.spawned" subsystem="pane" outcome="ok" pane_id=304 pid=1351783
2026-07-29T17:25:38.880573Z  INFO herdr::logging: workspace created event="workspace.create" subsystem="workspace" outcome="ok" workspace_id="w9P" pane_id=304
2026-07-29T17:25:38.880583Z  INFO herdr::logging: workspace focused event="workspace.focus" subsystem="workspace" outcome="ok" workspace_id="w9P"
2026-07-29T17:25:38.880642Z  INFO herdr::logging: tab focused event="tab.focus" subsystem="tab" outcome="ok" workspace_id="w9P" tab_id="w9P:t1"
2026-07-29T17:25:38.916136Z  INFO herdr::logging: pane child exited event="pane.exit" subsystem="pane" outcome="completed" pane_id=304 status="ExitStatus { code: 1, signal: None }"
2026-07-29T17:25:38.920944Z  INFO herdr::pane: pane session terminated pane=304 pid=1351783 signal=Hangup
2026-07-29T17:25:38.921147Z  INFO herdr::logging: spawning pane terminal event="pane.spawn.start" subsystem="pane" outcome="started" pane_id=305 rows=44 cols=112 scrollback_limit_bytes=10000000
2026-07-29T17:25:38.922397Z  INFO herdr::logging: pane child spawned event="pane.spawned" subsystem="pane" outcome="ok" pane_id=305 pid=1351790
2026-07-29T17:25:38.922548Z  INFO herdr::logging: workspace created event="workspace.create" subsystem="workspace" outcome="ok" workspace_id="w9Q" pane_id=305
2026-07-29T17:25:38.922558Z  INFO herdr::logging: workspace focused event="workspace.focus" subsystem="workspace" outcome="ok" workspace_id="w9Q"
2026-07-29T17:25:38.922616Z  INFO herdr::logging: tab focused event="tab.focus" subsystem="tab" outcome="ok" workspace_id="w9Q" tab_id="w9Q:t1"
2026-07-29T17:25:38.957555Z  INFO herdr::logging: pane child exited event="pane.exit" subsystem="pane" outcome="completed" pane_id=305 status="ExitStatus { code: 1, signal: None }"
2026-07-29T17:25:38.962565Z  INFO herdr::pane: pane session terminated pane=305 pid=1351790 signal=Hangup
2026-07-29T17:25:38.962789Z  INFO herdr::logging: spawning pane terminal event="pane.spawn.start" subsystem="pane" outcome="started" pane_id=306 rows=44 cols=112 scrollback_limit_bytes=10000000
2026-07-29T17:25:38.964133Z  INFO herdr::logging: pane child spawned event="pane.spawned" subsystem="pane" outcome="ok" pane_id=306 pid=1351797
2026-07-29T17:25:38.964301Z  INFO herdr::logging: workspace created event="workspace.create" subsystem="workspace" outcome="ok" workspace_id="w9R" pane_id=306
2026-07-29T17:25:38.964311Z  INFO herdr::logging: workspace focused event="workspace.focus" subsystem="workspace" outcome="ok" workspace_id="w9R"
2026-07-29T17:25:38.964370Z  INFO herdr::logging: tab focused event="tab.focus" subsystem="tab" outcome="ok" workspace_id="w9R" tab_id="w9R:t1"
2026-07-29T17:25:38.999506Z  INFO herdr::logging: pane child exited event="pane.exit" subsystem="pane" outcome="completed" pane_id=306 status="ExitStatus { code: 1, signal: None }"
2026-07-29T17:25:38.999624Z  INFO herdr::pane: pane session terminated pane=306 pid=1351797 signal=Hangup
2026-07-29T17:25:38.999851Z  INFO herdr::logging: spawning pane terminal event="pane.spawn.start" subsystem="pane" outcome="started" pane_id=307 rows=44 cols=112 scrollback_limit_bytes=10000000
2026-07-29T17:25:39.001205Z  INFO herdr::logging: pane child spawned event="pane.spawned" subsystem="pane" outcome="ok" pane_id=307 pid=1351804
2026-07-29T17:25:39.001335Z  INFO herdr::logging: workspace created event="workspace.create" subsystem="workspace" outcome="ok" workspace_id="w9S" pane_id=307
2026-07-29T17:25:39.001349Z  INFO herdr::logging: workspace focused event="workspace.focus" subsystem="workspace" outcome="ok" workspace_id="w9S"
2026-07-29T17:25:39.001414Z  INFO herdr::logging: tab focused event="tab.focus" subsystem="tab" outcome="ok" workspace_id="w9S" tab_id="w9S:t1"
2026-07-29T17:25:39.036707Z  INFO herdr::logging: pane child exited event="pane.exit" subsystem="pane" outcome="completed" pane_id=307 status="ExitStatus { code: 1, signal: None }"
2026-07-29T17:25:39.041729Z  INFO herdr::pane: pane session terminated pane=307 pid=1351804 signal=Hangup
2026-07-29T17:25:39.041940Z  INFO herdr::logging: spawning pane terminal event="pane.spawn.start" subsystem="pane" outcome="started" pane_id=308 rows=44 cols=112 scrollback_limit_bytes=10000000
2026-07-29T17:25:39.043178Z  INFO herdr::logging: pane child spawned event="pane.spawned" subsystem="pane" outcome="ok" pane_id=308 pid=1351811
2026-07-29T17:25:39.043344Z  INFO herdr::logging: workspace created event="workspace.create" subsystem="workspace" outcome="ok" workspace_id="w9T" pane_id=308
2026-07-29T17:25:39.043353Z  INFO herdr::logging: workspace focused event="workspace.focus" subsystem="workspace" outcome="ok" workspace_id="w9T"
2026-07-29T17:25:39.043414Z  INFO herdr::logging: tab focused event="tab.focus" subsystem="tab" outcome="ok" workspace_id="w9T" tab_id="w9T:t1"
2026-07-29T17:25:39.078707Z  INFO herdr::logging: pane child exited event="pane.exit" subsystem="pane" outcome="completed" pane_id=308 status="ExitStatus { code: 1, signal: None }"
2026-07-29T17:25:39.083623Z  INFO herdr::pane: pane session terminated pane=308 pid=1351811 signal=Hangup
2026-07-29T17:25:39.083838Z  INFO herdr::logging: spawning pane terminal event="pane.spawn.start" subsystem="pane" outcome="started" pane_id=309 rows=44 cols=112 scrollback_limit_bytes=10000000
2026-07-29T17:25:39.085210Z  INFO herdr::logging: pane child spawned event="pane.spawned" subsystem="pane" outcome="ok" pane_id=309 pid=1351818
2026-07-29T17:25:39.085348Z  INFO herdr::logging: workspace created event="workspace.create" subsystem="workspace" outcome="ok" workspace_id="w9V" pane_id=309
2026-07-29T17:25:39.085360Z  INFO herdr::logging: workspace focused event="workspace.focus" subsystem="workspace" outcome="ok" workspace_id="w9V"
2026-07-29T17:25:39.085429Z  INFO herdr::logging: tab focused event="tab.focus" subsystem="tab" outcome="ok" workspace_id="w9V" tab_id="w9V:t1"
2026-07-29T17:25:39.120831Z  INFO herdr::logging: pane child exited event="pane.exit" subsystem="pane" outcome="completed" pane_id=309 status="ExitStatus { code: 1, signal: None }"
2026-07-29T17:25:39.126131Z  INFO herdr::pane: pane session terminated pane=309 pid=1351818 signal=Hangup
2026-07-29T17:25:39.126335Z  INFO herdr::logging: spawning pane terminal event="pane.spawn.start" subsystem="pane" outcome="started" pane_id=310 rows=44 cols=112 scrollback_limit_bytes=10000000
2026-07-29T17:25:39.127675Z  INFO herdr::logging: pane child spawned event="pane.spawned" subsystem="pane" outcome="ok" pane_id=310 pid=1351825
2026-07-29T17:25:39.127823Z  INFO herdr::logging: workspace created event="workspace.create" subsystem="workspace" outcome="ok" workspace_id="w9W" pane_id=310
2026-07-29T17:25:39.127840Z  INFO herdr::logging: workspace focused event="workspace.focus" subsystem="workspace" outcome="ok" workspace_id="w9W"
2026-07-29T17:25:39.127897Z  INFO herdr::logging: tab focused event="tab.focus" subsystem="tab" outcome="ok" workspace_id="w9W" tab_id="w9W:t1"
2026-07-29T17:25:39.164237Z  INFO herdr::logging: pane child exited event="pane.exit" subsystem="pane" outcome="completed" pane_id=310 status="ExitStatus { code: 1, signal: None }"
2026-07-29T17:25:39.169195Z  INFO herdr::pane: pane session terminated pane=310 pid=1351825 signal=Hangup
2026-07-29T17:25:39.169409Z  INFO herdr::logging: spawning pane terminal event="pane.spawn.start" subsystem="pane" outcome="started" pane_id=311 rows=44 cols=112 scrollback_limit_bytes=10000000
2026-07-29T17:25:39.170646Z  INFO herdr::logging: pane child spawned event="pane.spawned" subsystem="pane" outcome="ok" pane_id=311 pid=1351832
2026-07-29T17:25:39.170838Z  INFO herdr::logging: workspace created event="workspace.create" subsystem="workspace" outcome="ok" workspace_id="w9X" pane_id=311
2026-07-29T17:25:39.170858Z  INFO herdr::logging: workspace focused event="workspace.focus" subsystem="workspace" outcome="ok" workspace_id="w9X"
2026-07-29T17:25:39.170916Z  INFO herdr::logging: tab focused event="tab.focus" subsystem="tab" outcome="ok" workspace_id="w9X" tab_id="w9X:t1"
2026-07-29T17:25:39.212010Z  INFO herdr::logging: pane child exited event="pane.exit" subsystem="pane" outcome="completed" pane_id=311 status="ExitStatus { code: 1, signal: None }"
2026-07-29T17:25:39.217702Z  INFO herdr::pane: pane session terminated pane=311 pid=1351832 signal=Hangup
2026-07-29T17:25:39.217933Z  INFO herdr::logging: spawning pane terminal event="pane.spawn.start" subsystem="pane" outcome="started" pane_id=312 rows=44 cols=112 scrollback_limit_bytes=10000000
2026-07-29T17:25:39.219281Z  INFO herdr::logging: pane child spawned event="pane.spawned" subsystem="pane" outcome="ok" pane_id=312 pid=1351924
2026-07-29T17:25:39.219439Z  INFO herdr::logging: workspace created event="workspace.create" subsystem="workspace" outcome="ok" workspace_id="w9Y" pane_id=312
2026-07-29T17:25:39.219449Z  INFO herdr::logging: workspace focused event="workspace.focus" subsystem="workspace" outcome="ok" workspace_id="w9Y"
2026-07-29T17:25:39.219513Z  INFO herdr::logging: tab focused event="tab.focus" subsystem="tab" outcome="ok" workspace_id="w9Y" tab_id="w9Y:t1"
2026-07-29T17:25:39.260131Z  INFO herdr::logging: pane child exited event="pane.exit" subsystem="pane" outcome="completed" pane_id=312 status="ExitStatus { code: 1, signal: None }"
2026-07-29T17:25:39.266097Z  INFO herdr::pane: pane session terminated pane=312 pid=1351924 signal=Hangup
2026-07-29T17:25:39.266344Z  INFO herdr::logging: spawning pane terminal event="pane.spawn.start" subsystem="pane" outcome="started" pane_id=313 rows=44 cols=112 scrollback_limit_bytes=10000000
2026-07-29T17:25:39.267859Z  INFO herdr::logging: pane child spawned event="pane.spawned" subsystem="pane" outcome="ok" pane_id=313 pid=1351931
2026-07-29T17:25:39.268053Z  INFO herdr::logging: workspace created event="workspace.create" subsystem="workspace" outcome="ok" workspace_id="w9Z" pane_id=313
2026-07-29T17:25:39.268068Z  INFO herdr::logging: workspace focused event="workspace.focus" subsystem="workspace" outcome="ok" workspace_id="w9Z"
2026-07-29T17:25:39.268155Z  INFO herdr::logging: tab focused event="tab.focus" subsystem="tab" outcome="ok" workspace_id="w9Z" tab_id="w9Z:t1"
2026-07-29T17:25:39.310755Z  INFO herdr::logging: pane child exited event="pane.exit" subsystem="pane" outcome="completed" pane_id=313 status="ExitStatus { code: 1, signal: None }"
2026-07-29T17:25:39.316434Z  INFO herdr::pane: pane session terminated pane=313 pid=1351931 signal=Hangup
2026-07-29T17:25:39.316681Z  INFO herdr::logging: spawning pane terminal event="pane.spawn.start" subsystem="pane" outcome="started" pane_id=314 rows=44 cols=112 scrollback_limit_bytes=10000000
2026-07-29T17:25:39.318296Z  INFO herdr::logging: pane child spawned event="pane.spawned" subsystem="pane" outcome="ok" pane_id=314 pid=1351943
2026-07-29T17:25:39.318481Z  INFO herdr::logging: workspace created event="workspace.create" subsystem="workspace" outcome="ok" workspace_id="w90" pane_id=314
2026-07-29T17:25:39.318496Z  INFO herdr::logging: workspace focused event="workspace.focus" subsystem="workspace" outcome="ok" workspace_id="w90"
2026-07-29T17:25:39.318589Z  INFO herdr::logging: tab focused event="tab.focus" subsystem="tab" outcome="ok" workspace_id="w90" tab_id="w90:t1"
2026-07-29T17:25:39.355948Z  INFO herdr::logging: pane child exited event="pane.exit" subsystem="pane" outcome="completed" pane_id=314 status="ExitStatus { code: 1, signal: None }"
2026-07-29T17:25:39.361294Z  INFO herdr::pane: pane session terminated pane=314 pid=1351943 signal=Hangup
2026-07-29T17:25:39.361511Z  INFO herdr::logging: spawning pane terminal event="pane.spawn.start" subsystem="pane" outcome="started" pane_id=315 rows=44 cols=112 scrollback_limit_bytes=10000000
2026-07-29T17:25:39.362870Z  INFO herdr::logging: pane child spawned event="pane.spawned" subsystem="pane" outcome="ok" pane_id=315 pid=1351959
2026-07-29T17:25:39.363057Z  INFO herdr::logging: workspace created event="workspace.create" subsystem="workspace" outcome="ok" workspace_id="wA1" pane_id=315
2026-07-29T17:25:39.363067Z  INFO herdr::logging: workspace focused event="workspace.focus" subsystem="workspace" outcome="ok" workspace_id="wA1"
2026-07-29T17:25:39.363124Z  INFO herdr::logging: tab focused event="tab.focus" subsystem="tab" outcome="ok" workspace_id="wA1" tab_id="wA1:t1"
2026-07-29T17:25:39.398491Z  INFO herdr::logging: pane child exited event="pane.exit" subsystem="pane" outcome="completed" pane_id=315 status="ExitStatus { code: 1, signal: None }"
2026-07-29T17:25:39.403796Z  INFO herdr::pane: pane session terminated pane=315 pid=1351959 signal=Hangup
2026-07-29T17:25:39.404000Z  INFO herdr::logging: spawning pane terminal event="pane.spawn.start" subsystem="pane" outcome="started" pane_id=316 rows=44 cols=112 scrollback_limit_bytes=10000000
2026-07-29T17:25:39.405308Z  INFO herdr::logging: pane child spawned event="pane.spawned" subsystem="pane" outcome="ok" pane_id=316 pid=1351966
2026-07-29T17:25:39.405454Z  INFO herdr::logging: workspace created event="workspace.create" subsystem="workspace" outcome="ok" workspace_id="wA2" pane_id=316
2026-07-29T17:25:39.405464Z  INFO herdr::logging: workspace focused event="workspace.focus" subsystem="workspace" outcome="ok" workspace_id="wA2"
2026-07-29T17:25:39.405526Z  INFO herdr::logging: tab focused event="tab.focus" subsystem="tab" outcome="ok" workspace_id="wA2" tab_id="wA2:t1"
2026-07-29T17:25:39.440510Z  INFO herdr::logging: pane child exited event="pane.exit" subsystem="pane" outcome="completed" pane_id=316 status="ExitStatus { code: 1, signal: None }"
2026-07-29T17:25:39.445884Z  INFO herdr::pane: pane session terminated pane=316 pid=1351966 signal=Hangup
2026-07-29T17:25:39.446098Z  INFO herdr::logging: spawning pane terminal event="pane.spawn.start" subsystem="pane" outcome="started" pane_id=317 rows=44 cols=112 scrollback_limit_bytes=10000000
2026-07-29T17:25:39.447376Z  INFO herdr::logging: pane child spawned event="pane.spawned" subsystem="pane" outcome="ok" pane_id=317 pid=1351973
2026-07-29T17:25:39.447541Z  INFO herdr::logging: workspace created event="workspace.create" subsystem="workspace" outcome="ok" workspace_id="wA3" pane_id=317
2026-07-29T17:25:39.447552Z  INFO herdr::logging: workspace focused event="workspace.focus" subsystem="workspace" outcome="ok" workspace_id="wA3"
2026-07-29T17:25:39.447610Z  INFO herdr::logging: tab focused event="tab.focus" subsystem="tab" outcome="ok" workspace_id="wA3" tab_id="wA3:t1"
2026-07-29T17:25:39.483299Z  INFO herdr::logging: pane child exited event="pane.exit" subsystem="pane" outcome="completed" pane_id=317 status="ExitStatus { code: 1, signal: None }"
2026-07-29T17:25:39.488291Z  INFO herdr::pane: pane session terminated pane=317 pid=1351973 signal=Hangup
2026-07-29T17:25:39.488503Z  INFO herdr::logging: spawning pane terminal event="pane.spawn.start" subsystem="pane" outcome="started" pane_id=318 rows=44 cols=112 scrollback_limit_bytes=10000000
2026-07-29T17:25:39.489813Z  INFO herdr::logging: pane child spawned event="pane.spawned" subsystem="pane" outcome="ok" pane_id=318 pid=1351980
2026-07-29T17:25:39.489997Z  INFO herdr::logging: workspace created event="workspace.create" subsystem="workspace" outcome="ok" workspace_id="wA4" pane_id=318
2026-07-29T17:25:39.490009Z  INFO herdr::logging: workspace focused event="workspace.focus" subsystem="workspace" outcome="ok" workspace_id="wA4"
2026-07-29T17:25:39.490071Z  INFO herdr::logging: tab focused event="tab.focus" subsystem="tab" outcome="ok" workspace_id="wA4" tab_id="wA4:t1"
2026-07-29T17:25:39.525040Z  INFO herdr::logging: pane child exited event="pane.exit" subsystem="pane" outcome="completed" pane_id=318 status="ExitStatus { code: 1, signal: None }"
2026-07-29T17:25:39.530003Z  INFO herdr::pane: pane session terminated pane=318 pid=1351980 signal=Hangup
2026-07-29T17:25:39.530229Z  INFO herdr::logging: spawning pane terminal event="pane.spawn.start" subsystem="pane" outcome="started" pane_id=319 rows=44 cols=112 scrollback_limit_bytes=10000000
2026-07-29T17:25:39.531599Z  INFO herdr::logging: pane child spawned event="pane.spawned" subsystem="pane" outcome="ok" pane_id=319 pid=1351987
2026-07-29T17:25:39.531752Z  INFO herdr::logging: workspace created event="workspace.create" subsystem="workspace" outcome="ok" workspace_id="wA5" pane_id=319
2026-07-29T17:25:39.531762Z  INFO herdr::logging: workspace focused event="workspace.focus" subsystem="workspace" outcome="ok" workspace_id="wA5"
2026-07-29T17:25:39.531821Z  INFO herdr::logging: tab focused event="tab.focus" subsystem="tab" outcome="ok" workspace_id="wA5" tab_id="wA5:t1"
2026-07-29T17:25:39.568350Z  INFO herdr::logging: pane child exited event="pane.exit" subsystem="pane" outcome="completed" pane_id=319 status="ExitStatus { code: 1, signal: None }"
2026-07-29T17:25:39.573263Z  INFO herdr::pane: pane session terminated pane=319 pid=1351987 signal=Hangup
2026-07-29T17:25:39.573390Z  INFO herdr::logging: spawning pane terminal event="pane.spawn.start" subsystem="pane" outcome="started" pane_id=320 rows=44 cols=112 scrollback_limit_bytes=10000000
2026-07-29T17:25:39.574697Z  INFO herdr::logging: pane child spawned event="pane.spawned" subsystem="pane" outcome="ok" pane_id=320 pid=1351994
2026-07-29T17:25:39.574857Z  INFO herdr::logging: workspace created event="workspace.create" subsystem="workspace" outcome="ok" workspace_id="wA6" pane_id=320
2026-07-29T17:25:39.574867Z  INFO herdr::logging: workspace focused event="workspace.focus" subsystem="workspace" outcome="ok" workspace_id="wA6"
2026-07-29T17:25:39.574921Z  INFO herdr::logging: tab focused event="tab.focus" subsystem="tab" outcome="ok" workspace_id="wA6" tab_id="wA6:t1"
2026-07-29T17:25:39.611551Z  INFO herdr::logging: pane child exited event="pane.exit" subsystem="pane" outcome="completed" pane_id=320 status="ExitStatus { code: 1, signal: None }"
2026-07-29T17:25:39.616468Z  INFO herdr::pane: pane session terminated pane=320 pid=1351994 signal=Hangup
2026-07-29T17:25:39.616688Z  INFO herdr::logging: spawning pane terminal event="pane.spawn.start" subsystem="pane" outcome="started" pane_id=321 rows=44 cols=112 scrollback_limit_bytes=10000000
2026-07-29T17:25:39.618031Z  INFO herdr::logging: pane child spawned event="pane.spawned" subsystem="pane" outcome="ok" pane_id=321 pid=1352001
2026-07-29T17:25:39.618178Z  INFO herdr::logging: workspace created event="workspace.create" subsystem="workspace" outcome="ok" workspace_id="wA7" pane_id=321
2026-07-29T17:25:39.618188Z  INFO herdr::logging: workspace focused event="workspace.focus" subsystem="workspace" outcome="ok" workspace_id="wA7"
2026-07-29T17:25:39.618249Z  INFO herdr::logging: tab focused event="tab.focus" subsystem="tab" outcome="ok" workspace_id="wA7" tab_id="wA7:t1"
2026-07-29T17:25:39.652957Z  INFO herdr::logging: pane child exited event="pane.exit" subsystem="pane" outcome="completed" pane_id=321 status="ExitStatus { code: 1, signal: None }"
2026-07-29T17:25:39.658054Z  INFO herdr::pane: pane session terminated pane=321 pid=1352001 signal=Hangup
2026-07-29T17:25:39.658260Z  INFO herdr::logging: spawning pane terminal event="pane.spawn.start" subsystem="pane" outcome="started" pane_id=322 rows=44 cols=112 scrollback_limit_bytes=10000000
2026-07-29T17:25:39.659765Z  INFO herdr::logging: pane child spawned event="pane.spawned" subsystem="pane" outcome="ok" pane_id=322 pid=1352010
2026-07-29T17:25:39.659917Z  INFO herdr::logging: workspace created event="workspace.create" subsystem="workspace" outcome="ok" workspace_id="wA8" pane_id=322
2026-07-29T17:25:39.659928Z  INFO herdr::logging: workspace focused event="workspace.focus" subsystem="workspace" outcome="ok" workspace_id="wA8"
2026-07-29T17:25:39.660011Z  INFO herdr::logging: tab focused event="tab.focus" subsystem="tab" outcome="ok" workspace_id="wA8" tab_id="wA8:t1"
2026-07-29T17:25:39.695887Z  INFO herdr::logging: pane child exited event="pane.exit" subsystem="pane" outcome="completed" pane_id=322 status="ExitStatus { code: 1, signal: None }"
2026-07-29T17:25:39.700982Z  INFO herdr::pane: pane session terminated pane=322 pid=1352010 signal=Hangup
2026-07-29T17:25:39.701192Z  INFO herdr::logging: spawning pane terminal event="pane.spawn.start" subsystem="pane" outcome="started" pane_id=323 rows=44 cols=112 scrollback_limit_bytes=10000000
2026-07-29T17:25:39.702468Z  INFO herdr::logging: pane child spawned event="pane.spawned" subsystem="pane" outcome="ok" pane_id=323 pid=1352017
2026-07-29T17:25:39.702632Z  INFO herdr::logging: workspace created event="workspace.create" subsystem="workspace" outcome="ok" workspace_id="wA9" pane_id=323
2026-07-29T17:25:39.702642Z  INFO herdr::logging: workspace focused event="workspace.focus" subsystem="workspace" outcome="ok" workspace_id="wA9"
2026-07-29T17:25:39.702716Z  INFO herdr::logging: tab focused event="tab.focus" subsystem="tab" outcome="ok" workspace_id="wA9" tab_id="wA9:t1"
2026-07-29T17:25:39.737420Z  INFO herdr::logging: pane child exited event="pane.exit" subsystem="pane" outcome="completed" pane_id=323 status="ExitStatus { code: 1, signal: None }"
2026-07-29T17:25:39.742636Z  INFO herdr::pane: pane session terminated pane=323 pid=1352017 signal=Hangup
2026-07-29T17:25:39.742802Z  INFO herdr::logging: spawning pane terminal event="pane.spawn.start" subsystem="pane" outcome="started" pane_id=324 rows=44 cols=112 scrollback_limit_bytes=10000000
2026-07-29T17:25:39.744149Z  INFO herdr::logging: pane child spawned event="pane.spawned" subsystem="pane" outcome="ok" pane_id=324 pid=1352024
2026-07-29T17:25:39.744274Z  INFO herdr::logging: workspace created event="workspace.create" subsystem="workspace" outcome="ok" workspace_id="wAA" pane_id=324
2026-07-29T17:25:39.744286Z  INFO herdr::logging: workspace focused event="workspace.focus" subsystem="workspace" outcome="ok" workspace_id="wAA"
2026-07-29T17:25:39.744347Z  INFO herdr::logging: tab focused event="tab.focus" subsystem="tab" outcome="ok" workspace_id="wAA" tab_id="wAA:t1"
2026-07-29T17:25:39.778760Z  INFO herdr::logging: pane child exited event="pane.exit" subsystem="pane" outcome="completed" pane_id=324 status="ExitStatus { code: 1, signal: None }"
2026-07-29T17:25:39.783744Z  INFO herdr::pane: pane session terminated pane=324 pid=1352024 signal=Hangup
2026-07-29T17:25:39.783867Z  INFO herdr::logging: spawning pane terminal event="pane.spawn.start" subsystem="pane" outcome="started" pane_id=325 rows=44 cols=112 scrollback_limit_bytes=10000000
2026-07-29T17:25:39.785172Z  INFO herdr::logging: pane child spawned event="pane.spawned" subsystem="pane" outcome="ok" pane_id=325 pid=1352031
2026-07-29T17:25:39.785328Z  INFO herdr::logging: workspace created event="workspace.create" subsystem="workspace" outcome="ok" workspace_id="wAB" pane_id=325
2026-07-29T17:25:39.785338Z  INFO herdr::logging: workspace focused event="workspace.focus" subsystem="workspace" outcome="ok" workspace_id="wAB"
2026-07-29T17:25:39.785399Z  INFO herdr::logging: tab focused event="tab.focus" subsystem="tab" outcome="ok" workspace_id="wAB" tab_id="wAB:t1"
2026-07-29T17:25:39.820673Z  INFO herdr::logging: pane child exited event="pane.exit" subsystem="pane" outcome="completed" pane_id=325 status="ExitStatus { code: 1, signal: None }"
2026-07-29T17:25:39.825692Z  INFO herdr::pane: pane session terminated pane=325 pid=1352031 signal=Hangup
2026-07-29T17:25:39.825904Z  INFO herdr::logging: spawning pane terminal event="pane.spawn.start" subsystem="pane" outcome="started" pane_id=326 rows=44 cols=112 scrollback_limit_bytes=10000000
2026-07-29T17:25:39.827186Z  INFO herdr::logging: pane child spawned event="pane.spawned" subsystem="pane" outcome="ok" pane_id=326 pid=1352038
2026-07-29T17:25:39.827365Z  INFO herdr::logging: workspace created event="workspace.create" subsystem="workspace" outcome="ok" workspace_id="wAC" pane_id=326
2026-07-29T17:25:39.827375Z  INFO herdr::logging: workspace focused event="workspace.focus" subsystem="workspace" outcome="ok" workspace_id="wAC"
2026-07-29T17:25:39.827440Z  INFO herdr::logging: tab focused event="tab.focus" subsystem="tab" outcome="ok" workspace_id="wAC" tab_id="wAC:t1"
2026-07-29T17:25:39.863193Z  INFO herdr::logging: pane child exited event="pane.exit" subsystem="pane" outcome="completed" pane_id=326 status="ExitStatus { code: 1, signal: None }"
2026-07-29T17:25:39.868250Z  INFO herdr::pane: pane session terminated pane=326 pid=1352038 signal=Hangup
2026-07-29T17:25:39.868502Z  INFO herdr::logging: spawning pane terminal event="pane.spawn.start" subsystem="pane" outcome="started" pane_id=327 rows=44 cols=112 scrollback_limit_bytes=10000000
2026-07-29T17:25:39.869860Z  INFO herdr::logging: pane child spawned event="pane.spawned" subsystem="pane" outcome="ok" pane_id=327 pid=1352045
2026-07-29T17:25:39.869992Z  INFO herdr::logging: workspace created event="workspace.create" subsystem="workspace" outcome="ok" workspace_id="wAD" pane_id=327
2026-07-29T17:25:39.870005Z  INFO herdr::logging: workspace focused event="workspace.focus" subsystem="workspace" outcome="ok" workspace_id="wAD"
2026-07-29T17:25:39.870081Z  INFO herdr::logging: tab focused event="tab.focus" subsystem="tab" outcome="ok" workspace_id="wAD" tab_id="wAD:t1"
2026-07-29T17:25:39.904633Z  INFO herdr::logging: pane child exited event="pane.exit" subsystem="pane" outcome="completed" pane_id=327 status="ExitStatus { code: 1, signal: None }"
2026-07-29T17:25:39.909582Z  INFO herdr::pane: pane session terminated pane=327 pid=1352045 signal=Hangup
2026-07-29T17:25:39.909819Z  INFO herdr::logging: spawning pane terminal event="pane.spawn.start" subsystem="pane" outcome="started" pane_id=328 rows=44 cols=112 scrollback_limit_bytes=10000000
2026-07-29T17:25:39.911131Z  INFO herdr::logging: pane child spawned event="pane.spawned" subsystem="pane" outcome="ok" pane_id=328 pid=1352052
2026-07-29T17:25:39.911309Z  INFO herdr::logging: workspace created event="workspace.create" subsystem="workspace" outcome="ok" workspace_id="wAE" pane_id=328
2026-07-29T17:25:39.911322Z  INFO herdr::logging: workspace focused event="workspace.focus" subsystem="workspace" outcome="ok" workspace_id="wAE"
2026-07-29T17:25:39.911383Z  INFO herdr::logging: tab focused event="tab.focus" subsystem="tab" outcome="ok" workspace_id="wAE" tab_id="wAE:t1"
2026-07-29T17:25:39.946682Z  INFO herdr::logging: pane child exited event="pane.exit" subsystem="pane" outcome="completed" pane_id=328 status="ExitStatus { code: 1, signal: None }"
2026-07-29T17:25:39.951517Z  INFO herdr::pane: pane session terminated pane=328 pid=1352052 signal=Hangup
2026-07-29T17:25:39.951725Z  INFO herdr::logging: spawning pane terminal event="pane.spawn.start" subsystem="pane" outcome="started" pane_id=329 rows=44 cols=112 scrollback_limit_bytes=10000000
2026-07-29T17:25:39.952987Z  INFO herdr::logging: pane child spawned event="pane.spawned" subsystem="pane" outcome="ok" pane_id=329 pid=1352059
2026-07-29T17:25:39.953116Z  INFO herdr::logging: workspace created event="workspace.create" subsystem="workspace" outcome="ok" workspace_id="wAF" pane_id=329
2026-07-29T17:25:39.953126Z  INFO herdr::logging: workspace focused event="workspace.focus" subsystem="workspace" outcome="ok" workspace_id="wAF"
2026-07-29T17:25:39.953182Z  INFO herdr::logging: tab focused event="tab.focus" subsystem="tab" outcome="ok" workspace_id="wAF" tab_id="wAF:t1"
2026-07-29T17:25:39.987919Z  INFO herdr::logging: pane child exited event="pane.exit" subsystem="pane" outcome="completed" pane_id=329 status="ExitStatus { code: 1, signal: None }"
2026-07-29T17:25:39.992701Z  INFO herdr::pane: pane session terminated pane=329 pid=1352059 signal=Hangup
2026-07-29T17:25:39.992925Z  INFO herdr::logging: spawning pane terminal event="pane.spawn.start" subsystem="pane" outcome="started" pane_id=330 rows=44 cols=112 scrollback_limit_bytes=10000000
2026-07-29T17:25:39.994274Z  INFO herdr::logging: pane child spawned event="pane.spawned" subsystem="pane" outcome="ok" pane_id=330 pid=1352066
2026-07-29T17:25:39.994466Z  INFO herdr::logging: workspace created event="workspace.create" subsystem="workspace" outcome="ok" workspace_id="wAG" pane_id=330
2026-07-29T17:25:39.994485Z  INFO herdr::logging: workspace focused event="workspace.focus" subsystem="workspace" outcome="ok" workspace_id="wAG"
2026-07-29T17:25:39.994549Z  INFO herdr::logging: tab focused event="tab.focus" subsystem="tab" outcome="ok" workspace_id="wAG" tab_id="wAG:t1"
2026-07-29T17:25:40.031613Z  INFO herdr::logging: pane child exited event="pane.exit" subsystem="pane" outcome="completed" pane_id=330 status="ExitStatus { code: 1, signal: None }"
2026-07-29T17:25:40.031733Z  INFO herdr::pane: pane session terminated pane=330 pid=1352066 signal=Hangup
2026-07-29T17:25:40.031945Z  INFO herdr::logging: spawning pane terminal event="pane.spawn.start" subsystem="pane" outcome="started" pane_id=331 rows=44 cols=112 scrollback_limit_bytes=10000000
2026-07-29T17:25:40.033212Z  INFO herdr::logging: pane child spawned event="pane.spawned" subsystem="pane" outcome="ok" pane_id=331 pid=1352073
2026-07-29T17:25:40.033368Z  INFO herdr::logging: workspace created event="workspace.create" subsystem="workspace" outcome="ok" workspace_id="wAH" pane_id=331
2026-07-29T17:25:40.033378Z  INFO herdr::logging: workspace focused event="workspace.focus" subsystem="workspace" outcome="ok" workspace_id="wAH"
2026-07-29T17:25:40.033437Z  INFO herdr::logging: tab focused event="tab.focus" subsystem="tab" outcome="ok" workspace_id="wAH" tab_id="wAH:t1"
2026-07-29T17:25:40.068902Z  INFO herdr::logging: pane child exited event="pane.exit" subsystem="pane" outcome="completed" pane_id=331 status="ExitStatus { code: 1, signal: None }"
2026-07-29T17:25:40.073959Z  INFO herdr::pane: pane session terminated pane=331 pid=1352073 signal=Hangup
2026-07-29T17:25:40.074161Z  INFO herdr::logging: spawning pane terminal event="pane.spawn.start" subsystem="pane" outcome="started" pane_id=332 rows=44 cols=112 scrollback_limit_bytes=10000000
2026-07-29T17:25:40.075410Z  INFO herdr::logging: pane child spawned event="pane.spawned" subsystem="pane" outcome="ok" pane_id=332 pid=1352080
2026-07-29T17:25:40.075588Z  INFO herdr::logging: workspace created event="workspace.create" subsystem="workspace" outcome="ok" workspace_id="wAJ" pane_id=332
2026-07-29T17:25:40.075599Z  INFO herdr::logging: workspace focused event="workspace.focus" subsystem="workspace" outcome="ok" workspace_id="wAJ"
2026-07-29T17:25:40.075657Z  INFO herdr::logging: tab focused event="tab.focus" subsystem="tab" outcome="ok" workspace_id="wAJ" tab_id="wAJ:t1"
2026-07-29T17:25:40.113499Z  INFO herdr::logging: pane child exited event="pane.exit" subsystem="pane" outcome="completed" pane_id=332 status="ExitStatus { code: 1, signal: None }"
2026-07-29T17:25:40.118735Z  INFO herdr::pane: pane session terminated pane=332 pid=1352080 signal=Hangup
2026-07-29T17:25:40.118942Z  INFO herdr::logging: spawning pane terminal event="pane.spawn.start" subsystem="pane" outcome="started" pane_id=333 rows=44 cols=112 scrollback_limit_bytes=10000000
2026-07-29T17:25:40.120235Z  INFO herdr::logging: pane child spawned event="pane.spawned" subsystem="pane" outcome="ok" pane_id=333 pid=1352087
2026-07-29T17:25:40.120407Z  INFO herdr::logging: workspace created event="workspace.create" subsystem="workspace" outcome="ok" workspace_id="wAK" pane_id=333
2026-07-29T17:25:40.120418Z  INFO herdr::logging: workspace focused event="workspace.focus" subsystem="workspace" outcome="ok" workspace_id="wAK"
2026-07-29T17:25:40.120478Z  INFO herdr::logging: tab focused event="tab.focus" subsystem="tab" outcome="ok" workspace_id="wAK" tab_id="wAK:t1"
2026-07-29T17:25:40.155283Z  INFO herdr::logging: pane child exited event="pane.exit" subsystem="pane" outcome="completed" pane_id=333 status="ExitStatus { code: 1, signal: None }"
2026-07-29T17:25:40.160334Z  INFO herdr::pane: pane session terminated pane=333 pid=1352087 signal=Hangup
2026-07-29T17:25:40.160619Z  INFO herdr::logging: spawning pane terminal event="pane.spawn.start" subsystem="pane" outcome="started" pane_id=334 rows=44 cols=112 scrollback_limit_bytes=10000000
2026-07-29T17:25:40.162122Z  INFO herdr::logging: pane child spawned event="pane.spawned" subsystem="pane" outcome="ok" pane_id=334 pid=1352094
2026-07-29T17:25:40.162288Z  INFO herdr::logging: workspace created event="workspace.create" subsystem="workspace" outcome="ok" workspace_id="wAM" pane_id=334
2026-07-29T17:25:40.162298Z  INFO herdr::logging: workspace focused event="workspace.focus" subsystem="workspace" outcome="ok" workspace_id="wAM"
2026-07-29T17:25:40.162356Z  INFO herdr::logging: tab focused event="tab.focus" subsystem="tab" outcome="ok" workspace_id="wAM" tab_id="wAM:t1"
2026-07-29T17:25:40.205163Z  INFO herdr::logging: pane child exited event="pane.exit" subsystem="pane" outcome="completed" pane_id=334 status="ExitStatus { code: 1, signal: None }"
2026-07-29T17:25:40.205428Z  INFO herdr::pane: pane session terminated pane=334 pid=1352094 signal=Hangup
2026-07-29T17:25:40.205609Z  INFO herdr::logging: spawning pane terminal event="pane.spawn.start" subsystem="pane" outcome="started" pane_id=335 rows=44 cols=112 scrollback_limit_bytes=10000000
2026-07-29T17:25:40.207610Z  INFO herdr::logging: pane child spawned event="pane.spawned" subsystem="pane" outcome="ok" pane_id=335 pid=1352212
2026-07-29T17:25:40.207832Z  INFO herdr::logging: workspace created event="workspace.create" subsystem="workspace" outcome="ok" workspace_id="wAN" pane_id=335
2026-07-29T17:25:40.207847Z  INFO herdr::logging: workspace focused event="workspace.focus" subsystem="workspace" outcome="ok" workspace_id="wAN"
2026-07-29T17:25:40.207935Z  INFO herdr::logging: tab focused event="tab.focus" subsystem="tab" outcome="ok" workspace_id="wAN" tab_id="wAN:t1"
2026-07-29T17:25:40.251636Z  INFO herdr::logging: pane child exited event="pane.exit" subsystem="pane" outcome="completed" pane_id=335 status="ExitStatus { code: 1, signal: None }"
2026-07-29T17:25:40.251785Z  INFO herdr::pane: pane session terminated pane=335 pid=1352212 signal=Hangup
2026-07-29T17:25:40.252032Z  INFO herdr::logging: spawning pane terminal event="pane.spawn.start" subsystem="pane" outcome="started" pane_id=336 rows=44 cols=112 scrollback_limit_bytes=10000000
2026-07-29T17:25:40.253529Z  INFO herdr::logging: pane child spawned event="pane.spawned" subsystem="pane" outcome="ok" pane_id=336 pid=1352230
2026-07-29T17:25:40.253763Z  INFO herdr::logging: workspace created event="workspace.create" subsystem="workspace" outcome="ok" workspace_id="wAP" pane_id=336
2026-07-29T17:25:40.253777Z  INFO herdr::logging: workspace focused event="workspace.focus" subsystem="workspace" outcome="ok" workspace_id="wAP"
2026-07-29T17:25:40.253859Z  INFO herdr::logging: tab focused event="tab.focus" subsystem="tab" outcome="ok" workspace_id="wAP" tab_id="wAP:t1"
2026-07-29T17:25:40.304743Z  INFO herdr::logging: pane child exited event="pane.exit" subsystem="pane" outcome="completed" pane_id=336 status="ExitStatus { code: 1, signal: None }"
2026-07-29T17:25:40.313075Z  INFO herdr::pane: pane session terminated pane=336 pid=1352230 signal=Hangup
2026-07-29T17:25:40.313445Z  INFO herdr::logging: spawning pane terminal event="pane.spawn.start" subsystem="pane" outcome="started" pane_id=337 rows=44 cols=112 scrollback_limit_bytes=10000000
2026-07-29T17:25:40.315742Z  INFO herdr::logging: pane child spawned event="pane.spawned" subsystem="pane" outcome="ok" pane_id=337 pid=1352237
2026-07-29T17:25:40.316057Z  INFO herdr::logging: workspace created event="workspace.create" subsystem="workspace" outcome="ok" workspace_id="wAQ" pane_id=337
2026-07-29T17:25:40.316074Z  INFO herdr::logging: workspace focused event="workspace.focus" subsystem="workspace" outcome="ok" workspace_id="wAQ"
2026-07-29T17:25:40.316162Z  INFO herdr::logging: tab focused event="tab.focus" subsystem="tab" outcome="ok" workspace_id="wAQ" tab_id="wAQ:t1"
2026-07-29T17:25:40.366231Z  INFO herdr::logging: pane child exited event="pane.exit" subsystem="pane" outcome="completed" pane_id=337 status="ExitStatus { code: 1, signal: None }"
2026-07-29T17:25:40.371415Z  INFO herdr::pane: pane session terminated pane=337 pid=1352237 signal=Hangup
2026-07-29T17:25:40.371628Z  INFO herdr::logging: spawning pane terminal event="pane.spawn.start" subsystem="pane" outcome="started" pane_id=338 rows=44 cols=112 scrollback_limit_bytes=10000000
2026-07-29T17:25:40.372879Z  INFO herdr::logging: pane child spawned event="pane.spawned" subsystem="pane" outcome="ok" pane_id=338 pid=1352274
2026-07-29T17:25:40.373049Z  INFO herdr::logging: workspace created event="workspace.create" subsystem="workspace" outcome="ok" workspace_id="wAR" pane_id=338
2026-07-29T17:25:40.373060Z  INFO herdr::logging: workspace focused event="workspace.focus" subsystem="workspace" outcome="ok" workspace_id="wAR"
2026-07-29T17:25:40.373116Z  INFO herdr::logging: tab focused event="tab.focus" subsystem="tab" outcome="ok" workspace_id="wAR" tab_id="wAR:t1"
2026-07-29T17:25:40.410718Z  INFO herdr::logging: pane child exited event="pane.exit" subsystem="pane" outcome="completed" pane_id=338 status="ExitStatus { code: 1, signal: None }"
2026-07-29T17:25:40.415596Z  INFO herdr::pane: pane session terminated pane=338 pid=1352274 signal=Hangup
2026-07-29T17:25:40.415808Z  INFO herdr::logging: spawning pane terminal event="pane.spawn.start" subsystem="pane" outcome="started" pane_id=339 rows=44 cols=112 scrollback_limit_bytes=10000000
2026-07-29T17:25:40.417246Z  INFO herdr::logging: pane child spawned event="pane.spawned" subsystem="pane" outcome="ok" pane_id=339 pid=1352282
2026-07-29T17:25:40.417391Z  INFO herdr::logging: workspace created event="workspace.create" subsystem="workspace" outcome="ok" workspace_id="wAS" pane_id=339
2026-07-29T17:25:40.417401Z  INFO herdr::logging: workspace focused event="workspace.focus" subsystem="workspace" outcome="ok" workspace_id="wAS"
2026-07-29T17:25:40.417456Z  INFO herdr::logging: tab focused event="tab.focus" subsystem="tab" outcome="ok" workspace_id="wAS" tab_id="wAS:t1"
2026-07-29T17:25:40.454190Z  INFO herdr::logging: pane child exited event="pane.exit" subsystem="pane" outcome="completed" pane_id=339 status="ExitStatus { code: 1, signal: None }"
2026-07-29T17:25:40.459301Z  INFO herdr::pane: pane session terminated pane=339 pid=1352282 signal=Hangup
2026-07-29T17:25:40.459525Z  INFO herdr::logging: spawning pane terminal event="pane.spawn.start" subsystem="pane" outcome="started" pane_id=340 rows=44 cols=112 scrollback_limit_bytes=10000000
2026-07-29T17:25:40.460837Z  INFO herdr::logging: pane child spawned event="pane.spawned" subsystem="pane" outcome="ok" pane_id=340 pid=1352289
2026-07-29T17:25:40.461012Z  INFO herdr::logging: workspace created event="workspace.create" subsystem="workspace" outcome="ok" workspace_id="wAT" pane_id=340
2026-07-29T17:25:40.461023Z  INFO herdr::logging: workspace focused event="workspace.focus" subsystem="workspace" outcome="ok" workspace_id="wAT"
2026-07-29T17:25:40.461097Z  INFO herdr::logging: tab focused event="tab.focus" subsystem="tab" outcome="ok" workspace_id="wAT" tab_id="wAT:t1"
2026-07-29T17:25:40.496889Z  INFO herdr::logging: pane child exited event="pane.exit" subsystem="pane" outcome="completed" pane_id=340 status="ExitStatus { code: 1, signal: None }"
2026-07-29T17:25:40.497082Z  INFO herdr::pane: pane session terminated pane=340 pid=1352289 signal=Hangup
2026-07-29T17:25:40.497215Z  INFO herdr::logging: spawning pane terminal event="pane.spawn.start" subsystem="pane" outcome="started" pane_id=341 rows=44 cols=112 scrollback_limit_bytes=10000000
2026-07-29T17:25:40.498385Z  INFO herdr::logging: pane child spawned event="pane.spawned" subsystem="pane" outcome="ok" pane_id=341 pid=1352296
2026-07-29T17:25:40.498498Z  INFO herdr::logging: workspace created event="workspace.create" subsystem="workspace" outcome="ok" workspace_id="wAV" pane_id=341
2026-07-29T17:25:40.498507Z  INFO herdr::logging: workspace focused event="workspace.focus" subsystem="workspace" outcome="ok" workspace_id="wAV"
2026-07-29T17:25:40.498563Z  INFO herdr::logging: tab focused event="tab.focus" subsystem="tab" outcome="ok" workspace_id="wAV" tab_id="wAV:t1"
2026-07-29T17:25:40.533296Z  INFO herdr::logging: pane child exited event="pane.exit" subsystem="pane" outcome="completed" pane_id=341 status="ExitStatus { code: 1, signal: None }"
2026-07-29T17:25:40.538510Z  INFO herdr::pane: pane session terminated pane=341 pid=1352296 signal=Hangup
2026-07-29T17:25:40.538732Z  INFO herdr::logging: spawning pane terminal event="pane.spawn.start" subsystem="pane" outcome="started" pane_id=342 rows=44 cols=112 scrollback_limit_bytes=10000000
2026-07-29T17:25:40.539998Z  INFO herdr::logging: pane child spawned event="pane.spawned" subsystem="pane" outcome="ok" pane_id=342 pid=1352303
2026-07-29T17:25:40.540147Z  INFO herdr::logging: workspace created event="workspace.create" subsystem="workspace" outcome="ok" workspace_id="wAW" pane_id=342
2026-07-29T17:25:40.540156Z  INFO herdr::logging: workspace focused event="workspace.focus" subsystem="workspace" outcome="ok" workspace_id="wAW"
2026-07-29T17:25:40.540219Z  INFO herdr::logging: tab focused event="tab.focus" subsystem="tab" outcome="ok" workspace_id="wAW" tab_id="wAW:t1"
2026-07-29T17:25:40.574925Z  INFO herdr::logging: pane child exited event="pane.exit" subsystem="pane" outcome="completed" pane_id=342 status="ExitStatus { code: 1, signal: None }"
2026-07-29T17:25:40.579845Z  INFO herdr::pane: pane session terminated pane=342 pid=1352303 signal=Hangup
2026-07-29T17:25:40.580180Z  INFO herdr::logging: spawning pane terminal event="pane.spawn.start" subsystem="pane" outcome="started" pane_id=343 rows=44 cols=112 scrollback_limit_bytes=10000000
2026-07-29T17:25:40.581388Z  INFO herdr::logging: pane child spawned event="pane.spawned" subsystem="pane" outcome="ok" pane_id=343 pid=1352320
2026-07-29T17:25:40.581520Z  INFO herdr::logging: workspace created event="workspace.create" subsystem="workspace" outcome="ok" workspace_id="wAX" pane_id=343
2026-07-29T17:25:40.581530Z  INFO herdr::logging: workspace focused event="workspace.focus" subsystem="workspace" outcome="ok" workspace_id="wAX"
2026-07-29T17:25:40.581590Z  INFO herdr::logging: tab focused event="tab.focus" subsystem="tab" outcome="ok" workspace_id="wAX" tab_id="wAX:t1"
2026-07-29T17:25:40.617807Z  INFO herdr::logging: pane child exited event="pane.exit" subsystem="pane" outcome="completed" pane_id=343 status="ExitStatus { code: 1, signal: None }"
2026-07-29T17:25:40.617938Z  INFO herdr::pane: pane session terminated pane=343 pid=1352320 signal=Hangup
2026-07-29T17:25:40.618177Z  INFO herdr::logging: spawning pane terminal event="pane.spawn.start" subsystem="pane" outcome="started" pane_id=344 rows=44 cols=112 scrollback_limit_bytes=10000000
2026-07-29T17:25:40.619528Z  INFO herdr::logging: pane child spawned event="pane.spawned" subsystem="pane" outcome="ok" pane_id=344 pid=1352333
2026-07-29T17:25:40.619719Z  INFO herdr::logging: workspace created event="workspace.create" subsystem="workspace" outcome="ok" workspace_id="wAY" pane_id=344
2026-07-29T17:25:40.619729Z  INFO herdr::logging: workspace focused event="workspace.focus" subsystem="workspace" outcome="ok" workspace_id="wAY"
2026-07-29T17:25:40.619785Z  INFO herdr::logging: tab focused event="tab.focus" subsystem="tab" outcome="ok" workspace_id="wAY" tab_id="wAY:t1"
2026-07-29T17:25:40.653931Z  INFO herdr::logging: pane child exited event="pane.exit" subsystem="pane" outcome="completed" pane_id=344 status="ExitStatus { code: 1, signal: None }"
2026-07-29T17:25:40.659025Z  INFO herdr::pane: pane session terminated pane=344 pid=1352333 signal=Hangup
2026-07-29T17:25:40.659356Z  INFO herdr::logging: spawning pane terminal event="pane.spawn.start" subsystem="pane" outcome="started" pane_id=345 rows=44 cols=112 scrollback_limit_bytes=10000000
2026-07-29T17:25:40.660577Z  INFO herdr::logging: pane child spawned event="pane.spawned" subsystem="pane" outcome="ok" pane_id=345 pid=1352340
2026-07-29T17:25:40.660738Z  INFO herdr::logging: workspace created event="workspace.create" subsystem="workspace" outcome="ok" workspace_id="wAZ" pane_id=345
2026-07-29T17:25:40.660749Z  INFO herdr::logging: workspace focused event="workspace.focus" subsystem="workspace" outcome="ok" workspace_id="wAZ"
2026-07-29T17:25:40.660817Z  INFO herdr::logging: tab focused event="tab.focus" subsystem="tab" outcome="ok" workspace_id="wAZ" tab_id="wAZ:t1"
2026-07-29T17:25:40.696589Z  INFO herdr::logging: pane child exited event="pane.exit" subsystem="pane" outcome="completed" pane_id=345 status="ExitStatus { code: 1, signal: None }"
2026-07-29T17:25:40.697105Z  INFO herdr::pane: pane session terminated pane=345 pid=1352340 signal=Hangup
2026-07-29T17:25:40.697352Z  INFO herdr::logging: spawning pane terminal event="pane.spawn.start" subsystem="pane" outcome="started" pane_id=346 rows=44 cols=112 scrollback_limit_bytes=10000000
2026-07-29T17:25:40.698750Z  INFO herdr::logging: pane child spawned event="pane.spawned" subsystem="pane" outcome="ok" pane_id=346 pid=1352347
2026-07-29T17:25:40.698915Z  INFO herdr::logging: workspace created event="workspace.create" subsystem="workspace" outcome="ok" workspace_id="wA0" pane_id=346
2026-07-29T17:25:40.698925Z  INFO herdr::logging: workspace focused event="workspace.focus" subsystem="workspace" outcome="ok" workspace_id="wA0"
2026-07-29T17:25:40.698982Z  INFO herdr::logging: tab focused event="tab.focus" subsystem="tab" outcome="ok" workspace_id="wA0" tab_id="wA0:t1"
2026-07-29T17:25:40.734938Z  INFO herdr::logging: pane child exited event="pane.exit" subsystem="pane" outcome="completed" pane_id=346 status="ExitStatus { code: 1, signal: None }"
2026-07-29T17:25:40.739959Z  INFO herdr::pane: pane session terminated pane=346 pid=1352347 signal=Hangup
2026-07-29T17:25:40.740169Z  INFO herdr::logging: spawning pane terminal event="pane.spawn.start" subsystem="pane" outcome="started" pane_id=347 rows=44 cols=112 scrollback_limit_bytes=10000000
2026-07-29T17:25:40.741422Z  INFO herdr::logging: pane child spawned event="pane.spawned" subsystem="pane" outcome="ok" pane_id=347 pid=1352354
2026-07-29T17:25:40.741571Z  INFO herdr::logging: workspace created event="workspace.create" subsystem="workspace" outcome="ok" workspace_id="wB1" pane_id=347
2026-07-29T17:25:40.741582Z  INFO herdr::logging: workspace focused event="workspace.focus" subsystem="workspace" outcome="ok" workspace_id="wB1"
2026-07-29T17:25:40.741643Z  INFO herdr::logging: tab focused event="tab.focus" subsystem="tab" outcome="ok" workspace_id="wB1" tab_id="wB1:t1"
2026-07-29T17:25:40.776624Z  INFO herdr::logging: pane child exited event="pane.exit" subsystem="pane" outcome="completed" pane_id=347 status="ExitStatus { code: 1, signal: None }"
2026-07-29T17:25:40.781594Z  INFO herdr::pane: pane session terminated pane=347 pid=1352354 signal=Hangup
2026-07-29T17:25:40.781835Z  INFO herdr::logging: spawning pane terminal event="pane.spawn.start" subsystem="pane" outcome="started" pane_id=348 rows=44 cols=112 scrollback_limit_bytes=10000000
2026-07-29T17:25:40.783118Z  INFO herdr::logging: pane child spawned event="pane.spawned" subsystem="pane" outcome="ok" pane_id=348 pid=1352361
2026-07-29T17:25:40.783308Z  INFO herdr::logging: workspace created event="workspace.create" subsystem="workspace" outcome="ok" workspace_id="wB2" pane_id=348
2026-07-29T17:25:40.783318Z  INFO herdr::logging: workspace focused event="workspace.focus" subsystem="workspace" outcome="ok" workspace_id="wB2"
2026-07-29T17:25:40.783373Z  INFO herdr::logging: tab focused event="tab.focus" subsystem="tab" outcome="ok" workspace_id="wB2" tab_id="wB2:t1"
2026-07-29T17:25:40.819218Z  INFO herdr::logging: pane child exited event="pane.exit" subsystem="pane" outcome="completed" pane_id=348 status="ExitStatus { code: 1, signal: None }"
2026-07-29T17:25:40.824197Z  INFO herdr::pane: pane session terminated pane=348 pid=1352361 signal=Hangup
2026-07-29T17:25:40.824400Z  INFO herdr::logging: spawning pane terminal event="pane.spawn.start" subsystem="pane" outcome="started" pane_id=349 rows=44 cols=112 scrollback_limit_bytes=10000000
2026-07-29T17:25:40.825633Z  INFO herdr::logging: pane child spawned event="pane.spawned" subsystem="pane" outcome="ok" pane_id=349 pid=1352368
2026-07-29T17:25:40.825833Z  INFO herdr::logging: workspace created event="workspace.create" subsystem="workspace" outcome="ok" workspace_id="wB3" pane_id=349
2026-07-29T17:25:40.825848Z  INFO herdr::logging: workspace focused event="workspace.focus" subsystem="workspace" outcome="ok" workspace_id="wB3"
2026-07-29T17:25:40.825917Z  INFO herdr::logging: tab focused event="tab.focus" subsystem="tab" outcome="ok" workspace_id="wB3" tab_id="wB3:t1"
2026-07-29T17:25:40.861215Z  INFO herdr::logging: pane child exited event="pane.exit" subsystem="pane" outcome="completed" pane_id=349 status="ExitStatus { code: 1, signal: None }"
2026-07-29T17:25:40.861323Z  INFO herdr::pane: pane session terminated pane=349 pid=1352368 signal=Hangup
2026-07-29T17:25:40.861535Z  INFO herdr::logging: spawning pane terminal event="pane.spawn.start" subsystem="pane" outcome="started" pane_id=350 rows=44 cols=112 scrollback_limit_bytes=10000000
2026-07-29T17:25:40.862759Z  INFO herdr::logging: pane child spawned event="pane.spawned" subsystem="pane" outcome="ok" pane_id=350 pid=1352375
2026-07-29T17:25:40.862912Z  INFO herdr::logging: workspace created event="workspace.create" subsystem="workspace" outcome="ok" workspace_id="wB4" pane_id=350
2026-07-29T17:25:40.862921Z  INFO herdr::logging: workspace focused event="workspace.focus" subsystem="workspace" outcome="ok" workspace_id="wB4"
2026-07-29T17:25:40.862982Z  INFO herdr::logging: tab focused event="tab.focus" subsystem="tab" outcome="ok" workspace_id="wB4" tab_id="wB4:t1"
2026-07-29T17:25:40.897756Z  INFO herdr::logging: pane child exited event="pane.exit" subsystem="pane" outcome="completed" pane_id=350 status="ExitStatus { code: 1, signal: None }"
2026-07-29T17:25:40.902858Z  INFO herdr::pane: pane session terminated pane=350 pid=1352375 signal=Hangup
2026-07-29T17:25:40.903063Z  INFO herdr::logging: spawning pane terminal event="pane.spawn.start" subsystem="pane" outcome="started" pane_id=351 rows=44 cols=112 scrollback_limit_bytes=10000000
2026-07-29T17:25:40.904337Z  INFO herdr::logging: pane child spawned event="pane.spawned" subsystem="pane" outcome="ok" pane_id=351 pid=1352382
2026-07-29T17:25:40.904517Z  INFO herdr::logging: workspace created event="workspace.create" subsystem="workspace" outcome="ok" workspace_id="wB5" pane_id=351
2026-07-29T17:25:40.904528Z  INFO herdr::logging: workspace focused event="workspace.focus" subsystem="workspace" outcome="ok" workspace_id="wB5"
2026-07-29T17:25:40.904607Z  INFO herdr::logging: tab focused event="tab.focus" subsystem="tab" outcome="ok" workspace_id="wB5" tab_id="wB5:t1"
2026-07-29T17:25:40.941497Z  INFO herdr::logging: pane child exited event="pane.exit" subsystem="pane" outcome="completed" pane_id=351 status="ExitStatus { code: 1, signal: None }"
2026-07-29T17:25:40.941608Z  INFO herdr::pane: pane session terminated pane=351 pid=1352382 signal=Hangup
2026-07-29T17:25:40.941879Z  INFO herdr::logging: spawning pane terminal event="pane.spawn.start" subsystem="pane" outcome="started" pane_id=352 rows=44 cols=112 scrollback_limit_bytes=10000000
2026-07-29T17:25:40.943126Z  INFO herdr::logging: pane child spawned event="pane.spawned" subsystem="pane" outcome="ok" pane_id=352 pid=1352389
2026-07-29T17:25:40.943272Z  INFO herdr::logging: workspace created event="workspace.create" subsystem="workspace" outcome="ok" workspace_id="wB6" pane_id=352
2026-07-29T17:25:40.943282Z  INFO herdr::logging: workspace focused event="workspace.focus" subsystem="workspace" outcome="ok" workspace_id="wB6"
2026-07-29T17:25:40.943338Z  INFO herdr::logging: tab focused event="tab.focus" subsystem="tab" outcome="ok" workspace_id="wB6" tab_id="wB6:t1"
2026-07-29T17:25:40.980437Z  INFO herdr::logging: pane child exited event="pane.exit" subsystem="pane" outcome="completed" pane_id=352 status="ExitStatus { code: 1, signal: None }"
2026-07-29T17:25:40.985618Z  INFO herdr::pane: pane session terminated pane=352 pid=1352389 signal=Hangup
2026-07-29T17:25:40.985841Z  INFO herdr::logging: spawning pane terminal event="pane.spawn.start" subsystem="pane" outcome="started" pane_id=353 rows=44 cols=112 scrollback_limit_bytes=10000000
2026-07-29T17:25:40.987101Z  INFO herdr::logging: pane child spawned event="pane.spawned" subsystem="pane" outcome="ok" pane_id=353 pid=1352396
2026-07-29T17:25:40.987245Z  INFO herdr::logging: workspace created event="workspace.create" subsystem="workspace" outcome="ok" workspace_id="wB7" pane_id=353
2026-07-29T17:25:40.987254Z  INFO herdr::logging: workspace focused event="workspace.focus" subsystem="workspace" outcome="ok" workspace_id="wB7"
2026-07-29T17:25:40.987326Z  INFO herdr::logging: tab focused event="tab.focus" subsystem="tab" outcome="ok" workspace_id="wB7" tab_id="wB7:t1"
2026-07-29T17:25:41.022062Z  INFO herdr::logging: pane child exited event="pane.exit" subsystem="pane" outcome="completed" pane_id=353 status="ExitStatus { code: 1, signal: None }"
2026-07-29T17:25:41.027063Z  INFO herdr::pane: pane session terminated pane=353 pid=1352396 signal=Hangup
2026-07-29T17:25:41.027268Z  INFO herdr::logging: spawning pane terminal event="pane.spawn.start" subsystem="pane" outcome="started" pane_id=354 rows=44 cols=112 scrollback_limit_bytes=10000000
2026-07-29T17:25:41.028829Z  INFO herdr::logging: pane child spawned event="pane.spawned" subsystem="pane" outcome="ok" pane_id=354 pid=1352403
2026-07-29T17:25:41.028983Z  INFO herdr::logging: workspace created event="workspace.create" subsystem="workspace" outcome="ok" workspace_id="wB8" pane_id=354
2026-07-29T17:25:41.028994Z  INFO herdr::logging: workspace focused event="workspace.focus" subsystem="workspace" outcome="ok" workspace_id="wB8"
2026-07-29T17:25:41.029060Z  INFO herdr::logging: tab focused event="tab.focus" subsystem="tab" outcome="ok" workspace_id="wB8" tab_id="wB8:t1"
2026-07-29T17:25:41.066543Z  INFO herdr::logging: pane child exited event="pane.exit" subsystem="pane" outcome="completed" pane_id=354 status="ExitStatus { code: 1, signal: None }"
2026-07-29T17:25:41.072073Z  INFO herdr::pane: pane session terminated pane=354 pid=1352403 signal=Hangup
2026-07-29T17:25:41.072281Z  INFO herdr::logging: spawning pane terminal event="pane.spawn.start" subsystem="pane" outcome="started" pane_id=355 rows=44 cols=112 scrollback_limit_bytes=10000000
2026-07-29T17:25:41.073604Z  INFO herdr::logging: pane child spawned event="pane.spawned" subsystem="pane" outcome="ok" pane_id=355 pid=1352410
2026-07-29T17:25:41.073774Z  INFO herdr::logging: workspace created event="workspace.create" subsystem="workspace" outcome="ok" workspace_id="wB9" pane_id=355
2026-07-29T17:25:41.073784Z  INFO herdr::logging: workspace focused event="workspace.focus" subsystem="workspace" outcome="ok" workspace_id="wB9"
2026-07-29T17:25:41.073843Z  INFO herdr::logging: tab focused event="tab.focus" subsystem="tab" outcome="ok" workspace_id="wB9" tab_id="wB9:t1"
2026-07-29T17:25:41.108572Z  INFO herdr::logging: pane child exited event="pane.exit" subsystem="pane" outcome="completed" pane_id=355 status="ExitStatus { code: 1, signal: None }"
2026-07-29T17:25:41.114551Z  INFO herdr::pane: pane session terminated pane=355 pid=1352410 signal=Hangup
2026-07-29T17:25:41.114922Z  INFO herdr::logging: spawning pane terminal event="pane.spawn.start" subsystem="pane" outcome="started" pane_id=356 rows=44 cols=112 scrollback_limit_bytes=10000000
2026-07-29T17:25:41.116214Z  INFO herdr::logging: pane child spawned event="pane.spawned" subsystem="pane" outcome="ok" pane_id=356 pid=1352417
2026-07-29T17:25:41.116388Z  INFO herdr::logging: workspace created event="workspace.create" subsystem="workspace" outcome="ok" workspace_id="wBA" pane_id=356
2026-07-29T17:25:41.116400Z  INFO herdr::logging: workspace focused event="workspace.focus" subsystem="workspace" outcome="ok" workspace_id="wBA"
2026-07-29T17:25:41.116458Z  INFO herdr::logging: tab focused event="tab.focus" subsystem="tab" outcome="ok" workspace_id="wBA" tab_id="wBA:t1"
2026-07-29T17:25:41.152559Z  INFO herdr::logging: pane child exited event="pane.exit" subsystem="pane" outcome="completed" pane_id=356 status="ExitStatus { code: 1, signal: None }"
2026-07-29T17:25:41.157717Z  INFO herdr::pane: pane session terminated pane=356 pid=1352417 signal=Hangup
2026-07-29T17:25:41.157929Z  INFO herdr::logging: spawning pane terminal event="pane.spawn.start" subsystem="pane" outcome="started" pane_id=357 rows=44 cols=112 scrollback_limit_bytes=10000000
2026-07-29T17:25:41.159227Z  INFO herdr::logging: pane child spawned event="pane.spawned" subsystem="pane" outcome="ok" pane_id=357 pid=1352424
2026-07-29T17:25:41.159407Z  INFO herdr::logging: workspace created event="workspace.create" subsystem="workspace" outcome="ok" workspace_id="wBB" pane_id=357
2026-07-29T17:25:41.159417Z  INFO herdr::logging: workspace focused event="workspace.focus" subsystem="workspace" outcome="ok" workspace_id="wBB"
2026-07-29T17:25:41.159479Z  INFO herdr::logging: tab focused event="tab.focus" subsystem="tab" outcome="ok" workspace_id="wBB" tab_id="wBB:t1"
2026-07-29T17:25:41.196095Z  INFO herdr::logging: pane child exited event="pane.exit" subsystem="pane" outcome="completed" pane_id=357 status="ExitStatus { code: 1, signal: None }"
2026-07-29T17:25:41.196292Z  INFO herdr::pane: pane session terminated pane=357 pid=1352424 signal=Hangup
2026-07-29T17:25:41.196600Z  INFO herdr::logging: spawning pane terminal event="pane.spawn.start" subsystem="pane" outcome="started" pane_id=358 rows=44 cols=112 scrollback_limit_bytes=10000000
2026-07-29T17:25:41.198387Z  INFO herdr::logging: pane child spawned event="pane.spawned" subsystem="pane" outcome="ok" pane_id=358 pid=1352500
2026-07-29T17:25:41.198565Z  INFO herdr::logging: workspace created event="workspace.create" subsystem="workspace" outcome="ok" workspace_id="wBC" pane_id=358
2026-07-29T17:25:41.198579Z  INFO herdr::logging: workspace focused event="workspace.focus" subsystem="workspace" outcome="ok" workspace_id="wBC"
2026-07-29T17:25:41.198677Z  INFO herdr::logging: tab focused event="tab.focus" subsystem="tab" outcome="ok" workspace_id="wBC" tab_id="wBC:t1"
2026-07-29T17:25:41.241369Z  INFO herdr::logging: pane child exited event="pane.exit" subsystem="pane" outcome="completed" pane_id=358 status="ExitStatus { code: 1, signal: None }"
2026-07-29T17:25:41.244357Z  INFO herdr::pane: pane session terminated pane=358 pid=1352500 signal=Hangup
2026-07-29T17:25:41.244620Z  INFO herdr::logging: spawning pane terminal event="pane.spawn.start" subsystem="pane" outcome="started" pane_id=359 rows=44 cols=112 scrollback_limit_bytes=10000000
2026-07-29T17:25:41.246043Z  INFO herdr::logging: pane child spawned event="pane.spawned" subsystem="pane" outcome="ok" pane_id=359 pid=1352523
2026-07-29T17:25:41.246213Z  INFO herdr::logging: workspace created event="workspace.create" subsystem="workspace" outcome="ok" workspace_id="wBD" pane_id=359
2026-07-29T17:25:41.246227Z  INFO herdr::logging: workspace focused event="workspace.focus" subsystem="workspace" outcome="ok" workspace_id="wBD"
2026-07-29T17:25:41.246310Z  INFO herdr::logging: tab focused event="tab.focus" subsystem="tab" outcome="ok" workspace_id="wBD" tab_id="wBD:t1"
2026-07-29T17:25:41.285500Z  INFO herdr::logging: pane child exited event="pane.exit" subsystem="pane" outcome="completed" pane_id=359 status="ExitStatus { code: 1, signal: None }"
2026-07-29T17:25:41.285636Z  INFO herdr::pane: pane session terminated pane=359 pid=1352523 signal=Hangup
2026-07-29T17:25:41.285920Z  INFO herdr::logging: spawning pane terminal event="pane.spawn.start" subsystem="pane" outcome="started" pane_id=360 rows=44 cols=112 scrollback_limit_bytes=10000000
2026-07-29T17:25:41.287195Z  INFO herdr::logging: pane child spawned event="pane.spawned" subsystem="pane" outcome="ok" pane_id=360 pid=1352530
2026-07-29T17:25:41.287333Z  INFO herdr::logging: workspace created event="workspace.create" subsystem="workspace" outcome="ok" workspace_id="wBE" pane_id=360
2026-07-29T17:25:41.287343Z  INFO herdr::logging: workspace focused event="workspace.focus" subsystem="workspace" outcome="ok" workspace_id="wBE"
2026-07-29T17:25:41.287406Z  INFO herdr::logging: tab focused event="tab.focus" subsystem="tab" outcome="ok" workspace_id="wBE" tab_id="wBE:t1"
2026-07-29T17:25:41.326235Z  INFO herdr::logging: pane child exited event="pane.exit" subsystem="pane" outcome="completed" pane_id=360 status="ExitStatus { code: 1, signal: None }"
2026-07-29T17:25:41.331915Z  INFO herdr::pane: pane session terminated pane=360 pid=1352530 signal=Hangup
2026-07-29T17:25:41.332236Z  INFO herdr::logging: spawning pane terminal event="pane.spawn.start" subsystem="pane" outcome="started" pane_id=361 rows=44 cols=112 scrollback_limit_bytes=10000000
2026-07-29T17:25:41.333592Z  INFO herdr::logging: pane child spawned event="pane.spawned" subsystem="pane" outcome="ok" pane_id=361 pid=1352550
2026-07-29T17:25:41.333773Z  INFO herdr::logging: workspace created event="workspace.create" subsystem="workspace" outcome="ok" workspace_id="wBF" pane_id=361
2026-07-29T17:25:41.333785Z  INFO herdr::logging: workspace focused event="workspace.focus" subsystem="workspace" outcome="ok" workspace_id="wBF"
2026-07-29T17:25:41.333848Z  INFO herdr::logging: tab focused event="tab.focus" subsystem="tab" outcome="ok" workspace_id="wBF" tab_id="wBF:t1"
2026-07-29T17:25:41.368891Z  INFO herdr::logging: pane child exited event="pane.exit" subsystem="pane" outcome="completed" pane_id=361 status="ExitStatus { code: 1, signal: None }"
2026-07-29T17:25:41.373918Z  INFO herdr::pane: pane session terminated pane=361 pid=1352550 signal=Hangup
2026-07-29T17:25:41.374119Z  INFO herdr::logging: spawning pane terminal event="pane.spawn.start" subsystem="pane" outcome="started" pane_id=362 rows=44 cols=112 scrollback_limit_bytes=10000000
2026-07-29T17:25:41.375405Z  INFO herdr::logging: pane child spawned event="pane.spawned" subsystem="pane" outcome="ok" pane_id=362 pid=1352558
2026-07-29T17:25:41.375571Z  INFO herdr::logging: workspace created event="workspace.create" subsystem="workspace" outcome="ok" workspace_id="wBG" pane_id=362
2026-07-29T17:25:41.375580Z  INFO herdr::logging: workspace focused event="workspace.focus" subsystem="workspace" outcome="ok" workspace_id="wBG"
2026-07-29T17:25:41.375638Z  INFO herdr::logging: tab focused event="tab.focus" subsystem="tab" outcome="ok" workspace_id="wBG" tab_id="wBG:t1"
2026-07-29T17:25:41.411197Z  INFO herdr::logging: pane child exited event="pane.exit" subsystem="pane" outcome="completed" pane_id=362 status="ExitStatus { code: 1, signal: None }"
2026-07-29T17:25:41.416328Z  INFO herdr::pane: pane session terminated pane=362 pid=1352558 signal=Hangup
2026-07-29T17:25:41.416541Z  INFO herdr::logging: spawning pane terminal event="pane.spawn.start" subsystem="pane" outcome="started" pane_id=363 rows=44 cols=112 scrollback_limit_bytes=10000000
2026-07-29T17:25:41.417840Z  INFO herdr::logging: pane child spawned event="pane.spawned" subsystem="pane" outcome="ok" pane_id=363 pid=1352565
2026-07-29T17:25:41.418003Z  INFO herdr::logging: workspace created event="workspace.create" subsystem="workspace" outcome="ok" workspace_id="wBH" pane_id=363
2026-07-29T17:25:41.418014Z  INFO herdr::logging: workspace focused event="workspace.focus" subsystem="workspace" outcome="ok" workspace_id="wBH"
2026-07-29T17:25:41.418070Z  INFO herdr::logging: tab focused event="tab.focus" subsystem="tab" outcome="ok" workspace_id="wBH" tab_id="wBH:t1"
2026-07-29T17:25:41.454940Z  INFO herdr::logging: pane child exited event="pane.exit" subsystem="pane" outcome="completed" pane_id=363 status="ExitStatus { code: 1, signal: None }"
2026-07-29T17:25:41.459907Z  INFO herdr::pane: pane session terminated pane=363 pid=1352565 signal=Hangup
2026-07-29T17:25:41.460110Z  INFO herdr::logging: spawning pane terminal event="pane.spawn.start" subsystem="pane" outcome="started" pane_id=364 rows=44 cols=112 scrollback_limit_bytes=10000000
2026-07-29T17:25:41.461442Z  INFO herdr::logging: pane child spawned event="pane.spawned" subsystem="pane" outcome="ok" pane_id=364 pid=1352572
2026-07-29T17:25:41.461626Z  INFO herdr::logging: workspace created event="workspace.create" subsystem="workspace" outcome="ok" workspace_id="wBJ" pane_id=364
2026-07-29T17:25:41.461636Z  INFO herdr::logging: workspace focused event="workspace.focus" subsystem="workspace" outcome="ok" workspace_id="wBJ"
2026-07-29T17:25:41.461708Z  INFO herdr::logging: tab focused event="tab.focus" subsystem="tab" outcome="ok" workspace_id="wBJ" tab_id="wBJ:t1"
2026-07-29T17:25:41.499186Z  INFO herdr::logging: pane child exited event="pane.exit" subsystem="pane" outcome="completed" pane_id=364 status="ExitStatus { code: 1, signal: None }"
2026-07-29T17:25:41.504296Z  INFO herdr::pane: pane session terminated pane=364 pid=1352572 signal=Hangup
2026-07-29T17:25:41.504512Z  INFO herdr::logging: spawning pane terminal event="pane.spawn.start" subsystem="pane" outcome="started" pane_id=365 rows=44 cols=112 scrollback_limit_bytes=10000000
2026-07-29T17:25:41.505838Z  INFO herdr::logging: pane child spawned event="pane.spawned" subsystem="pane" outcome="ok" pane_id=365 pid=1352579
2026-07-29T17:25:41.505994Z  INFO herdr::logging: workspace created event="workspace.create" subsystem="workspace" outcome="ok" workspace_id="wBK" pane_id=365
2026-07-29T17:25:41.506006Z  INFO herdr::logging: workspace focused event="workspace.focus" subsystem="workspace" outcome="ok" workspace_id="wBK"
2026-07-29T17:25:41.506067Z  INFO herdr::logging: tab focused event="tab.focus" subsystem="tab" outcome="ok" workspace_id="wBK" tab_id="wBK:t1"
2026-07-29T17:25:41.543741Z  INFO herdr::logging: pane child exited event="pane.exit" subsystem="pane" outcome="completed" pane_id=365 status="ExitStatus { code: 1, signal: None }"
2026-07-29T17:25:41.548897Z  INFO herdr::pane: pane session terminated pane=365 pid=1352579 signal=Hangup
2026-07-29T17:25:41.549121Z  INFO herdr::logging: spawning pane terminal event="pane.spawn.start" subsystem="pane" outcome="started" pane_id=366 rows=44 cols=112 scrollback_limit_bytes=10000000
2026-07-29T17:25:41.550426Z  INFO herdr::logging: pane child spawned event="pane.spawned" subsystem="pane" outcome="ok" pane_id=366 pid=1352586
2026-07-29T17:25:41.550574Z  INFO herdr::logging: workspace created event="workspace.create" subsystem="workspace" outcome="ok" workspace_id="wBM" pane_id=366
2026-07-29T17:25:41.550584Z  INFO herdr::logging: workspace focused event="workspace.focus" subsystem="workspace" outcome="ok" workspace_id="wBM"
2026-07-29T17:25:41.550643Z  INFO herdr::logging: tab focused event="tab.focus" subsystem="tab" outcome="ok" workspace_id="wBM" tab_id="wBM:t1"
2026-07-29T17:25:41.587706Z  INFO herdr::logging: pane child exited event="pane.exit" subsystem="pane" outcome="completed" pane_id=366 status="ExitStatus { code: 1, signal: None }"
2026-07-29T17:25:41.592738Z  INFO herdr::pane: pane session terminated pane=366 pid=1352586 signal=Hangup
2026-07-29T17:25:41.592862Z  INFO herdr::logging: spawning pane terminal event="pane.spawn.start" subsystem="pane" outcome="started" pane_id=367 rows=44 cols=112 scrollback_limit_bytes=10000000
2026-07-29T17:25:41.594222Z  INFO herdr::logging: pane child spawned event="pane.spawned" subsystem="pane" outcome="ok" pane_id=367 pid=1352593
2026-07-29T17:25:41.594400Z  INFO herdr::logging: workspace created event="workspace.create" subsystem="workspace" outcome="ok" workspace_id="wBN" pane_id=367
2026-07-29T17:25:41.594415Z  INFO herdr::logging: workspace focused event="workspace.focus" subsystem="workspace" outcome="ok" workspace_id="wBN"
2026-07-29T17:25:41.594504Z  INFO herdr::logging: tab focused event="tab.focus" subsystem="tab" outcome="ok" workspace_id="wBN" tab_id="wBN:t1"
2026-07-29T17:25:41.629862Z  INFO herdr::logging: pane child exited event="pane.exit" subsystem="pane" outcome="completed" pane_id=367 status="ExitStatus { code: 1, signal: None }"
2026-07-29T17:25:41.634835Z  INFO herdr::pane: pane session terminated pane=367 pid=1352593 signal=Hangup
2026-07-29T17:25:41.635038Z  INFO herdr::logging: spawning pane terminal event="pane.spawn.start" subsystem="pane" outcome="started" pane_id=368 rows=44 cols=112 scrollback_limit_bytes=10000000
2026-07-29T17:25:41.636332Z  INFO herdr::logging: pane child spawned event="pane.spawned" subsystem="pane" outcome="ok" pane_id=368 pid=1352600
2026-07-29T17:25:41.636490Z  INFO herdr::logging: workspace created event="workspace.create" subsystem="workspace" outcome="ok" workspace_id="wBP" pane_id=368
2026-07-29T17:25:41.636506Z  INFO herdr::logging: workspace focused event="workspace.focus" subsystem="workspace" outcome="ok" workspace_id="wBP"
2026-07-29T17:25:41.636574Z  INFO herdr::logging: tab focused event="tab.focus" subsystem="tab" outcome="ok" workspace_id="wBP" tab_id="wBP:t1"
2026-07-29T17:25:41.671707Z  INFO herdr::logging: pane child exited event="pane.exit" subsystem="pane" outcome="completed" pane_id=368 status="ExitStatus { code: 1, signal: None }"
2026-07-29T17:25:41.676505Z  INFO herdr::pane: pane session terminated pane=368 pid=1352600 signal=Hangup
2026-07-29T17:25:41.676721Z  INFO herdr::logging: spawning pane terminal event="pane.spawn.start" subsystem="pane" outcome="started" pane_id=369 rows=44 cols=112 scrollback_limit_bytes=10000000
2026-07-29T17:25:41.677932Z  INFO herdr::logging: pane child spawned event="pane.spawned" subsystem="pane" outcome="ok" pane_id=369 pid=1352609
2026-07-29T17:25:41.678094Z  INFO herdr::logging: workspace created event="workspace.create" subsystem="workspace" outcome="ok" workspace_id="wBQ" pane_id=369
2026-07-29T17:25:41.678105Z  INFO herdr::logging: workspace focused event="workspace.focus" subsystem="workspace" outcome="ok" workspace_id="wBQ"
2026-07-29T17:25:41.678161Z  INFO herdr::logging: tab focused event="tab.focus" subsystem="tab" outcome="ok" workspace_id="wBQ" tab_id="wBQ:t1"
2026-07-29T17:25:41.714004Z  INFO herdr::logging: pane child exited event="pane.exit" subsystem="pane" outcome="completed" pane_id=369 status="ExitStatus { code: 1, signal: None }"
2026-07-29T17:25:41.719139Z  INFO herdr::pane: pane session terminated pane=369 pid=1352609 signal=Hangup
2026-07-29T17:25:41.719356Z  INFO herdr::logging: spawning pane terminal event="pane.spawn.start" subsystem="pane" outcome="started" pane_id=370 rows=44 cols=112 scrollback_limit_bytes=10000000
2026-07-29T17:25:41.720632Z  INFO herdr::logging: pane child spawned event="pane.spawned" subsystem="pane" outcome="ok" pane_id=370 pid=1352616
2026-07-29T17:25:41.720806Z  INFO herdr::logging: workspace created event="workspace.create" subsystem="workspace" outcome="ok" workspace_id="wBR" pane_id=370
2026-07-29T17:25:41.720817Z  INFO herdr::logging: workspace focused event="workspace.focus" subsystem="workspace" outcome="ok" workspace_id="wBR"
2026-07-29T17:25:41.720873Z  INFO herdr::logging: tab focused event="tab.focus" subsystem="tab" outcome="ok" workspace_id="wBR" tab_id="wBR:t1"
2026-07-29T17:25:41.756898Z  INFO herdr::logging: pane child exited event="pane.exit" subsystem="pane" outcome="completed" pane_id=370 status="ExitStatus { code: 1, signal: None }"
2026-07-29T17:25:41.757006Z  INFO herdr::pane: pane session terminated pane=370 pid=1352616 signal=Hangup
2026-07-29T17:25:41.757241Z  INFO herdr::logging: spawning pane terminal event="pane.spawn.start" subsystem="pane" outcome="started" pane_id=371 rows=44 cols=112 scrollback_limit_bytes=10000000
2026-07-29T17:25:41.758673Z  INFO herdr::logging: pane child spawned event="pane.spawned" subsystem="pane" outcome="ok" pane_id=371 pid=1352624
2026-07-29T17:25:41.758833Z  INFO herdr::logging: workspace created event="workspace.create" subsystem="workspace" outcome="ok" workspace_id="wBS" pane_id=371
2026-07-29T17:25:41.758843Z  INFO herdr::logging: workspace focused event="workspace.focus" subsystem="workspace" outcome="ok" workspace_id="wBS"
2026-07-29T17:25:41.758903Z  INFO herdr::logging: tab focused event="tab.focus" subsystem="tab" outcome="ok" workspace_id="wBS" tab_id="wBS:t1"
2026-07-29T17:25:41.794180Z  INFO herdr::logging: pane child exited event="pane.exit" subsystem="pane" outcome="completed" pane_id=371 status="ExitStatus { code: 1, signal: None }"
2026-07-29T17:25:41.799015Z  INFO herdr::pane: pane session terminated pane=371 pid=1352624 signal=Hangup
2026-07-29T17:25:41.799219Z  INFO herdr::logging: spawning pane terminal event="pane.spawn.start" subsystem="pane" outcome="started" pane_id=372 rows=44 cols=112 scrollback_limit_bytes=10000000
2026-07-29T17:25:41.800498Z  INFO herdr::logging: pane child spawned event="pane.spawned" subsystem="pane" outcome="ok" pane_id=372 pid=1352631
2026-07-29T17:25:41.800631Z  INFO herdr::logging: workspace created event="workspace.create" subsystem="workspace" outcome="ok" workspace_id="wBT" pane_id=372
2026-07-29T17:25:41.800652Z  INFO herdr::logging: workspace focused event="workspace.focus" subsystem="workspace" outcome="ok" workspace_id="wBT"
2026-07-29T17:25:41.800724Z  INFO herdr::logging: tab focused event="tab.focus" subsystem="tab" outcome="ok" workspace_id="wBT" tab_id="wBT:t1"
2026-07-29T17:25:41.835415Z  INFO herdr::logging: pane child exited event="pane.exit" subsystem="pane" outcome="completed" pane_id=372 status="ExitStatus { code: 1, signal: None }"
2026-07-29T17:25:41.835539Z  INFO herdr::pane: pane session terminated pane=372 pid=1352631 signal=Hangup
2026-07-29T17:25:41.835762Z  INFO herdr::logging: spawning pane terminal event="pane.spawn.start" subsystem="pane" outcome="started" pane_id=373 rows=44 cols=112 scrollback_limit_bytes=10000000
2026-07-29T17:25:41.836990Z  INFO herdr::logging: pane child spawned event="pane.spawned" subsystem="pane" outcome="ok" pane_id=373 pid=1352638
2026-07-29T17:25:41.837125Z  INFO herdr::logging: workspace created event="workspace.create" subsystem="workspace" outcome="ok" workspace_id="wBV" pane_id=373
2026-07-29T17:25:41.837135Z  INFO herdr::logging: workspace focused event="workspace.focus" subsystem="workspace" outcome="ok" workspace_id="wBV"
2026-07-29T17:25:41.837189Z  INFO herdr::logging: tab focused event="tab.focus" subsystem="tab" outcome="ok" workspace_id="wBV" tab_id="wBV:t1"
2026-07-29T17:25:41.872474Z  INFO herdr::logging: pane child exited event="pane.exit" subsystem="pane" outcome="completed" pane_id=373 status="ExitStatus { code: 1, signal: None }"
2026-07-29T17:25:41.877551Z  INFO herdr::pane: pane session terminated pane=373 pid=1352638 signal=Hangup
2026-07-29T17:25:41.878021Z  INFO herdr::logging: spawning pane terminal event="pane.spawn.start" subsystem="pane" outcome="started" pane_id=374 rows=44 cols=112 scrollback_limit_bytes=10000000
2026-07-29T17:25:41.879267Z  INFO herdr::logging: pane child spawned event="pane.spawned" subsystem="pane" outcome="ok" pane_id=374 pid=1352645
2026-07-29T17:25:41.879413Z  INFO herdr::logging: workspace created event="workspace.create" subsystem="workspace" outcome="ok" workspace_id="wBW" pane_id=374
2026-07-29T17:25:41.879424Z  INFO herdr::logging: workspace focused event="workspace.focus" subsystem="workspace" outcome="ok" workspace_id="wBW"
2026-07-29T17:25:41.879481Z  INFO herdr::logging: tab focused event="tab.focus" subsystem="tab" outcome="ok" workspace_id="wBW" tab_id="wBW:t1"
2026-07-29T17:25:41.914104Z  INFO herdr::logging: pane child exited event="pane.exit" subsystem="pane" outcome="completed" pane_id=374 status="ExitStatus { code: 1, signal: None }"
2026-07-29T17:25:41.918935Z  INFO herdr::pane: pane session terminated pane=374 pid=1352645 signal=Hangup
2026-07-29T17:25:41.919142Z  INFO herdr::logging: spawning pane terminal event="pane.spawn.start" subsystem="pane" outcome="started" pane_id=375 rows=44 cols=112 scrollback_limit_bytes=10000000
2026-07-29T17:25:41.920428Z  INFO herdr::logging: pane child spawned event="pane.spawned" subsystem="pane" outcome="ok" pane_id=375 pid=1352652
2026-07-29T17:25:41.920586Z  INFO herdr::logging: workspace created event="workspace.create" subsystem="workspace" outcome="ok" workspace_id="wBX" pane_id=375
2026-07-29T17:25:41.920597Z  INFO herdr::logging: workspace focused event="workspace.focus" subsystem="workspace" outcome="ok" workspace_id="wBX"
2026-07-29T17:25:41.920679Z  INFO herdr::logging: tab focused event="tab.focus" subsystem="tab" outcome="ok" workspace_id="wBX" tab_id="wBX:t1"
2026-07-29T17:25:41.955567Z  INFO herdr::logging: pane child exited event="pane.exit" subsystem="pane" outcome="completed" pane_id=375 status="ExitStatus { code: 1, signal: None }"
2026-07-29T17:25:41.960736Z  INFO herdr::pane: pane session terminated pane=375 pid=1352652 signal=Hangup
2026-07-29T17:25:41.960951Z  INFO herdr::logging: spawning pane terminal event="pane.spawn.start" subsystem="pane" outcome="started" pane_id=376 rows=44 cols=112 scrollback_limit_bytes=10000000
2026-07-29T17:25:41.962198Z  INFO herdr::logging: pane child spawned event="pane.spawned" subsystem="pane" outcome="ok" pane_id=376 pid=1352659
2026-07-29T17:25:41.962358Z  INFO herdr::logging: workspace created event="workspace.create" subsystem="workspace" outcome="ok" workspace_id="wBY" pane_id=376
2026-07-29T17:25:41.962369Z  INFO herdr::logging: workspace focused event="workspace.focus" subsystem="workspace" outcome="ok" workspace_id="wBY"
2026-07-29T17:25:41.962426Z  INFO herdr::logging: tab focused event="tab.focus" subsystem="tab" outcome="ok" workspace_id="wBY" tab_id="wBY:t1"
2026-07-29T17:25:41.998834Z  INFO herdr::logging: pane child exited event="pane.exit" subsystem="pane" outcome="completed" pane_id=376 status="ExitStatus { code: 1, signal: None }"
2026-07-29T17:25:42.003857Z  INFO herdr::pane: pane session terminated pane=376 pid=1352659 signal=Hangup
2026-07-29T17:25:42.004070Z  INFO herdr::logging: spawning pane terminal event="pane.spawn.start" subsystem="pane" outcome="started" pane_id=377 rows=44 cols=112 scrollback_limit_bytes=10000000
2026-07-29T17:25:42.005359Z  INFO herdr::logging: pane child spawned event="pane.spawned" subsystem="pane" outcome="ok" pane_id=377 pid=1352666
2026-07-29T17:25:42.005541Z  INFO herdr::logging: workspace created event="workspace.create" subsystem="workspace" outcome="ok" workspace_id="wBZ" pane_id=377
2026-07-29T17:25:42.005552Z  INFO herdr::logging: workspace focused event="workspace.focus" subsystem="workspace" outcome="ok" workspace_id="wBZ"
2026-07-29T17:25:42.005610Z  INFO herdr::logging: tab focused event="tab.focus" subsystem="tab" outcome="ok" workspace_id="wBZ" tab_id="wBZ:t1"
2026-07-29T17:25:42.041814Z  INFO herdr::logging: pane child exited event="pane.exit" subsystem="pane" outcome="completed" pane_id=377 status="ExitStatus { code: 1, signal: None }"
2026-07-29T17:25:42.047195Z  INFO herdr::pane: pane session terminated pane=377 pid=1352666 signal=Hangup
2026-07-29T17:25:42.047563Z  INFO herdr::logging: spawning pane terminal event="pane.spawn.start" subsystem="pane" outcome="started" pane_id=378 rows=44 cols=112 scrollback_limit_bytes=10000000
2026-07-29T17:25:42.048887Z  INFO herdr::logging: pane child spawned event="pane.spawned" subsystem="pane" outcome="ok" pane_id=378 pid=1352673
2026-07-29T17:25:42.049070Z  INFO herdr::logging: workspace created event="workspace.create" subsystem="workspace" outcome="ok" workspace_id="wB0" pane_id=378
2026-07-29T17:25:42.049081Z  INFO herdr::logging: workspace focused event="workspace.focus" subsystem="workspace" outcome="ok" workspace_id="wB0"
2026-07-29T17:25:42.049138Z  INFO herdr::logging: tab focused event="tab.focus" subsystem="tab" outcome="ok" workspace_id="wB0" tab_id="wB0:t1"
2026-07-29T17:25:42.083978Z  INFO herdr::logging: pane child exited event="pane.exit" subsystem="pane" outcome="completed" pane_id=378 status="ExitStatus { code: 1, signal: None }"
2026-07-29T17:25:42.089057Z  INFO herdr::pane: pane session terminated pane=378 pid=1352673 signal=Hangup
2026-07-29T17:25:42.089176Z  INFO herdr::logging: spawning pane terminal event="pane.spawn.start" subsystem="pane" outcome="started" pane_id=379 rows=44 cols=112 scrollback_limit_bytes=10000000
2026-07-29T17:25:42.090431Z  INFO herdr::logging: pane child spawned event="pane.spawned" subsystem="pane" outcome="ok" pane_id=379 pid=1352680
2026-07-29T17:25:42.090606Z  INFO herdr::logging: workspace created event="workspace.create" subsystem="workspace" outcome="ok" workspace_id="wC1" pane_id=379
2026-07-29T17:25:42.090615Z  INFO herdr::logging: workspace focused event="workspace.focus" subsystem="workspace" outcome="ok" workspace_id="wC1"
2026-07-29T17:25:42.090684Z  INFO herdr::logging: tab focused event="tab.focus" subsystem="tab" outcome="ok" workspace_id="wC1" tab_id="wC1:t1"
2026-07-29T17:25:42.128039Z  INFO herdr::logging: pane child exited event="pane.exit" subsystem="pane" outcome="completed" pane_id=379 status="ExitStatus { code: 1, signal: None }"
2026-07-29T17:25:42.133489Z  INFO herdr::pane: pane session terminated pane=379 pid=1352680 signal=Hangup
2026-07-29T17:25:42.133723Z  INFO herdr::logging: spawning pane terminal event="pane.spawn.start" subsystem="pane" outcome="started" pane_id=380 rows=44 cols=112 scrollback_limit_bytes=10000000
2026-07-29T17:25:42.134932Z  INFO herdr::logging: pane child spawned event="pane.spawned" subsystem="pane" outcome="ok" pane_id=380 pid=1352687
2026-07-29T17:25:42.135098Z  INFO herdr::logging: workspace created event="workspace.create" subsystem="workspace" outcome="ok" workspace_id="wC2" pane_id=380
2026-07-29T17:25:42.135109Z  INFO herdr::logging: workspace focused event="workspace.focus" subsystem="workspace" outcome="ok" workspace_id="wC2"
2026-07-29T17:25:42.135173Z  INFO herdr::logging: tab focused event="tab.focus" subsystem="tab" outcome="ok" workspace_id="wC2" tab_id="wC2:t1"
2026-07-29T17:25:42.170165Z  INFO herdr::logging: pane child exited event="pane.exit" subsystem="pane" outcome="completed" pane_id=380 status="ExitStatus { code: 1, signal: None }"
2026-07-29T17:25:42.175090Z  INFO herdr::pane: pane session terminated pane=380 pid=1352687 signal=Hangup
2026-07-29T17:25:42.175292Z  INFO herdr::logging: spawning pane terminal event="pane.spawn.start" subsystem="pane" outcome="started" pane_id=381 rows=44 cols=112 scrollback_limit_bytes=10000000
2026-07-29T17:25:42.176536Z  INFO herdr::logging: pane child spawned event="pane.spawned" subsystem="pane" outcome="ok" pane_id=381 pid=1352694
2026-07-29T17:25:42.176720Z  INFO herdr::logging: workspace created event="workspace.create" subsystem="workspace" outcome="ok" workspace_id="wC3" pane_id=381
2026-07-29T17:25:42.176731Z  INFO herdr::logging: workspace focused event="workspace.focus" subsystem="workspace" outcome="ok" workspace_id="wC3"
2026-07-29T17:25:42.176788Z  INFO herdr::logging: tab focused event="tab.focus" subsystem="tab" outcome="ok" workspace_id="wC3" tab_id="wC3:t1"
2026-07-29T17:25:42.242093Z  INFO herdr::logging: pane child exited event="pane.exit" subsystem="pane" outcome="completed" pane_id=381 status="ExitStatus { code: 1, signal: None }"
2026-07-29T17:25:42.247871Z  INFO herdr::pane: pane session terminated pane=381 pid=1352694 signal=Hangup
2026-07-29T17:25:42.248101Z  INFO herdr::logging: spawning pane terminal event="pane.spawn.start" subsystem="pane" outcome="started" pane_id=382 rows=44 cols=112 scrollback_limit_bytes=10000000
2026-07-29T17:25:42.249384Z  INFO herdr::logging: pane child spawned event="pane.spawned" subsystem="pane" outcome="ok" pane_id=382 pid=1352905
2026-07-29T17:25:42.249562Z  INFO herdr::logging: workspace created event="workspace.create" subsystem="workspace" outcome="ok" workspace_id="wC4" pane_id=382
2026-07-29T17:25:42.249573Z  INFO herdr::logging: workspace focused event="workspace.focus" subsystem="workspace" outcome="ok" workspace_id="wC4"
2026-07-29T17:25:42.249636Z  INFO herdr::logging: tab focused event="tab.focus" subsystem="tab" outcome="ok" workspace_id="wC4" tab_id="wC4:t1"
2026-07-29T17:25:42.329476Z  INFO herdr::logging: pane child exited event="pane.exit" subsystem="pane" outcome="completed" pane_id=382 status="ExitStatus { code: 1, signal: None }"
2026-07-29T17:25:42.336447Z  INFO herdr::pane: pane session terminated pane=382 pid=1352905 signal=Hangup
2026-07-29T17:25:42.337965Z  INFO herdr::logging: spawning pane terminal event="pane.spawn.start" subsystem="pane" outcome="started" pane_id=383 rows=44 cols=112 scrollback_limit_bytes=10000000
2026-07-29T17:25:42.340624Z  INFO herdr::logging: pane child spawned event="pane.spawned" subsystem="pane" outcome="ok" pane_id=383 pid=1352942
2026-07-29T17:25:42.340872Z  INFO herdr::logging: workspace created event="workspace.create" subsystem="workspace" outcome="ok" workspace_id="wC5" pane_id=383
2026-07-29T17:25:42.340892Z  INFO herdr::logging: workspace focused event="workspace.focus" subsystem="workspace" outcome="ok" workspace_id="wC5"
2026-07-29T17:25:42.340987Z  INFO herdr::logging: tab focused event="tab.focus" subsystem="tab" outcome="ok" workspace_id="wC5" tab_id="wC5:t1"
2026-07-29T17:25:42.411613Z  INFO herdr::logging: pane child exited event="pane.exit" subsystem="pane" outcome="completed" pane_id=383 status="ExitStatus { code: 1, signal: None }"
2026-07-29T17:25:42.419629Z  INFO herdr::pane: pane session terminated pane=383 pid=1352942 signal=Hangup
2026-07-29T17:25:42.420206Z  INFO herdr::logging: spawning pane terminal event="pane.spawn.start" subsystem="pane" outcome="started" pane_id=384 rows=44 cols=112 scrollback_limit_bytes=10000000
2026-07-29T17:25:42.422178Z  INFO herdr::logging: pane child spawned event="pane.spawned" subsystem="pane" outcome="ok" pane_id=384 pid=1352990
2026-07-29T17:25:42.422397Z  INFO herdr::logging: workspace created event="workspace.create" subsystem="workspace" outcome="ok" workspace_id="wC6" pane_id=384
2026-07-29T17:25:42.422413Z  INFO herdr::logging: workspace focused event="workspace.focus" subsystem="workspace" outcome="ok" workspace_id="wC6"
2026-07-29T17:25:42.422513Z  INFO herdr::logging: tab focused event="tab.focus" subsystem="tab" outcome="ok" workspace_id="wC6" tab_id="wC6:t1"
2026-07-29T17:25:42.464506Z  INFO herdr::logging: pane child exited event="pane.exit" subsystem="pane" outcome="completed" pane_id=384 status="ExitStatus { code: 1, signal: None }"
2026-07-29T17:25:42.469971Z  INFO herdr::pane: pane session terminated pane=384 pid=1352990 signal=Hangup
2026-07-29T17:25:42.470196Z  INFO herdr::logging: spawning pane terminal event="pane.spawn.start" subsystem="pane" outcome="started" pane_id=385 rows=44 cols=112 scrollback_limit_bytes=10000000
2026-07-29T17:25:42.471532Z  INFO herdr::logging: pane child spawned event="pane.spawned" subsystem="pane" outcome="ok" pane_id=385 pid=1353020
2026-07-29T17:25:42.471725Z  INFO herdr::logging: workspace created event="workspace.create" subsystem="workspace" outcome="ok" workspace_id="wC7" pane_id=385
2026-07-29T17:25:42.471737Z  INFO herdr::logging: workspace focused event="workspace.focus" subsystem="workspace" outcome="ok" workspace_id="wC7"
2026-07-29T17:25:42.471801Z  INFO herdr::logging: tab focused event="tab.focus" subsystem="tab" outcome="ok" workspace_id="wC7" tab_id="wC7:t1"
2026-07-29T17:25:42.507632Z  INFO herdr::logging: pane child exited event="pane.exit" subsystem="pane" outcome="completed" pane_id=385 status="ExitStatus { code: 1, signal: None }"
2026-07-29T17:25:42.512566Z  INFO herdr::pane: pane session terminated pane=385 pid=1353020 signal=Hangup
2026-07-29T17:25:42.512800Z  INFO herdr::logging: spawning pane terminal event="pane.spawn.start" subsystem="pane" outcome="started" pane_id=386 rows=44 cols=112 scrollback_limit_bytes=10000000
2026-07-29T17:25:42.514125Z  INFO herdr::logging: pane child spawned event="pane.spawned" subsystem="pane" outcome="ok" pane_id=386 pid=1353030
2026-07-29T17:25:42.514294Z  INFO herdr::logging: workspace created event="workspace.create" subsystem="workspace" outcome="ok" workspace_id="wC8" pane_id=386
2026-07-29T17:25:42.514305Z  INFO herdr::logging: workspace focused event="workspace.focus" subsystem="workspace" outcome="ok" workspace_id="wC8"
2026-07-29T17:25:42.514364Z  INFO herdr::logging: tab focused event="tab.focus" subsystem="tab" outcome="ok" workspace_id="wC8" tab_id="wC8:t1"
2026-07-29T17:25:42.549394Z  INFO herdr::logging: pane child exited event="pane.exit" subsystem="pane" outcome="completed" pane_id=386 status="ExitStatus { code: 1, signal: None }"
2026-07-29T17:25:42.554510Z  INFO herdr::pane: pane session terminated pane=386 pid=1353030 signal=Hangup
2026-07-29T17:25:42.554736Z  INFO herdr::logging: spawning pane terminal event="pane.spawn.start" subsystem="pane" outcome="started" pane_id=387 rows=44 cols=112 scrollback_limit_bytes=10000000
2026-07-29T17:25:42.556011Z  INFO herdr::logging: pane child spawned event="pane.spawned" subsystem="pane" outcome="ok" pane_id=387 pid=1353037
2026-07-29T17:25:42.556165Z  INFO herdr::logging: workspace created event="workspace.create" subsystem="workspace" outcome="ok" workspace_id="wC9" pane_id=387
2026-07-29T17:25:42.556178Z  INFO herdr::logging: workspace focused event="workspace.focus" subsystem="workspace" outcome="ok" workspace_id="wC9"
2026-07-29T17:25:42.556246Z  INFO herdr::logging: tab focused event="tab.focus" subsystem="tab" outcome="ok" workspace_id="wC9" tab_id="wC9:t1"
2026-07-29T17:25:42.590737Z  INFO herdr::logging: pane child exited event="pane.exit" subsystem="pane" outcome="completed" pane_id=387 status="ExitStatus { code: 1, signal: None }"
2026-07-29T17:25:42.595702Z  INFO herdr::pane: pane session terminated pane=387 pid=1353037 signal=Hangup
2026-07-29T17:25:42.595924Z  INFO herdr::logging: spawning pane terminal event="pane.spawn.start" subsystem="pane" outcome="started" pane_id=388 rows=44 cols=112 scrollback_limit_bytes=10000000
2026-07-29T17:25:42.597200Z  INFO herdr::logging: pane child spawned event="pane.spawned" subsystem="pane" outcome="ok" pane_id=388 pid=1353044
2026-07-29T17:25:42.597345Z  INFO herdr::logging: workspace created event="workspace.create" subsystem="workspace" outcome="ok" workspace_id="wCA" pane_id=388
2026-07-29T17:25:42.597355Z  INFO herdr::logging: workspace focused event="workspace.focus" subsystem="workspace" outcome="ok" workspace_id="wCA"
2026-07-29T17:25:42.597420Z  INFO herdr::logging: tab focused event="tab.focus" subsystem="tab" outcome="ok" workspace_id="wCA" tab_id="wCA:t1"
2026-07-29T17:25:42.632069Z  INFO herdr::logging: pane child exited event="pane.exit" subsystem="pane" outcome="completed" pane_id=388 status="ExitStatus { code: 1, signal: None }"
2026-07-29T17:25:42.637356Z  INFO herdr::pane: pane session terminated pane=388 pid=1353044 signal=Hangup
2026-07-29T17:25:42.637578Z  INFO herdr::logging: spawning pane terminal event="pane.spawn.start" subsystem="pane" outcome="started" pane_id=389 rows=44 cols=112 scrollback_limit_bytes=10000000
2026-07-29T17:25:42.638870Z  INFO herdr::logging: pane child spawned event="pane.spawned" subsystem="pane" outcome="ok" pane_id=389 pid=1353051
2026-07-29T17:25:42.639032Z  INFO herdr::logging: workspace created event="workspace.create" subsystem="workspace" outcome="ok" workspace_id="wCB" pane_id=389
2026-07-29T17:25:42.639044Z  INFO herdr::logging: workspace focused event="workspace.focus" subsystem="workspace" outcome="ok" workspace_id="wCB"
2026-07-29T17:25:42.639100Z  INFO herdr::logging: tab focused event="tab.focus" subsystem="tab" outcome="ok" workspace_id="wCB" tab_id="wCB:t1"
2026-07-29T17:25:42.674525Z  INFO herdr::logging: pane child exited event="pane.exit" subsystem="pane" outcome="completed" pane_id=389 status="ExitStatus { code: 1, signal: None }"
2026-07-29T17:25:42.679707Z  INFO herdr::pane: pane session terminated pane=389 pid=1353051 signal=Hangup
2026-07-29T17:25:42.679842Z  INFO herdr::logging: spawning pane terminal event="pane.spawn.start" subsystem="pane" outcome="started" pane_id=390 rows=44 cols=112 scrollback_limit_bytes=10000000
2026-07-29T17:25:42.681112Z  INFO herdr::logging: pane child spawned event="pane.spawned" subsystem="pane" outcome="ok" pane_id=390 pid=1353074
2026-07-29T17:25:42.681283Z  INFO herdr::logging: workspace created event="workspace.create" subsystem="workspace" outcome="ok" workspace_id="wCC" pane_id=390
2026-07-29T17:25:42.681293Z  INFO herdr::logging: workspace focused event="workspace.focus" subsystem="workspace" outcome="ok" workspace_id="wCC"
2026-07-29T17:25:42.681353Z  INFO herdr::logging: tab focused event="tab.focus" subsystem="tab" outcome="ok" workspace_id="wCC" tab_id="wCC:t1"
2026-07-29T17:25:42.717300Z  INFO herdr::logging: pane child exited event="pane.exit" subsystem="pane" outcome="completed" pane_id=390 status="ExitStatus { code: 1, signal: None }"
2026-07-29T17:25:42.722687Z  INFO herdr::pane: pane session terminated pane=390 pid=1353074 signal=Hangup
2026-07-29T17:25:42.722798Z  INFO herdr::logging: spawning pane terminal event="pane.spawn.start" subsystem="pane" outcome="started" pane_id=391 rows=44 cols=112 scrollback_limit_bytes=10000000
2026-07-29T17:25:42.724038Z  INFO herdr::logging: pane child spawned event="pane.spawned" subsystem="pane" outcome="ok" pane_id=391 pid=1353081
2026-07-29T17:25:42.724212Z  INFO herdr::logging: workspace created event="workspace.create" subsystem="workspace" outcome="ok" workspace_id="wCD" pane_id=391
2026-07-29T17:25:42.724232Z  INFO herdr::logging: workspace focused event="workspace.focus" subsystem="workspace" outcome="ok" workspace_id="wCD"
2026-07-29T17:25:42.724292Z  INFO herdr::logging: tab focused event="tab.focus" subsystem="tab" outcome="ok" workspace_id="wCD" tab_id="wCD:t1"
2026-07-29T17:25:42.758711Z  INFO herdr::logging: pane child exited event="pane.exit" subsystem="pane" outcome="completed" pane_id=391 status="ExitStatus { code: 1, signal: None }"
2026-07-29T17:25:42.764002Z  INFO herdr::pane: pane session terminated pane=391 pid=1353081 signal=Hangup
2026-07-29T17:25:42.764200Z  INFO herdr::logging: spawning pane terminal event="pane.spawn.start" subsystem="pane" outcome="started" pane_id=392 rows=44 cols=112 scrollback_limit_bytes=10000000
2026-07-29T17:25:42.765536Z  INFO herdr::logging: pane child spawned event="pane.spawned" subsystem="pane" outcome="ok" pane_id=392 pid=1353088
2026-07-29T17:25:42.765718Z  INFO herdr::logging: workspace created event="workspace.create" subsystem="workspace" outcome="ok" workspace_id="wCE" pane_id=392
2026-07-29T17:25:42.765728Z  INFO herdr::logging: workspace focused event="workspace.focus" subsystem="workspace" outcome="ok" workspace_id="wCE"
2026-07-29T17:25:42.765792Z  INFO herdr::logging: tab focused event="tab.focus" subsystem="tab" outcome="ok" workspace_id="wCE" tab_id="wCE:t1"
2026-07-29T17:25:42.800873Z  INFO herdr::logging: pane child exited event="pane.exit" subsystem="pane" outcome="completed" pane_id=392 status="ExitStatus { code: 1, signal: None }"
2026-07-29T17:25:42.805673Z  INFO herdr::pane: pane session terminated pane=392 pid=1353088 signal=Hangup
2026-07-29T17:25:42.805799Z  INFO herdr::logging: spawning pane terminal event="pane.spawn.start" subsystem="pane" outcome="started" pane_id=393 rows=44 cols=112 scrollback_limit_bytes=10000000
2026-07-29T17:25:42.807178Z  INFO herdr::logging: pane child spawned event="pane.spawned" subsystem="pane" outcome="ok" pane_id=393 pid=1353095
2026-07-29T17:25:42.807345Z  INFO herdr::logging: workspace created event="workspace.create" subsystem="workspace" outcome="ok" workspace_id="wCF" pane_id=393
2026-07-29T17:25:42.807355Z  INFO herdr::logging: workspace focused event="workspace.focus" subsystem="workspace" outcome="ok" workspace_id="wCF"
2026-07-29T17:25:42.807417Z  INFO herdr::logging: tab focused event="tab.focus" subsystem="tab" outcome="ok" workspace_id="wCF" tab_id="wCF:t1"
2026-07-29T17:25:42.842310Z  INFO herdr::logging: pane child exited event="pane.exit" subsystem="pane" outcome="completed" pane_id=393 status="ExitStatus { code: 1, signal: None }"
2026-07-29T17:25:42.847343Z  INFO herdr::pane: pane session terminated pane=393 pid=1353095 signal=Hangup
2026-07-29T17:25:42.847555Z  INFO herdr::logging: spawning pane terminal event="pane.spawn.start" subsystem="pane" outcome="started" pane_id=394 rows=44 cols=112 scrollback_limit_bytes=10000000
2026-07-29T17:25:42.848869Z  INFO herdr::logging: pane child spawned event="pane.spawned" subsystem="pane" outcome="ok" pane_id=394 pid=1353102
2026-07-29T17:25:42.849034Z  INFO herdr::logging: workspace created event="workspace.create" subsystem="workspace" outcome="ok" workspace_id="wCG" pane_id=394
2026-07-29T17:25:42.849045Z  INFO herdr::logging: workspace focused event="workspace.focus" subsystem="workspace" outcome="ok" workspace_id="wCG"
2026-07-29T17:25:42.849103Z  INFO herdr::logging: tab focused event="tab.focus" subsystem="tab" outcome="ok" workspace_id="wCG" tab_id="wCG:t1"
2026-07-29T17:25:42.884191Z  INFO herdr::logging: pane child exited event="pane.exit" subsystem="pane" outcome="completed" pane_id=394 status="ExitStatus { code: 1, signal: None }"
2026-07-29T17:25:42.889100Z  INFO herdr::pane: pane session terminated pane=394 pid=1353102 signal=Hangup
2026-07-29T17:25:42.889303Z  INFO herdr::logging: spawning pane terminal event="pane.spawn.start" subsystem="pane" outcome="started" pane_id=395 rows=44 cols=112 scrollback_limit_bytes=10000000
2026-07-29T17:25:42.890628Z  INFO herdr::logging: pane child spawned event="pane.spawned" subsystem="pane" outcome="ok" pane_id=395 pid=1353109
2026-07-29T17:25:42.890806Z  INFO herdr::logging: workspace created event="workspace.create" subsystem="workspace" outcome="ok" workspace_id="wCH" pane_id=395
2026-07-29T17:25:42.890816Z  INFO herdr::logging: workspace focused event="workspace.focus" subsystem="workspace" outcome="ok" workspace_id="wCH"
2026-07-29T17:25:42.890874Z  INFO herdr::logging: tab focused event="tab.focus" subsystem="tab" outcome="ok" workspace_id="wCH" tab_id="wCH:t1"
2026-07-29T17:25:42.926849Z  INFO herdr::logging: pane child exited event="pane.exit" subsystem="pane" outcome="completed" pane_id=395 status="ExitStatus { code: 1, signal: None }"
2026-07-29T17:25:42.931607Z  INFO herdr::pane: pane session terminated pane=395 pid=1353109 signal=Hangup
2026-07-29T17:25:42.931822Z  INFO herdr::logging: spawning pane terminal event="pane.spawn.start" subsystem="pane" outcome="started" pane_id=396 rows=44 cols=112 scrollback_limit_bytes=10000000
2026-07-29T17:25:42.933086Z  INFO herdr::logging: pane child spawned event="pane.spawned" subsystem="pane" outcome="ok" pane_id=396 pid=1353116
2026-07-29T17:25:42.933229Z  INFO herdr::logging: workspace created event="workspace.create" subsystem="workspace" outcome="ok" workspace_id="wCJ" pane_id=396
2026-07-29T17:25:42.933239Z  INFO herdr::logging: workspace focused event="workspace.focus" subsystem="workspace" outcome="ok" workspace_id="wCJ"
2026-07-29T17:25:42.933300Z  INFO herdr::logging: tab focused event="tab.focus" subsystem="tab" outcome="ok" workspace_id="wCJ" tab_id="wCJ:t1"
2026-07-29T17:25:42.967997Z  INFO herdr::logging: pane child exited event="pane.exit" subsystem="pane" outcome="completed" pane_id=396 status="ExitStatus { code: 1, signal: None }"
2026-07-29T17:25:42.972833Z  INFO herdr::pane: pane session terminated pane=396 pid=1353116 signal=Hangup
2026-07-29T17:25:42.973040Z  INFO herdr::logging: spawning pane terminal event="pane.spawn.start" subsystem="pane" outcome="started" pane_id=397 rows=44 cols=112 scrollback_limit_bytes=10000000
2026-07-29T17:25:42.974313Z  INFO herdr::logging: pane child spawned event="pane.spawned" subsystem="pane" outcome="ok" pane_id=397 pid=1353123
2026-07-29T17:25:42.974483Z  INFO herdr::logging: workspace created event="workspace.create" subsystem="workspace" outcome="ok" workspace_id="wCK" pane_id=397
2026-07-29T17:25:42.974494Z  INFO herdr::logging: workspace focused event="workspace.focus" subsystem="workspace" outcome="ok" workspace_id="wCK"
2026-07-29T17:25:42.974554Z  INFO herdr::logging: tab focused event="tab.focus" subsystem="tab" outcome="ok" workspace_id="wCK" tab_id="wCK:t1"
2026-07-29T17:25:43.009739Z  INFO herdr::logging: pane child exited event="pane.exit" subsystem="pane" outcome="completed" pane_id=397 status="ExitStatus { code: 1, signal: None }"
2026-07-29T17:25:43.014827Z  INFO herdr::pane: pane session terminated pane=397 pid=1353123 signal=Hangup
2026-07-29T17:25:43.015037Z  INFO herdr::logging: spawning pane terminal event="pane.spawn.start" subsystem="pane" outcome="started" pane_id=398 rows=44 cols=112 scrollback_limit_bytes=10000000
2026-07-29T17:25:43.016364Z  INFO herdr::logging: pane child spawned event="pane.spawned" subsystem="pane" outcome="ok" pane_id=398 pid=1353130
2026-07-29T17:25:43.016498Z  INFO herdr::logging: workspace created event="workspace.create" subsystem="workspace" outcome="ok" workspace_id="wCM" pane_id=398
2026-07-29T17:25:43.016509Z  INFO herdr::logging: workspace focused event="workspace.focus" subsystem="workspace" outcome="ok" workspace_id="wCM"
2026-07-29T17:25:43.016581Z  INFO herdr::logging: tab focused event="tab.focus" subsystem="tab" outcome="ok" workspace_id="wCM" tab_id="wCM:t1"
2026-07-29T17:25:43.053758Z  INFO herdr::logging: pane child exited event="pane.exit" subsystem="pane" outcome="completed" pane_id=398 status="ExitStatus { code: 1, signal: None }"
2026-07-29T17:25:43.058896Z  INFO herdr::pane: pane session terminated pane=398 pid=1353130 signal=Hangup
2026-07-29T17:25:43.059153Z  INFO herdr::logging: spawning pane terminal event="pane.spawn.start" subsystem="pane" outcome="started" pane_id=399 rows=44 cols=112 scrollback_limit_bytes=10000000
2026-07-29T17:25:43.060498Z  INFO herdr::logging: pane child spawned event="pane.spawned" subsystem="pane" outcome="ok" pane_id=399 pid=1353137
2026-07-29T17:25:43.060655Z  INFO herdr::logging: workspace created event="workspace.create" subsystem="workspace" outcome="ok" workspace_id="wCN" pane_id=399
2026-07-29T17:25:43.060684Z  INFO herdr::logging: workspace focused event="workspace.focus" subsystem="workspace" outcome="ok" workspace_id="wCN"
2026-07-29T17:25:43.060750Z  INFO herdr::logging: tab focused event="tab.focus" subsystem="tab" outcome="ok" workspace_id="wCN" tab_id="wCN:t1"
2026-07-29T17:25:43.095675Z  INFO herdr::logging: pane child exited event="pane.exit" subsystem="pane" outcome="completed" pane_id=399 status="ExitStatus { code: 1, signal: None }"
2026-07-29T17:25:43.100703Z  INFO herdr::pane: pane session terminated pane=399 pid=1353137 signal=Hangup
2026-07-29T17:25:43.100912Z  INFO herdr::logging: spawning pane terminal event="pane.spawn.start" subsystem="pane" outcome="started" pane_id=400 rows=44 cols=112 scrollback_limit_bytes=10000000
2026-07-29T17:25:43.102204Z  INFO herdr::logging: pane child spawned event="pane.spawned" subsystem="pane" outcome="ok" pane_id=400 pid=1353144
2026-07-29T17:25:43.102357Z  INFO herdr::logging: workspace created event="workspace.create" subsystem="workspace" outcome="ok" workspace_id="wCP" pane_id=400
2026-07-29T17:25:43.102368Z  INFO herdr::logging: workspace focused event="workspace.focus" subsystem="workspace" outcome="ok" workspace_id="wCP"
2026-07-29T17:25:43.102424Z  INFO herdr::logging: tab focused event="tab.focus" subsystem="tab" outcome="ok" workspace_id="wCP" tab_id="wCP:t1"
2026-07-29T17:25:43.137512Z  INFO herdr::logging: pane child exited event="pane.exit" subsystem="pane" outcome="completed" pane_id=400 status="ExitStatus { code: 1, signal: None }"
2026-07-29T17:25:43.142372Z  INFO herdr::pane: pane session terminated pane=400 pid=1353144 signal=Hangup
2026-07-29T17:25:43.142584Z  INFO herdr::logging: spawning pane terminal event="pane.spawn.start" subsystem="pane" outcome="started" pane_id=401 rows=44 cols=112 scrollback_limit_bytes=10000000
2026-07-29T17:25:43.143965Z  INFO herdr::logging: pane child spawned event="pane.spawned" subsystem="pane" outcome="ok" pane_id=401 pid=1353151
2026-07-29T17:25:43.144111Z  INFO herdr::logging: workspace created event="workspace.create" subsystem="workspace" outcome="ok" workspace_id="wCQ" pane_id=401
2026-07-29T17:25:43.144121Z  INFO herdr::logging: workspace focused event="workspace.focus" subsystem="workspace" outcome="ok" workspace_id="wCQ"
2026-07-29T17:25:43.144182Z  INFO herdr::logging: tab focused event="tab.focus" subsystem="tab" outcome="ok" workspace_id="wCQ" tab_id="wCQ:t1"
2026-07-29T17:25:43.180429Z  INFO herdr::logging: pane child exited event="pane.exit" subsystem="pane" outcome="completed" pane_id=401 status="ExitStatus { code: 1, signal: None }"
2026-07-29T17:25:43.186751Z  INFO herdr::pane: pane session terminated pane=401 pid=1353151 signal=Hangup
2026-07-29T17:25:43.187072Z  INFO herdr::logging: spawning pane terminal event="pane.spawn.start" subsystem="pane" outcome="started" pane_id=402 rows=44 cols=112 scrollback_limit_bytes=10000000
2026-07-29T17:25:43.188841Z  INFO herdr::logging: pane child spawned event="pane.spawned" subsystem="pane" outcome="ok" pane_id=402 pid=1353218
2026-07-29T17:25:43.189037Z  INFO herdr::logging: workspace created event="workspace.create" subsystem="workspace" outcome="ok" workspace_id="wCR" pane_id=402
2026-07-29T17:25:43.189053Z  INFO herdr::logging: workspace focused event="workspace.focus" subsystem="workspace" outcome="ok" workspace_id="wCR"
2026-07-29T17:25:43.189141Z  INFO herdr::logging: tab focused event="tab.focus" subsystem="tab" outcome="ok" workspace_id="wCR" tab_id="wCR:t1"
2026-07-29T17:25:43.236367Z  INFO herdr::logging: pane child exited event="pane.exit" subsystem="pane" outcome="completed" pane_id=402 status="ExitStatus { code: 1, signal: None }"
2026-07-29T17:25:43.242847Z  INFO herdr::pane: pane session terminated pane=402 pid=1353218 signal=Hangup
2026-07-29T17:25:43.243132Z  INFO herdr::logging: spawning pane terminal event="pane.spawn.start" subsystem="pane" outcome="started" pane_id=403 rows=44 cols=112 scrollback_limit_bytes=10000000
2026-07-29T17:25:43.244852Z  INFO herdr::logging: pane child spawned event="pane.spawned" subsystem="pane" outcome="ok" pane_id=403 pid=1353301
2026-07-29T17:25:43.245119Z  INFO herdr::logging: workspace created event="workspace.create" subsystem="workspace" outcome="ok" workspace_id="wCS" pane_id=403
2026-07-29T17:25:43.245133Z  INFO herdr::logging: workspace focused event="workspace.focus" subsystem="workspace" outcome="ok" workspace_id="wCS"
2026-07-29T17:25:43.245219Z  INFO herdr::logging: tab focused event="tab.focus" subsystem="tab" outcome="ok" workspace_id="wCS" tab_id="wCS:t1"
2026-07-29T17:25:43.286060Z  INFO herdr::logging: pane child exited event="pane.exit" subsystem="pane" outcome="completed" pane_id=403 status="ExitStatus { code: 1, signal: None }"
2026-07-29T17:25:43.292000Z  INFO herdr::pane: pane session terminated pane=403 pid=1353301 signal=Hangup
2026-07-29T17:25:43.292307Z  INFO herdr::logging: spawning pane terminal event="pane.spawn.start" subsystem="pane" outcome="started" pane_id=404 rows=44 cols=112 scrollback_limit_bytes=10000000
2026-07-29T17:25:43.294016Z  INFO herdr::logging: pane child spawned event="pane.spawned" subsystem="pane" outcome="ok" pane_id=404 pid=1353309
2026-07-29T17:25:43.294197Z  INFO herdr::logging: workspace created event="workspace.create" subsystem="workspace" outcome="ok" workspace_id="wCT" pane_id=404
2026-07-29T17:25:43.294213Z  INFO herdr::logging: workspace focused event="workspace.focus" subsystem="workspace" outcome="ok" workspace_id="wCT"
2026-07-29T17:25:43.294306Z  INFO herdr::logging: tab focused event="tab.focus" subsystem="tab" outcome="ok" workspace_id="wCT" tab_id="wCT:t1"
2026-07-29T17:25:43.334408Z  INFO herdr::logging: pane child exited event="pane.exit" subsystem="pane" outcome="completed" pane_id=404 status="ExitStatus { code: 1, signal: None }"
2026-07-29T17:25:43.339899Z  INFO herdr::pane: pane session terminated pane=404 pid=1353309 signal=Hangup
2026-07-29T17:25:43.340103Z  INFO herdr::logging: spawning pane terminal event="pane.spawn.start" subsystem="pane" outcome="started" pane_id=405 rows=44 cols=112 scrollback_limit_bytes=10000000
2026-07-29T17:25:43.341358Z  INFO herdr::logging: pane child spawned event="pane.spawned" subsystem="pane" outcome="ok" pane_id=405 pid=1353329
2026-07-29T17:25:43.341517Z  INFO herdr::logging: workspace created event="workspace.create" subsystem="workspace" outcome="ok" workspace_id="wCV" pane_id=405
2026-07-29T17:25:43.341527Z  INFO herdr::logging: workspace focused event="workspace.focus" subsystem="workspace" outcome="ok" workspace_id="wCV"
2026-07-29T17:25:43.341590Z  INFO herdr::logging: tab focused event="tab.focus" subsystem="tab" outcome="ok" workspace_id="wCV" tab_id="wCV:t1"
2026-07-29T17:25:43.376964Z  INFO herdr::logging: pane child exited event="pane.exit" subsystem="pane" outcome="completed" pane_id=405 status="ExitStatus { code: 1, signal: None }"
2026-07-29T17:25:43.382365Z  INFO herdr::pane: pane session terminated pane=405 pid=1353329 signal=Hangup
2026-07-29T17:25:43.382575Z  INFO herdr::logging: spawning pane terminal event="pane.spawn.start" subsystem="pane" outcome="started" pane_id=406 rows=44 cols=112 scrollback_limit_bytes=10000000
2026-07-29T17:25:43.383907Z  INFO herdr::logging: pane child spawned event="pane.spawned" subsystem="pane" outcome="ok" pane_id=406 pid=1353337
2026-07-29T17:25:43.384063Z  INFO herdr::logging: workspace created event="workspace.create" subsystem="workspace" outcome="ok" workspace_id="wCW" pane_id=406
2026-07-29T17:25:43.384073Z  INFO herdr::logging: workspace focused event="workspace.focus" subsystem="workspace" outcome="ok" workspace_id="wCW"
2026-07-29T17:25:43.384141Z  INFO herdr::logging: tab focused event="tab.focus" subsystem="tab" outcome="ok" workspace_id="wCW" tab_id="wCW:t1"
2026-07-29T17:25:43.419091Z  INFO herdr::logging: pane child exited event="pane.exit" subsystem="pane" outcome="completed" pane_id=406 status="ExitStatus { code: 1, signal: None }"
2026-07-29T17:25:43.424182Z  INFO herdr::pane: pane session terminated pane=406 pid=1353337 signal=Hangup
2026-07-29T17:25:43.424393Z  INFO herdr::logging: spawning pane terminal event="pane.spawn.start" subsystem="pane" outcome="started" pane_id=407 rows=44 cols=112 scrollback_limit_bytes=10000000
2026-07-29T17:25:43.425943Z  INFO herdr::logging: pane child spawned event="pane.spawned" subsystem="pane" outcome="ok" pane_id=407 pid=1353344
2026-07-29T17:25:43.426106Z  INFO herdr::logging: workspace created event="workspace.create" subsystem="workspace" outcome="ok" workspace_id="wCX" pane_id=407
2026-07-29T17:25:43.426117Z  INFO herdr::logging: workspace focused event="workspace.focus" subsystem="workspace" outcome="ok" workspace_id="wCX"
2026-07-29T17:25:43.426202Z  INFO herdr::logging: tab focused event="tab.focus" subsystem="tab" outcome="ok" workspace_id="wCX" tab_id="wCX:t1"
2026-07-29T17:25:43.461689Z  INFO herdr::logging: pane child exited event="pane.exit" subsystem="pane" outcome="completed" pane_id=407 status="ExitStatus { code: 1, signal: None }"
2026-07-29T17:25:43.466588Z  INFO herdr::pane: pane session terminated pane=407 pid=1353344 signal=Hangup
2026-07-29T17:25:43.466810Z  INFO herdr::logging: spawning pane terminal event="pane.spawn.start" subsystem="pane" outcome="started" pane_id=408 rows=44 cols=112 scrollback_limit_bytes=10000000
2026-07-29T17:25:43.468087Z  INFO herdr::logging: pane child spawned event="pane.spawned" subsystem="pane" outcome="ok" pane_id=408 pid=1353351
2026-07-29T17:25:43.468256Z  INFO herdr::logging: workspace created event="workspace.create" subsystem="workspace" outcome="ok" workspace_id="wCY" pane_id=408
2026-07-29T17:25:43.468266Z  INFO herdr::logging: workspace focused event="workspace.focus" subsystem="workspace" outcome="ok" workspace_id="wCY"
2026-07-29T17:25:43.468324Z  INFO herdr::logging: tab focused event="tab.focus" subsystem="tab" outcome="ok" workspace_id="wCY" tab_id="wCY:t1"
2026-07-29T17:25:43.503370Z  INFO herdr::logging: pane child exited event="pane.exit" subsystem="pane" outcome="completed" pane_id=408 status="ExitStatus { code: 1, signal: None }"
2026-07-29T17:25:43.508399Z  INFO herdr::pane: pane session terminated pane=408 pid=1353351 signal=Hangup
2026-07-29T17:25:43.508621Z  INFO herdr::logging: spawning pane terminal event="pane.spawn.start" subsystem="pane" outcome="started" pane_id=409 rows=44 cols=112 scrollback_limit_bytes=10000000
2026-07-29T17:25:43.510081Z  INFO herdr::logging: pane child spawned event="pane.spawned" subsystem="pane" outcome="ok" pane_id=409 pid=1353358
2026-07-29T17:25:43.510255Z  INFO herdr::logging: workspace created event="workspace.create" subsystem="workspace" outcome="ok" workspace_id="wCZ" pane_id=409
2026-07-29T17:25:43.510266Z  INFO herdr::logging: workspace focused event="workspace.focus" subsystem="workspace" outcome="ok" workspace_id="wCZ"
2026-07-29T17:25:43.510326Z  INFO herdr::logging: tab focused event="tab.focus" subsystem="tab" outcome="ok" workspace_id="wCZ" tab_id="wCZ:t1"
2026-07-29T17:25:43.545465Z  INFO herdr::logging: pane child exited event="pane.exit" subsystem="pane" outcome="completed" pane_id=409 status="ExitStatus { code: 1, signal: None }"
2026-07-29T17:25:43.550554Z  INFO herdr::pane: pane session terminated pane=409 pid=1353358 signal=Hangup
2026-07-29T17:25:43.550783Z  INFO herdr::logging: spawning pane terminal event="pane.spawn.start" subsystem="pane" outcome="started" pane_id=410 rows=44 cols=112 scrollback_limit_bytes=10000000
2026-07-29T17:25:43.552079Z  INFO herdr::logging: pane child spawned event="pane.spawned" subsystem="pane" outcome="ok" pane_id=410 pid=1353365
2026-07-29T17:25:43.552203Z  INFO herdr::logging: workspace created event="workspace.create" subsystem="workspace" outcome="ok" workspace_id="wC0" pane_id=410
2026-07-29T17:25:43.552224Z  INFO herdr::logging: workspace focused event="workspace.focus" subsystem="workspace" outcome="ok" workspace_id="wC0"
2026-07-29T17:25:43.552292Z  INFO herdr::logging: tab focused event="tab.focus" subsystem="tab" outcome="ok" workspace_id="wC0" tab_id="wC0:t1"
2026-07-29T17:25:43.587476Z  INFO herdr::logging: pane child exited event="pane.exit" subsystem="pane" outcome="completed" pane_id=410 status="ExitStatus { code: 1, signal: None }"
2026-07-29T17:25:43.592438Z  INFO herdr::pane: pane session terminated pane=410 pid=1353365 signal=Hangup
2026-07-29T17:25:43.592589Z  INFO herdr::logging: spawning pane terminal event="pane.spawn.start" subsystem="pane" outcome="started" pane_id=411 rows=44 cols=112 scrollback_limit_bytes=10000000
2026-07-29T17:25:43.593914Z  INFO herdr::logging: pane child spawned event="pane.spawned" subsystem="pane" outcome="ok" pane_id=411 pid=1353372
2026-07-29T17:25:43.594066Z  INFO herdr::logging: workspace created event="workspace.create" subsystem="workspace" outcome="ok" workspace_id="wD1" pane_id=411
2026-07-29T17:25:43.594076Z  INFO herdr::logging: workspace focused event="workspace.focus" subsystem="workspace" outcome="ok" workspace_id="wD1"
2026-07-29T17:25:43.594138Z  INFO herdr::logging: tab focused event="tab.focus" subsystem="tab" outcome="ok" workspace_id="wD1" tab_id="wD1:t1"
2026-07-29T17:25:43.629062Z  INFO herdr::logging: pane child exited event="pane.exit" subsystem="pane" outcome="completed" pane_id=411 status="ExitStatus { code: 1, signal: None }"
2026-07-29T17:25:43.629172Z  INFO herdr::pane: pane session terminated pane=411 pid=1353372 signal=Hangup
2026-07-29T17:25:43.629388Z  INFO herdr::logging: spawning pane terminal event="pane.spawn.start" subsystem="pane" outcome="started" pane_id=412 rows=44 cols=112 scrollback_limit_bytes=10000000
2026-07-29T17:25:43.630626Z  INFO herdr::logging: pane child spawned event="pane.spawned" subsystem="pane" outcome="ok" pane_id=412 pid=1353379
2026-07-29T17:25:43.630804Z  INFO herdr::logging: workspace created event="workspace.create" subsystem="workspace" outcome="ok" workspace_id="wD2" pane_id=412
2026-07-29T17:25:43.630816Z  INFO herdr::logging: workspace focused event="workspace.focus" subsystem="workspace" outcome="ok" workspace_id="wD2"
2026-07-29T17:25:43.630871Z  INFO herdr::logging: tab focused event="tab.focus" subsystem="tab" outcome="ok" workspace_id="wD2" tab_id="wD2:t1"
2026-07-29T17:25:43.665413Z  INFO herdr::logging: pane child exited event="pane.exit" subsystem="pane" outcome="completed" pane_id=412 status="ExitStatus { code: 1, signal: None }"
2026-07-29T17:25:43.670622Z  INFO herdr::pane: pane session terminated pane=412 pid=1353379 signal=Hangup
2026-07-29T17:25:43.670842Z  INFO herdr::logging: spawning pane terminal event="pane.spawn.start" subsystem="pane" outcome="started" pane_id=413 rows=44 cols=112 scrollback_limit_bytes=10000000
2026-07-29T17:25:43.672149Z  INFO herdr::logging: pane child spawned event="pane.spawned" subsystem="pane" outcome="ok" pane_id=413 pid=1353388
2026-07-29T17:25:43.672290Z  INFO herdr::logging: workspace created event="workspace.create" subsystem="workspace" outcome="ok" workspace_id="wD3" pane_id=413
2026-07-29T17:25:43.672301Z  INFO herdr::logging: workspace focused event="workspace.focus" subsystem="workspace" outcome="ok" workspace_id="wD3"
2026-07-29T17:25:43.672375Z  INFO herdr::logging: tab focused event="tab.focus" subsystem="tab" outcome="ok" workspace_id="wD3" tab_id="wD3:t1"
2026-07-29T17:25:43.707889Z  INFO herdr::logging: pane child exited event="pane.exit" subsystem="pane" outcome="completed" pane_id=413 status="ExitStatus { code: 1, signal: None }"
2026-07-29T17:25:43.712860Z  INFO herdr::pane: pane session terminated pane=413 pid=1353388 signal=Hangup
2026-07-29T17:25:43.713072Z  INFO herdr::logging: spawning pane terminal event="pane.spawn.start" subsystem="pane" outcome="started" pane_id=414 rows=44 cols=112 scrollback_limit_bytes=10000000
2026-07-29T17:25:43.714356Z  INFO herdr::logging: pane child spawned event="pane.spawned" subsystem="pane" outcome="ok" pane_id=414 pid=1353395
2026-07-29T17:25:43.714533Z  INFO herdr::logging: workspace created event="workspace.create" subsystem="workspace" outcome="ok" workspace_id="wD4" pane_id=414
2026-07-29T17:25:43.714553Z  INFO herdr::logging: workspace focused event="workspace.focus" subsystem="workspace" outcome="ok" workspace_id="wD4"
2026-07-29T17:25:43.714610Z  INFO herdr::logging: tab focused event="tab.focus" subsystem="tab" outcome="ok" workspace_id="wD4" tab_id="wD4:t1"
2026-07-29T17:25:43.751001Z  INFO herdr::logging: pane child exited event="pane.exit" subsystem="pane" outcome="completed" pane_id=414 status="ExitStatus { code: 1, signal: None }"
2026-07-29T17:25:43.751127Z  INFO herdr::pane: pane session terminated pane=414 pid=1353395 signal=Hangup
2026-07-29T17:25:43.751367Z  INFO herdr::logging: spawning pane terminal event="pane.spawn.start" subsystem="pane" outcome="started" pane_id=415 rows=44 cols=112 scrollback_limit_bytes=10000000
2026-07-29T17:25:43.752700Z  INFO herdr::logging: pane child spawned event="pane.spawned" subsystem="pane" outcome="ok" pane_id=415 pid=1353402
2026-07-29T17:25:43.752863Z  INFO herdr::logging: workspace created event="workspace.create" subsystem="workspace" outcome="ok" workspace_id="wD5" pane_id=415
2026-07-29T17:25:43.752873Z  INFO herdr::logging: workspace focused event="workspace.focus" subsystem="workspace" outcome="ok" workspace_id="wD5"
2026-07-29T17:25:43.752929Z  INFO herdr::logging: tab focused event="tab.focus" subsystem="tab" outcome="ok" workspace_id="wD5" tab_id="wD5:t1"
2026-07-29T17:25:43.787568Z  INFO herdr::logging: pane child exited event="pane.exit" subsystem="pane" outcome="completed" pane_id=415 status="ExitStatus { code: 1, signal: None }"
2026-07-29T17:25:43.792366Z  INFO herdr::pane: pane session terminated pane=415 pid=1353402 signal=Hangup
2026-07-29T17:25:43.792572Z  INFO herdr::logging: spawning pane terminal event="pane.spawn.start" subsystem="pane" outcome="started" pane_id=416 rows=44 cols=112 scrollback_limit_bytes=10000000
2026-07-29T17:25:43.793873Z  INFO herdr::logging: pane child spawned event="pane.spawned" subsystem="pane" outcome="ok" pane_id=416 pid=1353410
2026-07-29T17:25:43.794039Z  INFO herdr::logging: workspace created event="workspace.create" subsystem="workspace" outcome="ok" workspace_id="wD6" pane_id=416
2026-07-29T17:25:43.794050Z  INFO herdr::logging: workspace focused event="workspace.focus" subsystem="workspace" outcome="ok" workspace_id="wD6"
2026-07-29T17:25:43.794109Z  INFO herdr::logging: tab focused event="tab.focus" subsystem="tab" outcome="ok" workspace_id="wD6" tab_id="wD6:t1"
2026-07-29T17:25:43.828205Z  INFO herdr::logging: pane child exited event="pane.exit" subsystem="pane" outcome="completed" pane_id=416 status="ExitStatus { code: 1, signal: None }"
2026-07-29T17:25:43.833057Z  INFO herdr::pane: pane session terminated pane=416 pid=1353410 signal=Hangup
2026-07-29T17:25:43.833266Z  INFO herdr::logging: spawning pane terminal event="pane.spawn.start" subsystem="pane" outcome="started" pane_id=417 rows=44 cols=112 scrollback_limit_bytes=10000000
2026-07-29T17:25:43.834529Z  INFO herdr::logging: pane child spawned event="pane.spawned" subsystem="pane" outcome="ok" pane_id=417 pid=1353417
2026-07-29T17:25:43.834703Z  INFO herdr::logging: workspace created event="workspace.create" subsystem="workspace" outcome="ok" workspace_id="wD7" pane_id=417
2026-07-29T17:25:43.834714Z  INFO herdr::logging: workspace focused event="workspace.focus" subsystem="workspace" outcome="ok" workspace_id="wD7"
2026-07-29T17:25:43.834771Z  INFO herdr::logging: tab focused event="tab.focus" subsystem="tab" outcome="ok" workspace_id="wD7" tab_id="wD7:t1"
2026-07-29T17:25:43.869357Z  INFO herdr::logging: pane child exited event="pane.exit" subsystem="pane" outcome="completed" pane_id=417 status="ExitStatus { code: 1, signal: None }"
2026-07-29T17:25:43.874184Z  INFO herdr::pane: pane session terminated pane=417 pid=1353417 signal=Hangup
2026-07-29T17:25:43.874390Z  INFO herdr::logging: spawning pane terminal event="pane.spawn.start" subsystem="pane" outcome="started" pane_id=418 rows=44 cols=112 scrollback_limit_bytes=10000000
2026-07-29T17:25:43.875642Z  INFO herdr::logging: pane child spawned event="pane.spawned" subsystem="pane" outcome="ok" pane_id=418 pid=1353424
2026-07-29T17:25:43.875799Z  INFO herdr::logging: workspace created event="workspace.create" subsystem="workspace" outcome="ok" workspace_id="wD8" pane_id=418
2026-07-29T17:25:43.875809Z  INFO herdr::logging: workspace focused event="workspace.focus" subsystem="workspace" outcome="ok" workspace_id="wD8"
2026-07-29T17:25:43.875874Z  INFO herdr::logging: tab focused event="tab.focus" subsystem="tab" outcome="ok" workspace_id="wD8" tab_id="wD8:t1"
2026-07-29T17:25:43.911471Z  INFO herdr::logging: pane child exited event="pane.exit" subsystem="pane" outcome="completed" pane_id=418 status="ExitStatus { code: 1, signal: None }"
2026-07-29T17:25:43.916443Z  INFO herdr::pane: pane session terminated pane=418 pid=1353424 signal=Hangup
2026-07-29T17:25:43.916648Z  INFO herdr::logging: spawning pane terminal event="pane.spawn.start" subsystem="pane" outcome="started" pane_id=419 rows=44 cols=112 scrollback_limit_bytes=10000000
2026-07-29T17:25:43.917995Z  INFO herdr::logging: pane child spawned event="pane.spawned" subsystem="pane" outcome="ok" pane_id=419 pid=1353431
2026-07-29T17:25:43.918163Z  INFO herdr::logging: workspace created event="workspace.create" subsystem="workspace" outcome="ok" workspace_id="wD9" pane_id=419
2026-07-29T17:25:43.918176Z  INFO herdr::logging: workspace focused event="workspace.focus" subsystem="workspace" outcome="ok" workspace_id="wD9"
2026-07-29T17:25:43.918233Z  INFO herdr::logging: tab focused event="tab.focus" subsystem="tab" outcome="ok" workspace_id="wD9" tab_id="wD9:t1"
2026-07-29T17:25:43.952150Z  INFO herdr::logging: pane child exited event="pane.exit" subsystem="pane" outcome="completed" pane_id=419 status="ExitStatus { code: 1, signal: None }"
2026-07-29T17:25:43.957236Z  INFO herdr::pane: pane session terminated pane=419 pid=1353431 signal=Hangup
2026-07-29T17:25:43.957353Z  INFO herdr::logging: spawning pane terminal event="pane.spawn.start" subsystem="pane" outcome="started" pane_id=420 rows=44 cols=112 scrollback_limit_bytes=10000000
2026-07-29T17:25:43.958688Z  INFO herdr::logging: pane child spawned event="pane.spawned" subsystem="pane" outcome="ok" pane_id=420 pid=1353438
2026-07-29T17:25:43.958853Z  INFO herdr::logging: workspace created event="workspace.create" subsystem="workspace" outcome="ok" workspace_id="wDA" pane_id=420
2026-07-29T17:25:43.958863Z  INFO herdr::logging: workspace focused event="workspace.focus" subsystem="workspace" outcome="ok" workspace_id="wDA"
2026-07-29T17:25:43.958923Z  INFO herdr::logging: tab focused event="tab.focus" subsystem="tab" outcome="ok" workspace_id="wDA" tab_id="wDA:t1"
2026-07-29T17:25:43.993065Z  INFO herdr::logging: pane child exited event="pane.exit" subsystem="pane" outcome="completed" pane_id=420 status="ExitStatus { code: 1, signal: None }"
2026-07-29T17:25:43.998236Z  INFO herdr::pane: pane session terminated pane=420 pid=1353438 signal=Hangup
2026-07-29T17:25:43.998443Z  INFO herdr::logging: spawning pane terminal event="pane.spawn.start" subsystem="pane" outcome="started" pane_id=421 rows=44 cols=112 scrollback_limit_bytes=10000000
2026-07-29T17:25:43.999841Z  INFO herdr::logging: pane child spawned event="pane.spawned" subsystem="pane" outcome="ok" pane_id=421 pid=1353445
2026-07-29T17:25:44.000003Z  INFO herdr::logging: workspace created event="workspace.create" subsystem="workspace" outcome="ok" workspace_id="wDB" pane_id=421
2026-07-29T17:25:44.000013Z  INFO herdr::logging: workspace focused event="workspace.focus" subsystem="workspace" outcome="ok" workspace_id="wDB"
2026-07-29T17:25:44.000071Z  INFO herdr::logging: tab focused event="tab.focus" subsystem="tab" outcome="ok" workspace_id="wDB" tab_id="wDB:t1"
2026-07-29T17:25:44.035001Z  INFO herdr::logging: pane child exited event="pane.exit" subsystem="pane" outcome="completed" pane_id=421 status="ExitStatus { code: 1, signal: None }"
2026-07-29T17:25:44.039732Z  INFO herdr::pane: pane session terminated pane=421 pid=1353445 signal=Hangup
2026-07-29T17:25:44.039949Z  INFO herdr::logging: spawning pane terminal event="pane.spawn.start" subsystem="pane" outcome="started" pane_id=422 rows=44 cols=112 scrollback_limit_bytes=10000000
2026-07-29T17:25:44.041100Z  INFO herdr::logging: pane child spawned event="pane.spawned" subsystem="pane" outcome="ok" pane_id=422 pid=1353452
2026-07-29T17:25:44.041219Z  INFO herdr::logging: workspace created event="workspace.create" subsystem="workspace" outcome="ok" workspace_id="wDC" pane_id=422
2026-07-29T17:25:44.041227Z  INFO herdr::logging: workspace focused event="workspace.focus" subsystem="workspace" outcome="ok" workspace_id="wDC"
2026-07-29T17:25:44.041285Z  INFO herdr::logging: tab focused event="tab.focus" subsystem="tab" outcome="ok" workspace_id="wDC" tab_id="wDC:t1"
2026-07-29T17:25:44.076104Z  INFO herdr::logging: pane child exited event="pane.exit" subsystem="pane" outcome="completed" pane_id=422 status="ExitStatus { code: 1, signal: None }"
2026-07-29T17:25:44.081095Z  INFO herdr::pane: pane session terminated pane=422 pid=1353452 signal=Hangup
2026-07-29T17:25:44.081308Z  INFO herdr::logging: spawning pane terminal event="pane.spawn.start" subsystem="pane" outcome="started" pane_id=423 rows=44 cols=112 scrollback_limit_bytes=10000000
2026-07-29T17:25:44.082544Z  INFO herdr::logging: pane child spawned event="pane.spawned" subsystem="pane" outcome="ok" pane_id=423 pid=1353459
2026-07-29T17:25:44.082659Z  INFO herdr::logging: workspace created event="workspace.create" subsystem="workspace" outcome="ok" workspace_id="wDD" pane_id=423
2026-07-29T17:25:44.082682Z  INFO herdr::logging: workspace focused event="workspace.focus" subsystem="workspace" outcome="ok" workspace_id="wDD"
2026-07-29T17:25:44.082742Z  INFO herdr::logging: tab focused event="tab.focus" subsystem="tab" outcome="ok" workspace_id="wDD" tab_id="wDD:t1"
2026-07-29T17:25:44.118466Z  INFO herdr::logging: pane child exited event="pane.exit" subsystem="pane" outcome="completed" pane_id=423 status="ExitStatus { code: 1, signal: None }"
2026-07-29T17:25:44.123413Z  INFO herdr::pane: pane session terminated pane=423 pid=1353459 signal=Hangup
2026-07-29T17:25:44.123607Z  INFO herdr::logging: spawning pane terminal event="pane.spawn.start" subsystem="pane" outcome="started" pane_id=424 rows=44 cols=112 scrollback_limit_bytes=10000000
2026-07-29T17:25:44.124884Z  INFO herdr::logging: pane child spawned event="pane.spawned" subsystem="pane" outcome="ok" pane_id=424 pid=1353467
2026-07-29T17:25:44.125024Z  INFO herdr::logging: workspace created event="workspace.create" subsystem="workspace" outcome="ok" workspace_id="wDE" pane_id=424
2026-07-29T17:25:44.125034Z  INFO herdr::logging: workspace focused event="workspace.focus" subsystem="workspace" outcome="ok" workspace_id="wDE"
2026-07-29T17:25:44.125097Z  INFO herdr::logging: tab focused event="tab.focus" subsystem="tab" outcome="ok" workspace_id="wDE" tab_id="wDE:t1"
2026-07-29T17:25:44.159642Z  INFO herdr::logging: pane child exited event="pane.exit" subsystem="pane" outcome="completed" pane_id=424 status="ExitStatus { code: 1, signal: None }"
2026-07-29T17:25:44.164391Z  INFO herdr::pane: pane session terminated pane=424 pid=1353467 signal=Hangup
2026-07-29T17:25:44.164600Z  INFO herdr::logging: spawning pane terminal event="pane.spawn.start" subsystem="pane" outcome="started" pane_id=425 rows=44 cols=112 scrollback_limit_bytes=10000000
2026-07-29T17:25:44.165833Z  INFO herdr::logging: pane child spawned event="pane.spawned" subsystem="pane" outcome="ok" pane_id=425 pid=1353474
2026-07-29T17:25:44.165954Z  INFO herdr::logging: workspace created event="workspace.create" subsystem="workspace" outcome="ok" workspace_id="wDF" pane_id=425
2026-07-29T17:25:44.165966Z  INFO herdr::logging: workspace focused event="workspace.focus" subsystem="workspace" outcome="ok" workspace_id="wDF"
2026-07-29T17:25:44.166022Z  INFO herdr::logging: tab focused event="tab.focus" subsystem="tab" outcome="ok" workspace_id="wDF" tab_id="wDF:t1"
2026-07-29T17:25:44.211103Z  INFO herdr::logging: pane child exited event="pane.exit" subsystem="pane" outcome="completed" pane_id=425 status="ExitStatus { code: 1, signal: None }"
2026-07-29T17:25:44.217443Z  INFO herdr::pane: pane session terminated pane=425 pid=1353474 signal=Hangup
2026-07-29T17:25:44.217709Z  INFO herdr::logging: spawning pane terminal event="pane.spawn.start" subsystem="pane" outcome="started" pane_id=426 rows=44 cols=112 scrollback_limit_bytes=10000000
2026-07-29T17:25:44.219362Z  INFO herdr::logging: pane child spawned event="pane.spawned" subsystem="pane" outcome="ok" pane_id=426 pid=1353602
2026-07-29T17:25:44.219547Z  INFO herdr::logging: workspace created event="workspace.create" subsystem="workspace" outcome="ok" workspace_id="wDG" pane_id=426
2026-07-29T17:25:44.219562Z  INFO herdr::logging: workspace focused event="workspace.focus" subsystem="workspace" outcome="ok" workspace_id="wDG"
2026-07-29T17:25:44.219652Z  INFO herdr::logging: tab focused event="tab.focus" subsystem="tab" outcome="ok" workspace_id="wDG" tab_id="wDG:t1"
2026-07-29T17:25:48.278793Z  INFO herdr::logging: spawning pane terminal event="pane.spawn.start" subsystem="pane" outcome="started" pane_id=427 rows=44 cols=112 scrollback_limit_bytes=10000000
2026-07-29T17:25:48.280879Z  INFO herdr::logging: pane child spawned event="pane.spawned" subsystem="pane" outcome="ok" pane_id=427 pid=1354368
2026-07-29T17:25:48.281214Z  INFO herdr::logging: tab focused event="tab.focus" subsystem="tab" outcome="ok" workspace_id="wDG" tab_id="wDG:t2"
2026-07-29T17:25:48.336357Z  INFO herdr::logging: pane child exited event="pane.exit" subsystem="pane" outcome="completed" pane_id=427 status="ExitStatus { code: 1, signal: None }"
2026-07-29T17:25:48.343965Z  INFO herdr::pane: pane session terminated pane=427 pid=1354368 signal=Hangup
2026-07-29T17:25:53.345557Z  INFO herdr::logging: session saved event="persist.save" subsystem="persist" outcome="ok" path=/home/jacky/.config/herdr/session.json workspaces=1
2026-07-29T17:26:09.963833Z  INFO herdr::server::headless: client connected client_id=8 cols=165 rows=43 cell_width_px=0 cell_height_px=0 render_encoding=SemanticFrame
2026-07-29T17:26:18.277431Z  INFO herdr::server::headless: client disconnected client_id=6
2026-07-29T17:26:21.550925Z  INFO herdr::server::headless: client connected client_id=10 cols=165 rows=43 cell_width_px=0 cell_height_px=0 render_encoding=SemanticFrame
2026-07-29T17:27:00.967759Z  INFO herdr::app::actions: copied selection to clipboard
2026-07-29T17:27:16.062534Z  INFO herdr::pane: agent changed pane=426 previous_agent=None agent=Some(OpenCode) process=opencode pgid=Some(1371199)
2026-07-29T17:27:57.701764Z  INFO herdr::pane: agent changed pane=426 previous_agent=None agent=Some(OpenCode) process=opencode pgid=Some(1371199)
2026-07-29T17:28:02.703950Z  INFO herdr::logging: session saved event="persist.save" subsystem="persist" outcome="ok" path=/home/jacky/.config/herdr/session.json workspaces=1
2026-07-29T17:29:14.189568Z  INFO herdr::pane: agent changed pane=426 previous_agent=Some(OpenCode) agent=None pgid=Some(1353602)
2026-07-29T17:29:14.308542Z  INFO herdr::logging: pane child exited event="pane.exit" subsystem="pane" outcome="completed" pane_id=426 status="ExitStatus { code: 0, signal: None }"
2026-07-29T17:29:14.308761Z  INFO herdr::pane: pane session terminated pane=426 pid=1353602 signal=Hangup
2026-07-29T17:29:14.308938Z  INFO herdr::logging: spawning pane terminal event="pane.spawn.start" subsystem="pane" outcome="started" pane_id=428 rows=42 cols=139 scrollback_limit_bytes=10000000
2026-07-29T17:29:14.310906Z  INFO herdr::logging: pane child spawned event="pane.spawned" subsystem="pane" outcome="ok" pane_id=428 pid=1393085
2026-07-29T17:29:14.311194Z  INFO herdr::logging: workspace created event="workspace.create" subsystem="workspace" outcome="ok" workspace_id="wDH" pane_id=428
2026-07-29T17:29:14.311206Z  INFO herdr::logging: workspace focused event="workspace.focus" subsystem="workspace" outcome="ok" workspace_id="wDH"
2026-07-29T17:29:14.311301Z  INFO herdr::logging: tab focused event="tab.focus" subsystem="tab" outcome="ok" workspace_id="wDH" tab_id="wDH:t1"
2026-07-29T17:29:19.313197Z  INFO herdr::logging: session saved event="persist.save" subsystem="persist" outcome="ok" path=/home/jacky/.config/herdr/session.json workspaces=1
2026-07-29T17:29:21.362449Z  INFO herdr::server::headless: client connected client_id=12 cols=72 rows=27 cell_width_px=0 cell_height_px=0 render_encoding=SemanticFrame
2026-07-29T17:29:23.464147Z  INFO herdr::server::headless: client resize client_id=12 cols=77 rows=28 cell_width_px=0 cell_height_px=0
2026-07-29T17:29:23.564233Z  INFO herdr::server::headless: client resize client_id=12 cols=121 rows=36 cell_width_px=0 cell_height_px=0
2026-07-29T17:29:23.664276Z  INFO herdr::server::headless: client resize client_id=12 cols=141 rows=42 cell_width_px=0 cell_height_px=0
2026-07-29T17:29:23.764335Z  INFO herdr::server::headless: client resize client_id=12 cols=150 rows=45 cell_width_px=0 cell_height_px=0
2026-07-29T17:29:23.864306Z  INFO herdr::server::headless: client resize client_id=12 cols=164 rows=47 cell_width_px=0 cell_height_px=0
2026-07-29T17:29:23.964414Z  INFO herdr::server::headless: client resize client_id=12 cols=163 rows=45 cell_width_px=0 cell_height_px=0
2026-07-29T17:29:24.064447Z  INFO herdr::server::headless: client resize client_id=12 cols=162 rows=45 cell_width_px=0 cell_height_px=0
2026-07-29T17:29:44.126279Z  INFO herdr::logging: spawning pane terminal event="pane.spawn.start" subsystem="pane" outcome="started" pane_id=429 rows=44 cols=136 scrollback_limit_bytes=10000000
2026-07-29T17:29:44.128192Z  INFO herdr::logging: pane child spawned event="pane.spawned" subsystem="pane" outcome="ok" pane_id=429 pid=1398196
2026-07-29T17:29:44.128458Z  INFO herdr::logging: tab focused event="tab.focus" subsystem="tab" outcome="ok" workspace_id="wDH" tab_id="wDH:t2"
2026-07-29T17:29:49.130373Z  INFO herdr::logging: session saved event="persist.save" subsystem="persist" outcome="ok" path=/home/jacky/.config/herdr/session.json workspaces=1
2026-07-29T17:29:53.851685Z  INFO herdr::logging: tab focused event="tab.focus" subsystem="tab" outcome="ok" workspace_id="wDH" tab_id="wDH:t1"
2026-07-29T17:29:58.853586Z  INFO herdr::logging: session saved event="persist.save" subsystem="persist" outcome="ok" path=/home/jacky/.config/herdr/session.json workspaces=1
2026-07-29T17:30:01.003919Z  INFO herdr::pane: agent changed pane=428 previous_agent=None agent=Some(OpenCode) process=opencode pgid=Some(1401323)
2026-07-29T17:31:35.319433Z  INFO herdr::pane: agent changed pane=428 previous_agent=None agent=Some(OpenCode) process=opencode pgid=Some(1401323)
2026-07-29T17:31:40.336065Z  INFO herdr::logging: session saved event="persist.save" subsystem="persist" outcome="ok" path=/home/jacky/.config/herdr/session.json workspaces=1
2026-07-29T17:32:37.306653Z  INFO herdr::logging: spawning pane terminal event="pane.spawn.start" subsystem="pane" outcome="started" pane_id=430 rows=44 cols=136 scrollback_limit_bytes=10000000
2026-07-29T17:32:37.309230Z  INFO herdr::logging: pane child spawned event="pane.spawned" subsystem="pane" outcome="ok" pane_id=430 pid=1426394
2026-07-29T17:32:37.309712Z  INFO herdr::logging: tab focused event="tab.focus" subsystem="tab" outcome="ok" workspace_id="wDH" tab_id="wDH:t3"
2026-07-29T17:32:42.317777Z  INFO herdr::logging: session saved event="persist.save" subsystem="persist" outcome="ok" path=/home/jacky/.config/herdr/session.json workspaces=1
2026-07-29T17:32:44.045925Z  INFO herdr::app::actions: copied selection to clipboard
2026-07-29T17:32:50.692637Z  INFO herdr::app::actions: copied selection to clipboard
2026-07-29T17:32:55.295756Z  INFO herdr::logging: tab focused event="tab.focus" subsystem="tab" outcome="ok" workspace_id="wDH" tab_id="wDH:t1"
2026-07-29T17:33:00.297887Z  INFO herdr::logging: session saved event="persist.save" subsystem="persist" outcome="ok" path=/home/jacky/.config/herdr/session.json workspaces=1
2026-07-29T17:33:18.997325Z  INFO herdr::logging: spawning pane terminal event="pane.spawn.start" subsystem="pane" outcome="started" pane_id=431 rows=44 cols=136 scrollback_limit_bytes=10000000
2026-07-29T17:33:18.998884Z  INFO herdr::logging: pane child spawned event="pane.spawned" subsystem="pane" outcome="ok" pane_id=431 pid=1432956
2026-07-29T17:33:18.999134Z  INFO herdr::logging: tab focused event="tab.focus" subsystem="tab" outcome="ok" workspace_id="wDH" tab_id="wDH:t4"
2026-07-29T17:33:23.262567Z  INFO herdr::logging: pane child exited event="pane.exit" subsystem="pane" outcome="completed" pane_id=431 status="ExitStatus { code: 0, signal: None }"
2026-07-29T17:33:23.269728Z  INFO herdr::pane: pane session terminated pane=431 pid=1432956 signal=Hangup
2026-07-29T17:33:27.225846Z  INFO herdr::logging: pane child exited event="pane.exit" subsystem="pane" outcome="completed" pane_id=430 status="ExitStatus { code: 0, signal: None }"
2026-07-29T17:33:27.233310Z  INFO herdr::pane: pane session terminated pane=430 pid=1426394 signal=Hangup
2026-07-29T17:33:29.669959Z  INFO herdr::logging: tab focused event="tab.focus" subsystem="tab" outcome="ok" workspace_id="wDH" tab_id="wDH:t1"
2026-07-29T17:33:31.035690Z  INFO herdr::logging: tab focused event="tab.focus" subsystem="tab" outcome="ok" workspace_id="wDH" tab_id="wDH:t2"
2026-07-29T17:33:36.037241Z  INFO herdr::logging: session saved event="persist.save" subsystem="persist" outcome="ok" path=/home/jacky/.config/herdr/session.json workspaces=1
2026-07-29T17:33:43.953261Z  INFO herdr::logging: spawning pane terminal event="pane.spawn.start" subsystem="pane" outcome="started" pane_id=432 rows=44 cols=136 scrollback_limit_bytes=10000000
2026-07-29T17:33:43.954710Z  INFO herdr::logging: pane child spawned event="pane.spawned" subsystem="pane" outcome="ok" pane_id=432 pid=1437037
2026-07-29T17:33:43.954951Z  INFO herdr::logging: tab focused event="tab.focus" subsystem="tab" outcome="ok" workspace_id="wDH" tab_id="wDH:t5"
2026-07-29T17:33:46.024284Z  INFO herdr::logging: pane child exited event="pane.exit" subsystem="pane" outcome="completed" pane_id=432 status="ExitStatus { code: 0, signal: None }"
2026-07-29T17:33:46.024490Z  INFO herdr::pane: pane session terminated pane=432 pid=1437037 signal=Hangup
2026-07-29T17:33:49.214164Z  INFO herdr::logging: spawning pane terminal event="pane.spawn.start" subsystem="pane" outcome="started" pane_id=433 rows=44 cols=136 scrollback_limit_bytes=10000000
2026-07-29T17:33:49.216354Z  INFO herdr::logging: pane child spawned event="pane.spawned" subsystem="pane" outcome="ok" pane_id=433 pid=1437966
2026-07-29T17:33:49.216574Z  INFO herdr::logging: tab renamed event="tab.rename" subsystem="tab" outcome="ok" workspace_id="wDH" tab_id="wDH:t6"
2026-07-29T17:33:49.216707Z  INFO herdr::logging: tab focused event="tab.focus" subsystem="tab" outcome="ok" workspace_id="wDH" tab_id="wDH:t6"
2026-07-29T17:33:53.066363Z  INFO herdr::logging: tab focused event="tab.focus" subsystem="tab" outcome="ok" workspace_id="wDH" tab_id="wDH:t2"
2026-07-29T17:33:56.677965Z  INFO herdr::logging: tab focused event="tab.focus" subsystem="tab" outcome="ok" workspace_id="wDH" tab_id="wDH:t1"
2026-07-29T17:34:00.990219Z  INFO herdr::logging: tab focused event="tab.focus" subsystem="tab" outcome="ok" workspace_id="wDH" tab_id="wDH:t2"
2026-07-29T17:34:05.992989Z  INFO herdr::logging: session saved event="persist.save" subsystem="persist" outcome="ok" path=/home/jacky/.config/herdr/session.json workspaces=1
2026-07-29T17:38:00.955445Z  INFO herdr::logging: tab focused event="tab.focus" subsystem="tab" outcome="ok" workspace_id="wDH" tab_id="wDH:t1"
2026-07-29T17:38:05.957187Z  INFO herdr::logging: session saved event="persist.save" subsystem="persist" outcome="ok" path=/home/jacky/.config/herdr/session.json workspaces=1
2026-07-29T17:38:28.867720Z  INFO herdr::pane: agent changed pane=428 previous_agent=None agent=Some(OpenCode) process=opencode pgid=Some(1481377)
2026-07-29T17:38:33.767322Z  INFO herdr::logging: session saved event="persist.save" subsystem="persist" outcome="ok" path=/home/jacky/.config/herdr/session.json workspaces=1
2026-07-29T17:39:17.446371Z  INFO herdr::logging: tab focused event="tab.focus" subsystem="tab" outcome="ok" workspace_id="wDH" tab_id="wDH:t2"
2026-07-29T17:39:22.448336Z  INFO herdr::logging: session saved event="persist.save" subsystem="persist" outcome="ok" path=/home/jacky/.config/herdr/session.json workspaces=1
2026-07-29T17:46:39.110964Z  INFO herdr::logging: checking for updates event="update.check.start" subsystem="update" outcome="started"
2026-07-29T18:16:39.112616Z  INFO herdr::logging: checking for updates event="update.check.start" subsystem="update" outcome="started"
2026-07-29T18:46:39.114635Z  INFO herdr::logging: checking for updates event="update.check.start" subsystem="update" outcome="started"
2026-07-29T19:16:39.115833Z  INFO herdr::logging: checking for updates event="update.check.start" subsystem="update" outcome="started"
2026-07-29T19:46:39.117360Z  INFO herdr::logging: checking for updates event="update.check.start" subsystem="update" outcome="started"
2026-07-29T20:08:58.897352Z  INFO herdr::logging: tab focused event="tab.focus" subsystem="tab" outcome="ok" workspace_id="wDH" tab_id="wDH:t1"
2026-07-29T20:09:01.405316Z  INFO herdr::logging: tab focused event="tab.focus" subsystem="tab" outcome="ok" workspace_id="wDH" tab_id="wDH:t2"
2026-07-29T20:09:03.413446Z  INFO herdr::logging: tab focused event="tab.focus" subsystem="tab" outcome="ok" workspace_id="wDH" tab_id="wDH:t1"
2026-07-29T20:09:08.416971Z  INFO herdr::logging: session saved event="persist.save" subsystem="persist" outcome="ok" path=/home/jacky/.config/herdr/session.json workspaces=1
2026-07-29T20:09:09.151609Z  INFO herdr::logging: tab focused event="tab.focus" subsystem="tab" outcome="ok" workspace_id="wDH" tab_id="wDH:t2"
2026-07-29T20:09:11.941252Z  INFO herdr::logging: tab focused event="tab.focus" subsystem="tab" outcome="ok" workspace_id="wDH" tab_id="wDH:t6"
2026-07-29T20:09:13.162900Z  INFO herdr::logging: tab focused event="tab.focus" subsystem="tab" outcome="ok" workspace_id="wDH" tab_id="wDH:t1"
2026-07-29T20:09:18.164651Z  INFO herdr::logging: session saved event="persist.save" subsystem="persist" outcome="ok" path=/home/jacky/.config/herdr/session.json workspaces=1
2026-07-29T20:16:39.117700Z  INFO herdr::logging: checking for updates event="update.check.start" subsystem="update" outcome="started"
2026-07-29T20:29:28.972968Z  INFO herdr::server::headless: client disconnected client_id=12
2026-07-29T20:46:39.119156Z  INFO herdr::logging: checking for updates event="update.check.start" subsystem="update" outcome="started"
2026-07-29T20:59:19.989883Z  INFO herdr::server::headless: client disconnected client_id=4
2026-07-29T20:59:19.997028Z  INFO herdr::server::headless: client disconnected client_id=8
2026-07-29T20:59:19.997322Z  INFO herdr::server::headless: client disconnected client_id=10
2026-07-29T21:04:35.082311Z  INFO herdr::api::server: api server listening path=/home/jacky/.config/herdr/herdr.sock
2026-07-29T21:04:35.085593Z  INFO herdr::logging: spawning pane terminal event="pane.spawn.start" subsystem="pane" outcome="started" pane_id=2 rows=24 cols=80 scrollback_limit_bytes=10000000
2026-07-29T21:04:35.086936Z  INFO herdr::logging: pane child spawned event="pane.spawned" subsystem="pane" outcome="ok" pane_id=2 pid=9159
2026-07-29T21:04:35.087957Z  INFO herdr::logging: spawning pane terminal event="pane.spawn.start" subsystem="pane" outcome="started" pane_id=3 rows=24 cols=80 scrollback_limit_bytes=10000000
2026-07-29T21:04:35.089266Z  INFO herdr::logging: pane child spawned event="pane.spawned" subsystem="pane" outcome="ok" pane_id=3 pid=9162
2026-07-29T21:04:35.089644Z  INFO herdr::logging: session restore evaluated event="persist.restore" subsystem="persist" outcome="ok" workspaces=1
2026-07-29T21:04:35.089687Z  INFO herdr::app: using pane scrollback configuration pane_scrollback_limit_bytes=10000000
2026-07-29T21:04:35.200026Z  INFO herdr::logging: checking for updates event="update.check.start" subsystem="update" outcome="started"
2026-07-29T21:04:35.203952Z  INFO herdr::server::headless: restored session already has workspaces; ignoring startup cwd cwd=/home/jacky
2026-07-29T21:04:35.204299Z  INFO herdr::server::headless: client protocol socket listening path=/home/jacky/.config/herdr/herdr-client.sock
2026-07-29T21:04:35.204366Z  INFO herdr::server::headless: herdr server started api_socket=/home/jacky/.config/herdr/herdr.sock client_socket=/home/jacky/.config/herdr/herdr-client.sock
2026-07-29T21:04:35.204488Z  INFO herdr::logging: herdr starting event="app.startup" subsystem="server" outcome="started" pid=9141
2026-07-29T21:04:35.457966Z  INFO herdr::server::headless: client connected client_id=2 cols=72 rows=27 cell_width_px=0 cell_height_px=0 render_encoding=SemanticFrame
2026-07-29T21:04:35.477523Z  INFO herdr::logging: spawning pane terminal event="pane.spawn.start" subsystem="pane" outcome="started" pane_id=1 rows=26 cols=46 scrollback_limit_bytes=10000000
2026-07-29T21:04:35.479204Z  INFO herdr::logging: pane child spawned event="pane.spawned" subsystem="pane" outcome="ok" pane_id=1 pid=9307
2026-07-29T21:04:37.035382Z  INFO herdr::pane: agent changed pane=1 previous_agent=None agent=Some(OpenCode) process=opencode pgid=Some(9588)
2026-07-29T21:04:40.481470Z  INFO herdr::logging: session saved event="persist.save" subsystem="persist" outcome="ok" path=/home/jacky/.config/herdr/session.json workspaces=1
2026-07-29T21:04:40.664397Z  INFO herdr::server::headless: client resize client_id=2 cols=74 rows=27 cell_width_px=0 cell_height_px=0
2026-07-29T21:04:40.764473Z  INFO herdr::server::headless: client resize client_id=2 cols=99 rows=34 cell_width_px=0 cell_height_px=0
2026-07-29T21:04:40.864794Z  INFO herdr::server::headless: client resize client_id=2 cols=128 rows=37 cell_width_px=0 cell_height_px=0
2026-07-29T21:04:40.964943Z  INFO herdr::server::headless: client resize client_id=2 cols=136 rows=36 cell_width_px=0 cell_height_px=0
2026-07-29T21:04:41.065625Z  INFO herdr::server::headless: client resize client_id=2 cols=144 rows=38 cell_width_px=0 cell_height_px=0
2026-07-29T21:04:41.165789Z  INFO herdr::server::headless: client resize client_id=2 cols=146 rows=40 cell_width_px=0 cell_height_px=0
2026-07-29T21:04:41.567583Z  INFO herdr::server::headless: client resize client_id=2 cols=146 rows=41 cell_width_px=0 cell_height_px=0
2026-07-29T21:04:46.300935Z  INFO herdr::logging: tab focused event="tab.focus" subsystem="tab" outcome="ok" workspace_id="wDH" tab_id="wDH:t2"
2026-07-29T21:04:47.136116Z  INFO herdr::logging: tab focused event="tab.focus" subsystem="tab" outcome="ok" workspace_id="wDH" tab_id="wDH:t6"
2026-07-29T21:04:48.064743Z  INFO herdr::logging: tab focused event="tab.focus" subsystem="tab" outcome="ok" workspace_id="wDH" tab_id="wDH:t2"
2026-07-29T21:04:48.821550Z  INFO herdr::logging: tab focused event="tab.focus" subsystem="tab" outcome="ok" workspace_id="wDH" tab_id="wDH:t6"
2026-07-29T21:04:50.019484Z  INFO herdr::logging: tab focused event="tab.focus" subsystem="tab" outcome="ok" workspace_id="wDH" tab_id="wDH:t2"
2026-07-29T21:04:55.022306Z  INFO herdr::logging: session saved event="persist.save" subsystem="persist" outcome="ok" path=/home/jacky/.config/herdr/session.json workspaces=1
2026-07-29T21:09:28.362436Z  INFO herdr::server::headless: client disconnected client_id=2
2026-07-30T10:31:25.242564Z  INFO herdr::api::server: api server listening path=/home/jacky/.config/herdr/herdr.sock
2026-07-30T10:31:25.244332Z  INFO herdr::logging: spawning pane terminal event="pane.spawn.start" subsystem="pane" outcome="started" pane_id=2 rows=24 cols=80 scrollback_limit_bytes=10000000
2026-07-30T10:31:25.245142Z  INFO herdr::logging: pane child spawned event="pane.spawned" subsystem="pane" outcome="ok" pane_id=2 pid=103765
2026-07-30T10:31:25.245686Z  INFO herdr::logging: spawning pane terminal event="pane.spawn.start" subsystem="pane" outcome="started" pane_id=3 rows=24 cols=80 scrollback_limit_bytes=10000000
2026-07-30T10:31:25.246532Z  INFO herdr::logging: pane child spawned event="pane.spawned" subsystem="pane" outcome="ok" pane_id=3 pid=103768
2026-07-30T10:31:25.246720Z  INFO herdr::logging: session restore evaluated event="persist.restore" subsystem="persist" outcome="ok" workspaces=1
2026-07-30T10:31:25.246737Z  INFO herdr::app: using pane scrollback configuration pane_scrollback_limit_bytes=10000000
2026-07-30T10:31:25.316478Z  INFO herdr::logging: checking for updates event="update.check.start" subsystem="update" outcome="started"
2026-07-30T10:31:25.319209Z  INFO herdr::server::headless: restored session already has workspaces; ignoring startup cwd cwd=/home/jacky
2026-07-30T10:31:25.319380Z  INFO herdr::server::headless: client protocol socket listening path=/home/jacky/.config/herdr/herdr-client.sock
2026-07-30T10:31:25.319407Z  INFO herdr::server::headless: herdr server started api_socket=/home/jacky/.config/herdr/herdr.sock client_socket=/home/jacky/.config/herdr/herdr-client.sock
2026-07-30T10:31:25.319709Z  INFO herdr::logging: herdr starting event="app.startup" subsystem="server" outcome="started" pid=103747
2026-07-30T10:31:25.572328Z  INFO herdr::server::headless: client connected client_id=2 cols=72 rows=27 cell_width_px=0 cell_height_px=0 render_encoding=SemanticFrame
2026-07-30T10:31:25.592150Z  INFO herdr::logging: spawning pane terminal event="pane.spawn.start" subsystem="pane" outcome="started" pane_id=1 rows=26 cols=45 scrollback_limit_bytes=10000000
2026-07-30T10:31:25.593117Z  INFO herdr::logging: pane child spawned event="pane.spawned" subsystem="pane" outcome="ok" pane_id=1 pid=103843
2026-07-30T10:31:27.151562Z  INFO herdr::pane: agent changed pane=1 previous_agent=None agent=Some(OpenCode) process=opencode pgid=Some(104057)
2026-07-30T10:31:28.074738Z  INFO herdr::server::headless: client resize client_id=2 cols=73 rows=27 cell_width_px=0 cell_height_px=0
2026-07-30T10:31:28.174742Z  INFO herdr::server::headless: client resize client_id=2 cols=120 rows=34 cell_width_px=0 cell_height_px=0
2026-07-30T10:31:28.274907Z  INFO herdr::server::headless: client resize client_id=2 cols=159 rows=41 cell_width_px=0 cell_height_px=0
2026-07-30T10:31:28.374874Z  INFO herdr::server::headless: client resize client_id=2 cols=164 rows=43 cell_width_px=0 cell_height_px=0
2026-07-30T10:31:28.474942Z  INFO herdr::server::headless: client resize client_id=2 cols=174 rows=47 cell_width_px=0 cell_height_px=0
2026-07-30T10:31:28.574955Z  INFO herdr::server::headless: client resize client_id=2 cols=187 rows=49 cell_width_px=0 cell_height_px=0
2026-07-30T10:31:28.775045Z  INFO herdr::server::headless: client resize client_id=2 cols=188 rows=49 cell_width_px=0 cell_height_px=0
2026-07-30T10:31:30.595292Z  INFO herdr::logging: session saved event="persist.save" subsystem="persist" outcome="ok" path=/home/jacky/.config/herdr/session.json workspaces=1
2026-07-30T10:31:30.658412Z  INFO herdr::logging: tab focused event="tab.focus" subsystem="tab" outcome="ok" workspace_id="wDH" tab_id="wDH:t6"
2026-07-30T10:31:32.288311Z  INFO herdr::logging: tab focused event="tab.focus" subsystem="tab" outcome="ok" workspace_id="wDH" tab_id="wDH:t2"
2026-07-30T10:31:37.188198Z  INFO herdr::logging: tab focused event="tab.focus" subsystem="tab" outcome="ok" workspace_id="wDH" tab_id="wDH:t1"
2026-07-30T10:31:42.191373Z  INFO herdr::logging: session saved event="persist.save" subsystem="persist" outcome="ok" path=/home/jacky/.config/herdr/session.json workspaces=1
2026-07-30T10:31:49.991167Z  INFO herdr::pane: agent changed pane=1 previous_agent=None agent=Some(OpenCode) process=opencode pgid=Some(104057)
2026-07-30T10:31:55.702453Z  INFO herdr::logging: tab focused event="tab.focus" subsystem="tab" outcome="ok" workspace_id="wDH" tab_id="wDH:t2"
2026-07-30T10:31:57.892041Z  INFO herdr::logging: pane child exited event="pane.exit" subsystem="pane" outcome="completed" pane_id=2 status="ExitStatus { code: 0, signal: None }"
2026-07-30T10:31:57.892171Z  INFO herdr::pane: pane session terminated pane=2 pid=103765 signal=Hangup
2026-07-30T10:31:59.002176Z  INFO herdr::logging: tab focused event="tab.focus" subsystem="tab" outcome="ok" workspace_id="wDH" tab_id="wDH:t6"
2026-07-30T10:32:04.003891Z  INFO herdr::logging: session saved event="persist.save" subsystem="persist" outcome="ok" path=/home/jacky/.config/herdr/session.json workspaces=1
2026-07-30T10:32:06.485473Z  INFO herdr::logging: spawning pane terminal event="pane.spawn.start" subsystem="pane" outcome="started" pane_id=4 rows=48 cols=162 scrollback_limit_bytes=10000000
2026-07-30T10:32:06.486774Z  INFO herdr::logging: pane child spawned event="pane.spawned" subsystem="pane" outcome="ok" pane_id=4 pid=111421
2026-07-30T10:32:06.486902Z  INFO herdr::logging: tab renamed event="tab.rename" subsystem="tab" outcome="ok" workspace_id="wDH" tab_id="wDH:t7"
2026-07-30T10:32:06.486991Z  INFO herdr::logging: tab focused event="tab.focus" subsystem="tab" outcome="ok" workspace_id="wDH" tab_id="wDH:t7"
2026-07-30T10:32:10.933915Z  INFO herdr::logging: tab focused event="tab.focus" subsystem="tab" outcome="ok" workspace_id="wDH" tab_id="wDH:t1"
2026-07-30T10:32:15.938498Z  INFO herdr::logging: session saved event="persist.save" subsystem="persist" outcome="ok" path=/home/jacky/.config/herdr/session.json workspaces=1
2026-07-30T10:32:17.097546Z  INFO herdr::pane: agent changed pane=1 previous_agent=Some(OpenCode) agent=None pgid=Some(103843)
2026-07-30T10:32:21.797108Z  INFO herdr::logging: session saved event="persist.save" subsystem="persist" outcome="ok" path=/home/jacky/.config/herdr/session.json workspaces=1
2026-07-30T10:32:35.565652Z  INFO herdr::logging: tab focused event="tab.focus" subsystem="tab" outcome="ok" workspace_id="wDH" tab_id="wDH:t6"
2026-07-30T10:32:36.379425Z  INFO herdr::logging: tab focused event="tab.focus" subsystem="tab" outcome="ok" workspace_id="wDH" tab_id="wDH:t7"
2026-07-30T10:32:41.380533Z  INFO herdr::logging: session saved event="persist.save" subsystem="persist" outcome="ok" path=/home/jacky/.config/herdr/session.json workspaces=1
2026-07-30T10:32:49.188303Z  INFO herdr::pane: agent changed pane=4 previous_agent=None agent=Some(OpenCode) process=opencode pgid=Some(118699)
2026-07-30T10:34:52.376299Z  INFO herdr::pane: agent changed pane=4 previous_agent=None agent=Some(OpenCode) process=opencode pgid=Some(118699)
2026-07-30T10:34:57.275858Z  INFO herdr::logging: session saved event="persist.save" subsystem="persist" outcome="ok" path=/home/jacky/.config/herdr/session.json workspaces=1
2026-07-30T10:42:39.092750Z  INFO herdr::logging: spawning pane terminal event="pane.spawn.start" subsystem="pane" outcome="started" pane_id=5 rows=48 cols=162 scrollback_limit_bytes=10000000
2026-07-30T10:42:39.094693Z  INFO herdr::logging: pane child spawned event="pane.spawned" subsystem="pane" outcome="ok" pane_id=5 pid=214997
2026-07-30T10:42:39.094977Z  INFO herdr::logging: tab renamed event="tab.rename" subsystem="tab" outcome="ok" workspace_id="wDH" tab_id="wDH:t8"
2026-07-30T10:42:39.095083Z  INFO herdr::logging: tab focused event="tab.focus" subsystem="tab" outcome="ok" workspace_id="wDH" tab_id="wDH:t8"
2026-07-30T10:42:44.098616Z  INFO herdr::logging: session saved event="persist.save" subsystem="persist" outcome="ok" path=/home/jacky/.config/herdr/session.json workspaces=1
2026-07-30T10:42:44.665091Z  INFO herdr::pane: agent changed pane=5 previous_agent=None agent=Some(OpenCode) process=opencode pgid=Some(215864)
2026-07-30T10:43:09.671412Z  INFO herdr::pane: agent changed pane=5 previous_agent=Some(OpenCode) agent=None pgid=Some(214997)
2026-07-30T10:45:02.182389Z  INFO herdr::pane: agent changed pane=5 previous_agent=None agent=Some(OpenCode) process=opencode pgid=Some(239991)
2026-07-30T10:45:32.231510Z  INFO herdr::pane: agent changed pane=5 previous_agent=None agent=Some(OpenCode) process=opencode pgid=Some(239991)
2026-07-30T10:45:37.101531Z  INFO herdr::logging: session saved event="persist.save" subsystem="persist" outcome="ok" path=/home/jacky/.config/herdr/session.json workspaces=1
2026-07-30T10:47:26.811145Z  INFO herdr::server::headless: client connected client_id=4 cols=30 rows=1 cell_width_px=0 cell_height_px=0 render_encoding=SemanticFrame
2026-07-30T10:50:22.844495Z  INFO herdr::pane: agent changed pane=5 previous_agent=Some(OpenCode) agent=None pgid=Some(214997)
2026-07-30T10:50:23.563775Z  INFO herdr::logging: tab focused event="tab.focus" subsystem="tab" outcome="ok" workspace_id="wDH" tab_id="wDH:t6"
2026-07-30T10:50:25.967522Z  INFO herdr::logging: tab focused event="tab.focus" subsystem="tab" outcome="ok" workspace_id="wDH" tab_id="wDH:t7"
2026-07-30T10:50:30.970712Z  INFO herdr::logging: session saved event="persist.save" subsystem="persist" outcome="ok" path=/home/jacky/.config/herdr/session.json workspaces=1
2026-07-30T10:51:41.807311Z  INFO herdr::server::headless: client disconnected client_id=4
2026-07-30T11:01:25.316780Z  INFO herdr::logging: checking for updates event="update.check.start" subsystem="update" outcome="started"
2026-07-30T11:29:42.392455Z  INFO herdr::logging: tab focused event="tab.focus" subsystem="tab" outcome="ok" workspace_id="wDH" tab_id="wDH:t6"
2026-07-30T11:29:43.431318Z  INFO herdr::logging: tab focused event="tab.focus" subsystem="tab" outcome="ok" workspace_id="wDH" tab_id="wDH:t7"
2026-07-30T11:29:48.436510Z  INFO herdr::logging: session saved event="persist.save" subsystem="persist" outcome="ok" path=/home/jacky/.config/herdr/session.json workspaces=1
2026-07-30T11:31:25.317460Z  INFO herdr::logging: checking for updates event="update.check.start" subsystem="update" outcome="started"
2026-07-30T11:59:58.001356Z  INFO herdr::pane: agent changed pane=4 previous_agent=Some(OpenCode) agent=None pgid=Some(111421)
2026-07-30T12:00:02.702007Z  INFO herdr::logging: session saved event="persist.save" subsystem="persist" outcome="ok" path=/home/jacky/.config/herdr/session.json workspaces=1
2026-07-30T12:00:41.152479Z  INFO herdr::pane: agent changed pane=4 previous_agent=None agent=Some(OpenCode) process=opencode pgid=Some(981665)
2026-07-30T12:01:19.464535Z  INFO herdr::pane: agent changed pane=4 previous_agent=None agent=Some(OpenCode) process=opencode pgid=Some(981665)
2026-07-30T12:01:24.364843Z  INFO herdr::logging: session saved event="persist.save" subsystem="persist" outcome="ok" path=/home/jacky/.config/herdr/session.json workspaces=1
2026-07-30T12:01:25.318503Z  INFO herdr::logging: checking for updates event="update.check.start" subsystem="update" outcome="started"
2026-07-30T12:03:42.373746Z  INFO herdr::logging: tab focused event="tab.focus" subsystem="tab" outcome="ok" workspace_id="wDH" tab_id="wDH:t8"
2026-07-30T12:03:47.375958Z  INFO herdr::logging: session saved event="persist.save" subsystem="persist" outcome="ok" path=/home/jacky/.config/herdr/session.json workspaces=1
2026-07-30T12:03:52.349632Z  INFO herdr::logging: spawning pane terminal event="pane.spawn.start" subsystem="pane" outcome="started" pane_id=6 rows=48 cols=162 scrollback_limit_bytes=10000000
2026-07-30T12:03:52.351169Z  INFO herdr::logging: pane child spawned event="pane.spawned" subsystem="pane" outcome="ok" pane_id=6 pid=1014423
2026-07-30T12:03:52.351483Z  INFO herdr::logging: tab focused event="tab.focus" subsystem="tab" outcome="ok" workspace_id="wDH" tab_id="wDH:t9"
2026-07-30T12:03:57.353867Z  INFO herdr::logging: session saved event="persist.save" subsystem="persist" outcome="ok" path=/home/jacky/.config/herdr/session.json workspaces=1
2026-07-30T12:04:09.170429Z  INFO herdr::logging: tab focused event="tab.focus" subsystem="tab" outcome="ok" workspace_id="wDH" tab_id="wDH:t8"
2026-07-30T12:04:14.171572Z  INFO herdr::logging: session saved event="persist.save" subsystem="persist" outcome="ok" path=/home/jacky/.config/herdr/session.json workspaces=1
2026-07-30T12:04:16.153704Z  INFO herdr::server::headless: client connected client_id=6 cols=57 rows=5 cell_width_px=0 cell_height_px=0 render_encoding=SemanticFrame
2026-07-30T12:04:20.308820Z  INFO herdr::server::headless: client disconnected client_id=6
2026-07-30T12:04:59.102142Z  INFO herdr::logging: tab focused event="tab.focus" subsystem="tab" outcome="ok" workspace_id="wDH" tab_id="wDH:t9"
2026-07-30T12:05:04.104698Z  INFO herdr::logging: session saved event="persist.save" subsystem="persist" outcome="ok" path=/home/jacky/.config/herdr/session.json workspaces=1
2026-07-30T12:05:28.939086Z  INFO herdr::logging: tab focused event="tab.focus" subsystem="tab" outcome="ok" workspace_id="wDH" tab_id="wDH:t8"
2026-07-30T12:05:30.151351Z  INFO herdr::logging: tab focused event="tab.focus" subsystem="tab" outcome="ok" workspace_id="wDH" tab_id="wDH:t9"
2026-07-30T12:05:30.951026Z  INFO herdr::logging: tab focused event="tab.focus" subsystem="tab" outcome="ok" workspace_id="wDH" tab_id="wDH:t8"
2026-07-30T12:05:34.566950Z  INFO herdr::logging: tab focused event="tab.focus" subsystem="tab" outcome="ok" workspace_id="wDH" tab_id="wDH:t7"
2026-07-30T12:05:39.568181Z  INFO herdr::logging: session saved event="persist.save" subsystem="persist" outcome="ok" path=/home/jacky/.config/herdr/session.json workspaces=1
2026-07-30T12:07:55.915379Z  INFO herdr::logging: tab focused event="tab.focus" subsystem="tab" outcome="ok" workspace_id="wDH" tab_id="wDH:t8"
2026-07-30T12:07:57.052410Z  INFO herdr::logging: tab focused event="tab.focus" subsystem="tab" outcome="ok" workspace_id="wDH" tab_id="wDH:t9"
2026-07-30T12:08:02.075833Z  INFO herdr::logging: session saved event="persist.save" subsystem="persist" outcome="ok" path=/home/jacky/.config/herdr/session.json workspaces=1
2026-07-30T12:08:55.343359Z  INFO herdr::app::actions: copied selection to clipboard
2026-07-30T12:09:02.037063Z  INFO herdr::pane: agent changed pane=6 previous_agent=None agent=Some(OpenCode) process=opencode pgid=Some(1079679)
2026-07-30T12:09:35.875955Z  INFO herdr::pane: agent changed pane=6 previous_agent=None agent=Some(OpenCode) process=opencode pgid=Some(1079679)
2026-07-30T12:09:40.776479Z  INFO herdr::logging: session saved event="persist.save" subsystem="persist" outcome="ok" path=/home/jacky/.config/herdr/session.json workspaces=1
2026-07-30T12:10:14.116339Z  INFO herdr::pane: agent changed pane=6 previous_agent=Some(OpenCode) agent=None pgid=Some(1014423)
2026-07-30T12:10:18.816709Z  INFO herdr::logging: session saved event="persist.save" subsystem="persist" outcome="ok" path=/home/jacky/.config/herdr/session.json workspaces=1
2026-07-30T12:12:18.027223Z  INFO herdr::logging: tab focused event="tab.focus" subsystem="tab" outcome="ok" workspace_id="wDH" tab_id="wDH:t7"
2026-07-30T12:12:21.851684Z  INFO herdr::logging: tab focused event="tab.focus" subsystem="tab" outcome="ok" workspace_id="wDH" tab_id="wDH:t6"
2026-07-30T12:12:22.579046Z  INFO herdr::logging: tab focused event="tab.focus" subsystem="tab" outcome="ok" workspace_id="wDH" tab_id="wDH:t7"
2026-07-30T12:12:27.581975Z  INFO herdr::logging: session saved event="persist.save" subsystem="persist" outcome="ok" path=/home/jacky/.config/herdr/session.json workspaces=1
2026-07-30T12:13:20.473402Z  INFO herdr::logging: tab focused event="tab.focus" subsystem="tab" outcome="ok" workspace_id="wDH" tab_id="wDH:t8"
2026-07-30T12:13:25.475862Z  INFO herdr::logging: session saved event="persist.save" subsystem="persist" outcome="ok" path=/home/jacky/.config/herdr/session.json workspaces=1
2026-07-30T12:13:44.196544Z  INFO herdr::logging: tab focused event="tab.focus" subsystem="tab" outcome="ok" workspace_id="wDH" tab_id="wDH:t7"
2026-07-30T12:13:49.198508Z  INFO herdr::logging: session saved event="persist.save" subsystem="persist" outcome="ok" path=/home/jacky/.config/herdr/session.json workspaces=1
2026-07-30T12:15:13.086938Z  INFO herdr::logging: tab focused event="tab.focus" subsystem="tab" outcome="ok" workspace_id="wDH" tab_id="wDH:t6"
2026-07-30T12:15:18.091233Z  INFO herdr::logging: session saved event="persist.save" subsystem="persist" outcome="ok" path=/home/jacky/.config/herdr/session.json workspaces=1
2026-07-30T12:15:23.468045Z  INFO herdr::logging: tab focused event="tab.focus" subsystem="tab" outcome="ok" workspace_id="wDH" tab_id="wDH:t7"
2026-07-30T12:15:28.470804Z  INFO herdr::logging: session saved event="persist.save" subsystem="persist" outcome="ok" path=/home/jacky/.config/herdr/session.json workspaces=1
2026-07-30T12:15:37.409266Z  INFO herdr::logging: tab focused event="tab.focus" subsystem="tab" outcome="ok" workspace_id="wDH" tab_id="wDH:t8"
2026-07-30T12:15:42.411960Z  INFO herdr::logging: session saved event="persist.save" subsystem="persist" outcome="ok" path=/home/jacky/.config/herdr/session.json workspaces=1
2026-07-30T12:15:43.206186Z  INFO herdr::logging: tab focused event="tab.focus" subsystem="tab" outcome="ok" workspace_id="wDH" tab_id="wDH:t7"
2026-07-30T12:15:48.208956Z  INFO herdr::logging: session saved event="persist.save" subsystem="persist" outcome="ok" path=/home/jacky/.config/herdr/session.json workspaces=1
2026-07-30T12:17:02.846636Z  INFO herdr::logging: tab focused event="tab.focus" subsystem="tab" outcome="ok" workspace_id="wDH" tab_id="wDH:t8"
2026-07-30T12:17:04.034197Z  INFO herdr::logging: tab focused event="tab.focus" subsystem="tab" outcome="ok" workspace_id="wDH" tab_id="wDH:t7"
2026-07-30T12:17:09.041674Z  INFO herdr::logging: session saved event="persist.save" subsystem="persist" outcome="ok" path=/home/jacky/.config/herdr/session.json workspaces=1
2026-07-30T12:17:57.526640Z  INFO herdr::logging: tab focused event="tab.focus" subsystem="tab" outcome="ok" workspace_id="wDH" tab_id="wDH:t8"
2026-07-30T12:18:02.530173Z  INFO herdr::logging: session saved event="persist.save" subsystem="persist" outcome="ok" path=/home/jacky/.config/herdr/session.json workspaces=1
2026-07-30T12:19:58.698290Z  INFO herdr::logging: tab focused event="tab.focus" subsystem="tab" outcome="ok" workspace_id="wDH" tab_id="wDH:t7"
2026-07-30T12:20:03.702086Z  INFO herdr::logging: session saved event="persist.save" subsystem="persist" outcome="ok" path=/home/jacky/.config/herdr/session.json workspaces=1
2026-07-30T12:20:29.836498Z  INFO herdr::logging: tab focused event="tab.focus" subsystem="tab" outcome="ok" workspace_id="wDH" tab_id="wDH:t8"
2026-07-30T12:20:34.840742Z  INFO herdr::logging: session saved event="persist.save" subsystem="persist" outcome="ok" path=/home/jacky/.config/herdr/session.json workspaces=1
2026-07-30T12:20:36.036312Z  INFO herdr::logging: tab focused event="tab.focus" subsystem="tab" outcome="ok" workspace_id="wDH" tab_id="wDH:t7"
2026-07-30T12:20:41.039663Z  INFO herdr::logging: session saved event="persist.save" subsystem="persist" outcome="ok" path=/home/jacky/.config/herdr/session.json workspaces=1
2026-07-30T12:29:40.414294Z  INFO herdr::pane: agent changed pane=4 previous_agent=None agent=Some(OpenCode) process=opencode pgid=Some(981665)
2026-07-30T12:29:45.314027Z  INFO herdr::logging: session saved event="persist.save" subsystem="persist" outcome="ok" path=/home/jacky/.config/herdr/session.json workspaces=1
2026-07-30T12:31:25.319300Z  INFO herdr::logging: checking for updates event="update.check.start" subsystem="update" outcome="started"
2026-07-30T13:01:25.320582Z  INFO herdr::logging: checking for updates event="update.check.start" subsystem="update" outcome="started"
2026-07-30T13:21:08.677364Z  INFO herdr::logging: tab focused event="tab.focus" subsystem="tab" outcome="ok" workspace_id="wDH" tab_id="wDH:t6"
2026-07-30T13:21:13.680956Z  INFO herdr::logging: session saved event="persist.save" subsystem="persist" outcome="ok" path=/home/jacky/.config/herdr/session.json workspaces=1
2026-07-30T13:22:12.332692Z  INFO herdr::logging: tab focused event="tab.focus" subsystem="tab" outcome="ok" workspace_id="wDH" tab_id="wDH:t7"
2026-07-30T13:22:17.336376Z  INFO herdr::logging: session saved event="persist.save" subsystem="persist" outcome="ok" path=/home/jacky/.config/herdr/session.json workspaces=1
2026-07-30T13:22:52.771306Z  INFO herdr::logging: tab focused event="tab.focus" subsystem="tab" outcome="ok" workspace_id="wDH" tab_id="wDH:t8"
2026-07-30T13:22:55.894074Z  INFO herdr::logging: tab focused event="tab.focus" subsystem="tab" outcome="ok" workspace_id="wDH" tab_id="wDH:t9"
2026-07-30T13:23:00.912079Z  INFO herdr::logging: session saved event="persist.save" subsystem="persist" outcome="ok" path=/home/jacky/.config/herdr/session.json workspaces=1
2026-07-30T13:23:03.899198Z  INFO herdr::pane: agent changed pane=6 previous_agent=None agent=Some(OpenCode) process=opencode pgid=Some(1814265)
2026-07-30T13:23:09.199184Z  INFO herdr::logging: pane child exited event="pane.exit" subsystem="pane" outcome="completed" pane_id=6 status="ExitStatus { code: 0, signal: None }"
2026-07-30T13:23:09.201134Z  INFO herdr::pane: pane session terminated pane=6 pid=1014423 signal=Hangup
2026-07-30T13:23:10.720541Z  INFO herdr::logging: tab focused event="tab.focus" subsystem="tab" outcome="ok" workspace_id="wDH" tab_id="wDH:t7"
2026-07-30T13:23:15.725489Z  INFO herdr::logging: session saved event="persist.save" subsystem="persist" outcome="ok" path=/home/jacky/.config/herdr/session.json workspaces=1
2026-07-30T13:28:47.864588Z  INFO herdr::logging: tab focused event="tab.focus" subsystem="tab" outcome="ok" workspace_id="wDH" tab_id="wDH:t6"
2026-07-30T13:28:52.867594Z  INFO herdr::logging: session saved event="persist.save" subsystem="persist" outcome="ok" path=/home/jacky/.config/herdr/session.json workspaces=1
2026-07-30T13:31:25.321367Z  INFO herdr::logging: checking for updates event="update.check.start" subsystem="update" outcome="started"
2026-07-30T13:31:51.983084Z  INFO herdr::logging: tab focused event="tab.focus" subsystem="tab" outcome="ok" workspace_id="wDH" tab_id="wDH:t7"
2026-07-30T13:31:56.986482Z  INFO herdr::logging: session saved event="persist.save" subsystem="persist" outcome="ok" path=/home/jacky/.config/herdr/session.json workspaces=1
2026-07-30T13:48:24.792757Z  INFO herdr::logging: tab focused event="tab.focus" subsystem="tab" outcome="ok" workspace_id="wDH" tab_id="wDH:t6"
2026-07-30T13:48:29.796751Z  INFO herdr::logging: session saved event="persist.save" subsystem="persist" outcome="ok" path=/home/jacky/.config/herdr/session.json workspaces=1
2026-07-30T13:49:15.011748Z  INFO herdr::logging: tab focused event="tab.focus" subsystem="tab" outcome="ok" workspace_id="wDH" tab_id="wDH:t7"
2026-07-30T13:49:20.016883Z  INFO herdr::logging: session saved event="persist.save" subsystem="persist" outcome="ok" path=/home/jacky/.config/herdr/session.json workspaces=1
2026-07-30T14:01:25.322985Z  INFO herdr::logging: checking for updates event="update.check.start" subsystem="update" outcome="started"
2026-07-30T14:04:34.043488Z  INFO herdr::logging: tab focused event="tab.focus" subsystem="tab" outcome="ok" workspace_id="wDH" tab_id="wDH:t8"
2026-07-30T14:04:39.046984Z  INFO herdr::logging: session saved event="persist.save" subsystem="persist" outcome="ok" path=/home/jacky/.config/herdr/session.json workspaces=1
2026-07-30T14:07:04.608430Z  INFO herdr::logging: tab focused event="tab.focus" subsystem="tab" outcome="ok" workspace_id="wDH" tab_id="wDH:t6"
2026-07-30T14:07:09.615222Z  INFO herdr::logging: session saved event="persist.save" subsystem="persist" outcome="ok" path=/home/jacky/.config/herdr/session.json workspaces=1
2026-07-30T14:08:12.491766Z  INFO herdr::logging: tab focused event="tab.focus" subsystem="tab" outcome="ok" workspace_id="wDH" tab_id="wDH:t7"
2026-07-30T14:08:13.924208Z  INFO herdr::logging: tab focused event="tab.focus" subsystem="tab" outcome="ok" workspace_id="wDH" tab_id="wDH:t8"
2026-07-30T14:08:18.929507Z  INFO herdr::logging: session saved event="persist.save" subsystem="persist" outcome="ok" path=/home/jacky/.config/herdr/session.json workspaces=1
2026-07-30T14:27:39.780812Z  INFO herdr::logging: tab focused event="tab.focus" subsystem="tab" outcome="ok" workspace_id="wDH" tab_id="wDH:t6"
2026-07-30T14:27:43.080766Z  INFO herdr::logging: tab focused event="tab.focus" subsystem="tab" outcome="ok" workspace_id="wDH" tab_id="wDH:t7"
2026-07-30T14:27:44.077760Z  INFO herdr::logging: tab focused event="tab.focus" subsystem="tab" outcome="ok" workspace_id="wDH" tab_id="wDH:t8"
2026-07-30T14:27:49.087249Z  INFO herdr::logging: session saved event="persist.save" subsystem="persist" outcome="ok" path=/home/jacky/.config/herdr/session.json workspaces=1
2026-07-30T14:31:25.324010Z  INFO herdr::logging: checking for updates event="update.check.start" subsystem="update" outcome="started"
2026-07-30T14:37:22.127670Z  INFO herdr::app::actions: copied selection to clipboard
2026-07-30T14:42:58.768344Z  INFO herdr::logging: tab focused event="tab.focus" subsystem="tab" outcome="ok" workspace_id="wDH" tab_id="wDH:t7"
2026-07-30T14:43:01.432810Z  INFO herdr::pane: agent changed pane=4 previous_agent=Some(OpenCode) agent=None pgid=Some(111421)
2026-07-30T14:43:06.132721Z  INFO herdr::logging: session saved event="persist.save" subsystem="persist" outcome="ok" path=/home/jacky/.config/herdr/session.json workspaces=1
2026-07-30T14:43:10.970114Z  INFO herdr::pane: agent changed pane=4 previous_agent=None agent=Some(OpenCode) process=opencode pgid=Some(2635674)
2026-07-30T14:44:33.720652Z  INFO herdr::pane: agent changed pane=4 previous_agent=None agent=Some(OpenCode) process=opencode pgid=Some(2635674)
2026-07-30T14:44:35.979049Z  INFO herdr::logging: tab focused event="tab.focus" subsystem="tab" outcome="ok" workspace_id="wDH" tab_id="wDH:t8"
2026-07-30T14:44:40.987441Z  INFO herdr::logging: session saved event="persist.save" subsystem="persist" outcome="ok" path=/home/jacky/.config/herdr/session.json workspaces=1
2026-07-30T15:01:25.324983Z  INFO herdr::logging: checking for updates event="update.check.start" subsystem="update" outcome="started"
2026-07-30T15:06:47.865687Z  INFO herdr::app::actions: copied selection to clipboard
2026-07-30T15:22:09.477300Z  INFO herdr::logging: tab focused event="tab.focus" subsystem="tab" outcome="ok" workspace_id="wDH" tab_id="wDH:t7"
2026-07-30T15:22:14.489284Z  INFO herdr::logging: session saved event="persist.save" subsystem="persist" outcome="ok" path=/home/jacky/.config/herdr/session.json workspaces=1
2026-07-30T15:22:15.581598Z  INFO herdr::logging: tab focused event="tab.focus" subsystem="tab" outcome="ok" workspace_id="wDH" tab_id="wDH:t8"
2026-07-30T15:22:20.592809Z  INFO herdr::logging: session saved event="persist.save" subsystem="persist" outcome="ok" path=/home/jacky/.config/herdr/session.json workspaces=1
2026-07-30T15:22:29.690704Z  INFO herdr::logging: tab focused event="tab.focus" subsystem="tab" outcome="ok" workspace_id="wDH" tab_id="wDH:t7"
2026-07-30T15:22:34.706378Z  INFO herdr::logging: session saved event="persist.save" subsystem="persist" outcome="ok" path=/home/jacky/.config/herdr/session.json workspaces=1
2026-07-30T15:24:38.372832Z  INFO herdr::pane: agent changed pane=4 previous_agent=Some(OpenCode) agent=None pgid=Some(111421)
2026-07-30T15:24:39.360566Z  INFO herdr::logging: tab focused event="tab.focus" subsystem="tab" outcome="ok" workspace_id="wDH" tab_id="wDH:t8"
2026-07-30T15:24:44.373630Z  INFO herdr::logging: session saved event="persist.save" subsystem="persist" outcome="ok" path=/home/jacky/.config/herdr/session.json workspaces=1
2026-07-30T15:31:25.325875Z  INFO herdr::logging: checking for updates event="update.check.start" subsystem="update" outcome="started"
2026-07-30T15:43:06.200518Z  INFO herdr::pane: agent changed pane=5 previous_agent=None agent=Some(Cursor) process=cursor pgid=Some(3225240)
2026-07-30T15:44:16.872103Z  INFO herdr::logging: session saved event="persist.save" subsystem="persist" outcome="ok" path=/home/jacky/.config/herdr/session.json workspaces=1
2026-07-30T15:46:49.562610Z  INFO herdr::logging: tab focused event="tab.focus" subsystem="tab" outcome="ok" workspace_id="wDH" tab_id="wDH:t7"
2026-07-30T15:46:50.885796Z  INFO herdr::logging: tab focused event="tab.focus" subsystem="tab" outcome="ok" workspace_id="wDH" tab_id="wDH:t8"
2026-07-30T15:46:55.887842Z  INFO herdr::logging: session saved event="persist.save" subsystem="persist" outcome="ok" path=/home/jacky/.config/herdr/session.json workspaces=1
2026-07-30T16:00:50.892698Z  INFO herdr::logging: spawning pane terminal event="pane.spawn.start" subsystem="pane" outcome="started" pane_id=7 rows=48 cols=162 scrollback_limit_bytes=10000000
2026-07-30T16:00:50.894566Z  INFO herdr::logging: pane child spawned event="pane.spawned" subsystem="pane" outcome="ok" pane_id=7 pid=3407725
2026-07-30T16:00:50.894895Z  INFO herdr::logging: tab focused event="tab.focus" subsystem="tab" outcome="ok" workspace_id="wDH" tab_id="wDH:tA"
2026-07-30T16:00:55.906249Z  INFO herdr::logging: session saved event="persist.save" subsystem="persist" outcome="ok" path=/home/jacky/.config/herdr/session.json workspaces=1
2026-07-30T16:01:25.327214Z  INFO herdr::logging: checking for updates event="update.check.start" subsystem="update" outcome="started"
2026-07-30T16:01:59.583774Z  INFO herdr::app::actions: copied selection to clipboard
2026-07-30T16:02:14.554720Z  INFO herdr::app::actions: copied selection to clipboard
2026-07-30T16:02:36.049243Z  INFO herdr::app::actions: copied selection to clipboard
2026-07-30T16:04:00.576320Z  INFO herdr::logging: pane child exited event="pane.exit" subsystem="pane" outcome="completed" pane_id=7 status="ExitStatus { code: 0, signal: None }"
2026-07-30T16:04:00.577218Z  INFO herdr::pane: pane session terminated pane=7 pid=3407725 signal=Hangup
2026-07-30T16:04:05.580293Z  INFO herdr::logging: session saved event="persist.save" subsystem="persist" outcome="ok" path=/home/jacky/.config/herdr/session.json workspaces=1
2026-07-30T16:04:45.344288Z  INFO herdr::app::actions: copied selection to clipboard
2026-07-30T16:06:15.172194Z  INFO herdr::logging: tab focused event="tab.focus" subsystem="tab" outcome="ok" workspace_id="wDH" tab_id="wDH:t6"
2026-07-30T16:06:20.177188Z  INFO herdr::logging: session saved event="persist.save" subsystem="persist" outcome="ok" path=/home/jacky/.config/herdr/session.json workspaces=1
2026-07-30T16:09:01.322788Z  INFO herdr::logging: tab focused event="tab.focus" subsystem="tab" outcome="ok" workspace_id="wDH" tab_id="wDH:t1"
2026-07-30T16:09:04.151347Z  INFO herdr::logging: tab focused event="tab.focus" subsystem="tab" outcome="ok" workspace_id="wDH" tab_id="wDH:t7"
2026-07-30T16:09:06.272744Z  INFO herdr::logging: tab focused event="tab.focus" subsystem="tab" outcome="ok" workspace_id="wDH" tab_id="wDH:t8"
2026-07-30T16:09:11.276691Z  INFO herdr::logging: session saved event="persist.save" subsystem="persist" outcome="ok" path=/home/jacky/.config/herdr/session.json workspaces=1
2026-07-30T16:09:36.891405Z  INFO herdr::logging: tab focused event="tab.focus" subsystem="tab" outcome="ok" workspace_id="wDH" tab_id="wDH:t7"
2026-07-30T16:09:41.895286Z  INFO herdr::logging: session saved event="persist.save" subsystem="persist" outcome="ok" path=/home/jacky/.config/herdr/session.json workspaces=1
2026-07-30T16:31:25.328654Z  INFO herdr::logging: checking for updates event="update.check.start" subsystem="update" outcome="started"
2026-07-30T17:01:25.329342Z  INFO herdr::logging: checking for updates event="update.check.start" subsystem="update" outcome="started"
2026-07-30T17:31:25.330245Z  INFO herdr::logging: checking for updates event="update.check.start" subsystem="update" outcome="started"
2026-07-30T18:01:25.331317Z  INFO herdr::logging: checking for updates event="update.check.start" subsystem="update" outcome="started"
2026-07-30T18:31:25.333298Z  INFO herdr::logging: checking for updates event="update.check.start" subsystem="update" outcome="started"
2026-07-30T19:01:25.334552Z  INFO herdr::logging: checking for updates event="update.check.start" subsystem="update" outcome="started"
2026-07-30T19:31:25.335790Z  INFO herdr::logging: checking for updates event="update.check.start" subsystem="update" outcome="started"
2026-07-30T19:45:36.862996Z  INFO herdr::server::headless: client disconnected client_id=2
2026-07-31T11:31:29.572331Z  INFO herdr::api::server: api server listening path=/home/jacky/.config/herdr/herdr.sock
2026-07-31T11:31:29.575895Z  INFO herdr::logging: spawning pane terminal event="pane.spawn.start" subsystem="pane" outcome="started" pane_id=1 rows=24 cols=80 scrollback_limit_bytes=10000000
2026-07-31T11:31:29.577097Z  INFO herdr::logging: pane child spawned event="pane.spawned" subsystem="pane" outcome="ok" pane_id=1 pid=23173
2026-07-31T11:31:29.577756Z  INFO herdr::logging: spawning pane terminal event="pane.spawn.start" subsystem="pane" outcome="started" pane_id=2 rows=24 cols=80 scrollback_limit_bytes=10000000
2026-07-31T11:31:29.578825Z  INFO herdr::logging: pane child spawned event="pane.spawned" subsystem="pane" outcome="ok" pane_id=2 pid=23176
2026-07-31T11:31:29.579117Z  INFO herdr::logging: spawning pane terminal event="pane.spawn.start" subsystem="pane" outcome="started" pane_id=3 rows=24 cols=80 scrollback_limit_bytes=10000000
2026-07-31T11:31:29.580035Z  INFO herdr::logging: pane child spawned event="pane.spawned" subsystem="pane" outcome="ok" pane_id=3 pid=23179
2026-07-31T11:31:29.581217Z  INFO herdr::logging: session restore evaluated event="persist.restore" subsystem="persist" outcome="ok" workspaces=1
2026-07-31T11:31:29.581250Z  INFO herdr::app: using pane scrollback configuration pane_scrollback_limit_bytes=10000000
2026-07-31T11:31:29.657531Z  INFO herdr::logging: checking for updates event="update.check.start" subsystem="update" outcome="started"
2026-07-31T11:31:29.660272Z  INFO herdr::server::headless: restored session already has workspaces; ignoring startup cwd cwd=/home/jacky
2026-07-31T11:31:29.660521Z  INFO herdr::server::headless: client protocol socket listening path=/home/jacky/.config/herdr/herdr-client.sock
2026-07-31T11:31:29.660581Z  INFO herdr::server::headless: herdr server started api_socket=/home/jacky/.config/herdr/herdr.sock client_socket=/home/jacky/.config/herdr/herdr-client.sock
2026-07-31T11:31:29.661083Z  INFO herdr::logging: herdr starting event="app.startup" subsystem="server" outcome="started" pid=23155
2026-07-31T11:31:29.914443Z  INFO herdr::server::headless: client connected client_id=2 cols=72 rows=27 cell_width_px=0 cell_height_px=0 render_encoding=SemanticFrame
2026-07-31T11:31:29.917093Z  INFO herdr::logging: spawning pane terminal event="pane.spawn.start" subsystem="pane" outcome="started" pane_id=4 rows=26 cols=45 scrollback_limit_bytes=10000000
2026-07-31T11:31:29.918477Z  INFO herdr::logging: pane child spawned event="pane.spawned" subsystem="pane" outcome="ok" pane_id=4 pid=23260
2026-07-31T11:31:31.472984Z  INFO herdr::pane: agent changed pane=4 previous_agent=None agent=Some(Cursor) process=cursor pgid=Some(23649)
2026-07-31T11:31:31.618871Z  INFO herdr::server::headless: client resize client_id=2 cols=73 rows=27 cell_width_px=0 cell_height_px=0
2026-07-31T11:31:31.718927Z  INFO herdr::server::headless: client resize client_id=2 cols=88 rows=33 cell_width_px=0 cell_height_px=0
2026-07-31T11:31:31.819058Z  INFO herdr::server::headless: client resize client_id=2 cols=104 rows=38 cell_width_px=0 cell_height_px=0
2026-07-31T11:31:31.919055Z  INFO herdr::server::headless: client resize client_id=2 cols=112 rows=41 cell_width_px=0 cell_height_px=0
2026-07-31T11:31:32.020387Z  INFO herdr::server::headless: client resize client_id=2 cols=113 rows=41 cell_width_px=0 cell_height_px=0
2026-07-31T11:31:32.120317Z  INFO herdr::server::headless: client resize client_id=2 cols=120 rows=45 cell_width_px=0 cell_height_px=0
2026-07-31T11:31:32.220942Z  INFO herdr::server::headless: client resize client_id=2 cols=124 rows=45 cell_width_px=0 cell_height_px=0
2026-07-31T11:31:32.320387Z  INFO herdr::server::headless: client resize client_id=2 cols=125 rows=45 cell_width_px=0 cell_height_px=0
2026-07-31T11:31:34.920104Z  INFO herdr::logging: session saved event="persist.save" subsystem="persist" outcome="ok" path=/home/jacky/.config/herdr/session.json workspaces=1
2026-07-31T11:31:49.829553Z  INFO herdr::logging: tab focused event="tab.focus" subsystem="tab" outcome="ok" workspace_id="wDH" tab_id="wDH:t6"
2026-07-31T11:31:54.831122Z  INFO herdr::logging: session saved event="persist.save" subsystem="persist" outcome="ok" path=/home/jacky/.config/herdr/session.json workspaces=1
2026-07-31T11:31:56.348950Z  INFO herdr::logging: tab focused event="tab.focus" subsystem="tab" outcome="ok" workspace_id="wDH" tab_id="wDH:t7"
2026-07-31T11:31:57.656462Z  INFO herdr::logging: tab focused event="tab.focus" subsystem="tab" outcome="ok" workspace_id="wDH" tab_id="wDH:t6"
2026-07-31T11:31:59.764442Z  INFO herdr::logging: tab focused event="tab.focus" subsystem="tab" outcome="ok" workspace_id="wDH" tab_id="wDH:t1"
2026-07-31T11:32:04.767426Z  INFO herdr::logging: session saved event="persist.save" subsystem="persist" outcome="ok" path=/home/jacky/.config/herdr/session.json workspaces=1
2026-07-31T11:32:07.353884Z  INFO herdr::logging: tab focused event="tab.focus" subsystem="tab" outcome="ok" workspace_id="wDH" tab_id="wDH:t6"
2026-07-31T11:32:12.355548Z  INFO herdr::logging: session saved event="persist.save" subsystem="persist" outcome="ok" path=/home/jacky/.config/herdr/session.json workspaces=1
2026-07-31T11:32:19.763354Z  INFO herdr::server::headless: client resize client_id=2 cols=126 rows=45 cell_width_px=0 cell_height_px=0
2026-07-31T11:32:19.863388Z  INFO herdr::server::headless: client resize client_id=2 cols=135 rows=52 cell_width_px=0 cell_height_px=0
2026-07-31T11:32:19.963408Z  INFO herdr::server::headless: client resize client_id=2 cols=140 rows=56 cell_width_px=0 cell_height_px=0
2026-07-31T11:32:20.063496Z  INFO herdr::server::headless: client resize client_id=2 cols=145 rows=57 cell_width_px=0 cell_height_px=0
2026-07-31T11:32:20.163534Z  INFO herdr::server::headless: client resize client_id=2 cols=146 rows=58 cell_width_px=0 cell_height_px=0
2026-07-31T11:32:20.263551Z  INFO herdr::server::headless: client resize client_id=2 cols=146 rows=59 cell_width_px=0 cell_height_px=0
2026-07-31T11:32:20.363645Z  INFO herdr::server::headless: client resize client_id=2 cols=150 rows=61 cell_width_px=0 cell_height_px=0
2026-07-31T11:32:20.463657Z  INFO herdr::server::headless: client resize client_id=2 cols=152 rows=64 cell_width_px=0 cell_height_px=0
2026-07-31T11:32:20.563904Z  INFO herdr::server::headless: client resize client_id=2 cols=153 rows=64 cell_width_px=0 cell_height_px=0
2026-07-31T11:53:27.066091Z  INFO herdr::logging: tab focused event="tab.focus" subsystem="tab" outcome="ok" workspace_id="wDH" tab_id="wDH:t7"
2026-07-31T11:53:28.822875Z  INFO herdr::logging: tab focused event="tab.focus" subsystem="tab" outcome="ok" workspace_id="wDH" tab_id="wDH:t6"
2026-07-31T11:53:29.640200Z  INFO herdr::logging: tab focused event="tab.focus" subsystem="tab" outcome="ok" workspace_id="wDH" tab_id="wDH:t7"
2026-07-31T11:53:34.642582Z  INFO herdr::logging: session saved event="persist.save" subsystem="persist" outcome="ok" path=/home/jacky/.config/herdr/session.json workspaces=1
2026-07-31T11:53:41.233195Z  INFO herdr::pane: agent changed pane=3 previous_agent=None agent=Some(Cursor) process=cursor pgid=Some(237679)
2026-07-31T11:53:49.007689Z  INFO herdr::logging: session saved event="persist.save" subsystem="persist" outcome="ok" path=/home/jacky/.config/herdr/session.json workspaces=1
2026-07-31T11:53:55.694585Z  INFO herdr::logging: tab focused event="tab.focus" subsystem="tab" outcome="ok" workspace_id="wDH" tab_id="wDH:t8"
2026-07-31T11:54:00.698403Z  INFO herdr::logging: session saved event="persist.save" subsystem="persist" outcome="ok" path=/home/jacky/.config/herdr/session.json workspaces=1
2026-07-31T11:54:04.356746Z  INFO herdr::pane: agent changed pane=4 previous_agent=Some(Cursor) agent=None pgid=Some(23260)
2026-07-31T11:54:09.057187Z  INFO herdr::logging: session saved event="persist.save" subsystem="persist" outcome="ok" path=/home/jacky/.config/herdr/session.json workspaces=1
2026-07-31T11:55:35.881928Z  INFO herdr::app::actions: copied selection to clipboard
2026-07-31T11:55:37.658464Z  INFO herdr::logging: tab focused event="tab.focus" subsystem="tab" outcome="ok" workspace_id="wDH" tab_id="wDH:t6"
2026-07-31T11:55:38.948346Z  INFO herdr::logging: tab focused event="tab.focus" subsystem="tab" outcome="ok" workspace_id="wDH" tab_id="wDH:t7"
2026-07-31T11:55:43.950145Z  INFO herdr::logging: session saved event="persist.save" subsystem="persist" outcome="ok" path=/home/jacky/.config/herdr/session.json workspaces=1
2026-07-31T11:56:12.581511Z  INFO herdr::logging: tab focused event="tab.focus" subsystem="tab" outcome="ok" workspace_id="wDH" tab_id="wDH:t8"
2026-07-31T11:56:15.345412Z  INFO herdr::logging: tab focused event="tab.focus" subsystem="tab" outcome="ok" workspace_id="wDH" tab_id="wDH:t7"
2026-07-31T11:56:20.348551Z  INFO herdr::logging: session saved event="persist.save" subsystem="persist" outcome="ok" path=/home/jacky/.config/herdr/session.json workspaces=1
2026-07-31T12:01:29.658533Z  INFO herdr::logging: checking for updates event="update.check.start" subsystem="update" outcome="started"
2026-07-31T12:05:33.925145Z  INFO herdr::app::actions: copied selection to clipboard
2026-07-31T12:06:02.774719Z  INFO herdr::server::headless: client connected client_id=4 cols=57 rows=5 cell_width_px=0 cell_height_px=0 render_encoding=SemanticFrame
2026-07-31T12:06:07.565006Z  INFO herdr::server::headless: client disconnected client_id=4
2026-07-31T12:13:27.612993Z  INFO herdr::logging: tab focused event="tab.focus" subsystem="tab" outcome="ok" workspace_id="wDH" tab_id="wDH:t8"
2026-07-31T12:13:30.296719Z  INFO herdr::logging: tab focused event="tab.focus" subsystem="tab" outcome="ok" workspace_id="wDH" tab_id="wDH:t6"
2026-07-31T12:13:31.294731Z  INFO herdr::logging: tab focused event="tab.focus" subsystem="tab" outcome="ok" workspace_id="wDH" tab_id="wDH:t7"
2026-07-31T12:13:32.704135Z  INFO herdr::logging: tab focused event="tab.focus" subsystem="tab" outcome="ok" workspace_id="wDH" tab_id="wDH:t8"
2026-07-31T12:13:37.708843Z  INFO herdr::logging: session saved event="persist.save" subsystem="persist" outcome="ok" path=/home/jacky/.config/herdr/session.json workspaces=1
2026-07-31T12:13:44.487504Z  INFO herdr::pane: agent changed pane=4 previous_agent=None agent=Some(Cursor) process=cursor pgid=Some(435981)
2026-07-31T12:13:51.238072Z  INFO herdr::logging: session saved event="persist.save" subsystem="persist" outcome="ok" path=/home/jacky/.config/herdr/session.json workspaces=1
2026-07-31T12:14:51.780265Z  INFO herdr::logging: tab focused event="tab.focus" subsystem="tab" outcome="ok" workspace_id="wDH" tab_id="wDH:t7"
2026-07-31T12:14:56.796595Z  INFO herdr::logging: session saved event="persist.save" subsystem="persist" outcome="ok" path=/home/jacky/.config/herdr/session.json workspaces=1
2026-07-31T12:15:08.773574Z  INFO herdr::logging: tab focused event="tab.focus" subsystem="tab" outcome="ok" workspace_id="wDH" tab_id="wDH:t8"
2026-07-31T12:15:11.051944Z  INFO herdr::logging: tab focused event="tab.focus" subsystem="tab" outcome="ok" workspace_id="wDH" tab_id="wDH:t7"
2026-07-31T12:15:11.963579Z  INFO herdr::logging: tab focused event="tab.focus" subsystem="tab" outcome="ok" workspace_id="wDH" tab_id="wDH:t6"
2026-07-31T12:15:12.843306Z  INFO herdr::logging: tab focused event="tab.focus" subsystem="tab" outcome="ok" workspace_id="wDH" tab_id="wDH:t1"
2026-07-31T12:15:13.431431Z  INFO herdr::logging: tab focused event="tab.focus" subsystem="tab" outcome="ok" workspace_id="wDH" tab_id="wDH:t6"
2026-07-31T12:15:14.063614Z  INFO herdr::logging: tab focused event="tab.focus" subsystem="tab" outcome="ok" workspace_id="wDH" tab_id="wDH:t7"
2026-07-31T12:15:19.068299Z  INFO herdr::logging: session saved event="persist.save" subsystem="persist" outcome="ok" path=/home/jacky/.config/herdr/session.json workspaces=1
2026-07-31T12:15:55.089503Z  INFO herdr::server::headless: client connected client_id=6 cols=57 rows=5 cell_width_px=0 cell_height_px=0 render_encoding=SemanticFrame
2026-07-31T12:15:59.639505Z  INFO herdr::server::headless: client disconnected client_id=6
2026-07-31T12:16:22.360850Z  INFO herdr::logging: tab focused event="tab.focus" subsystem="tab" outcome="ok" workspace_id="wDH" tab_id="wDH:t8"
2026-07-31T12:16:27.368177Z  INFO herdr::logging: session saved event="persist.save" subsystem="persist" outcome="ok" path=/home/jacky/.config/herdr/session.json workspaces=1
2026-07-31T12:16:37.121205Z  INFO herdr::logging: tab focused event="tab.focus" subsystem="tab" outcome="ok" workspace_id="wDH" tab_id="wDH:t7"
2026-07-31T12:16:42.127541Z  INFO herdr::logging: session saved event="persist.save" subsystem="persist" outcome="ok" path=/home/jacky/.config/herdr/session.json workspaces=1
2026-07-31T12:16:57.916976Z  INFO herdr::app::actions: copied selection to clipboard
2026-07-31T12:18:22.186732Z  INFO herdr::logging: tab focused event="tab.focus" subsystem="tab" outcome="ok" workspace_id="wDH" tab_id="wDH:t6"
2026-07-31T12:18:27.191660Z  INFO herdr::logging: session saved event="persist.save" subsystem="persist" outcome="ok" path=/home/jacky/.config/herdr/session.json workspaces=1
2026-07-31T12:19:35.748020Z  INFO herdr::logging: tab focused event="tab.focus" subsystem="tab" outcome="ok" workspace_id="wDH" tab_id="wDH:t7"
2026-07-31T12:19:40.755310Z  INFO herdr::logging: session saved event="persist.save" subsystem="persist" outcome="ok" path=/home/jacky/.config/herdr/session.json workspaces=1
2026-07-31T12:27:45.670705Z  INFO herdr::logging: tab focused event="tab.focus" subsystem="tab" outcome="ok" workspace_id="wDH" tab_id="wDH:t8"
2026-07-31T12:27:48.988582Z  INFO herdr::logging: tab focused event="tab.focus" subsystem="tab" outcome="ok" workspace_id="wDH" tab_id="wDH:t7"
2026-07-31T12:27:53.997004Z  INFO herdr::logging: session saved event="persist.save" subsystem="persist" outcome="ok" path=/home/jacky/.config/herdr/session.json workspaces=1
2026-07-31T12:28:04.188891Z  INFO herdr::app::actions: copied selection to clipboard
2026-07-31T12:30:51.213186Z  INFO herdr::app::actions: copied selection to clipboard
2026-07-31T12:31:26.257398Z  INFO herdr::logging: tab focused event="tab.focus" subsystem="tab" outcome="ok" workspace_id="wDH" tab_id="wDH:t8"
2026-07-31T12:31:27.442973Z  INFO herdr::logging: tab focused event="tab.focus" subsystem="tab" outcome="ok" workspace_id="wDH" tab_id="wDH:t6"
2026-07-31T12:31:29.659517Z  INFO herdr::logging: checking for updates event="update.check.start" subsystem="update" outcome="started"
2026-07-31T12:31:32.445487Z  INFO herdr::logging: session saved event="persist.save" subsystem="persist" outcome="ok" path=/home/jacky/.config/herdr/session.json workspaces=1
2026-07-31T12:31:32.828547Z  INFO herdr::logging: spawning pane terminal event="pane.spawn.start" subsystem="pane" outcome="started" pane_id=5 rows=63 cols=127 scrollback_limit_bytes=10000000
2026-07-31T12:31:32.830447Z  INFO herdr::logging: pane child spawned event="pane.spawned" subsystem="pane" outcome="ok" pane_id=5 pid=619753
2026-07-31T12:31:32.830752Z  INFO herdr::logging: tab renamed event="tab.rename" subsystem="tab" outcome="ok" workspace_id="wDH" tab_id="wDH:tB"
2026-07-31T12:31:32.830835Z  INFO herdr::logging: tab focused event="tab.focus" subsystem="tab" outcome="ok" workspace_id="wDH" tab_id="wDH:tB"
2026-07-31T12:31:37.833523Z  INFO herdr::logging: session saved event="persist.save" subsystem="persist" outcome="ok" path=/home/jacky/.config/herdr/session.json workspaces=1
2026-07-31T12:32:03.990138Z  INFO herdr::logging: tab focused event="tab.focus" subsystem="tab" outcome="ok" workspace_id="wDH" tab_id="wDH:t6"
2026-07-31T12:32:04.953942Z  INFO herdr::logging: tab focused event="tab.focus" subsystem="tab" outcome="ok" workspace_id="wDH" tab_id="wDH:t7"
2026-07-31T12:32:09.961257Z  INFO herdr::logging: session saved event="persist.save" subsystem="persist" outcome="ok" path=/home/jacky/.config/herdr/session.json workspaces=1
2026-07-31T12:32:32.955813Z  INFO herdr::logging: tab focused event="tab.focus" subsystem="tab" outcome="ok" workspace_id="wDH" tab_id="wDH:tB"
2026-07-31T12:32:37.962465Z  INFO herdr::logging: session saved event="persist.save" subsystem="persist" outcome="ok" path=/home/jacky/.config/herdr/session.json workspaces=1
2026-07-31T12:32:39.949517Z  INFO herdr::logging: tab focused event="tab.focus" subsystem="tab" outcome="ok" workspace_id="wDH" tab_id="wDH:t7"
2026-07-31T12:32:44.296117Z  INFO herdr::logging: tab focused event="tab.focus" subsystem="tab" outcome="ok" workspace_id="wDH" tab_id="wDH:tB"
2026-07-31T12:32:49.302394Z  INFO herdr::logging: session saved event="persist.save" subsystem="persist" outcome="ok" path=/home/jacky/.config/herdr/session.json workspaces=1
2026-07-31T12:32:53.467873Z  INFO herdr::logging: tab focused event="tab.focus" subsystem="tab" outcome="ok" workspace_id="wDH" tab_id="wDH:t7"
2026-07-31T12:32:57.937979Z  INFO herdr::logging: tab focused event="tab.focus" subsystem="tab" outcome="ok" workspace_id="wDH" tab_id="wDH:tB"
2026-07-31T12:33:02.086199Z  INFO herdr::logging: tab focused event="tab.focus" subsystem="tab" outcome="ok" workspace_id="wDH" tab_id="wDH:t7"
2026-07-31T12:33:07.095821Z  INFO herdr::logging: session saved event="persist.save" subsystem="persist" outcome="ok" path=/home/jacky/.config/herdr/session.json workspaces=1
2026-07-31T12:33:07.770890Z  INFO herdr::logging: tab focused event="tab.focus" subsystem="tab" outcome="ok" workspace_id="wDH" tab_id="wDH:tB"
2026-07-31T12:33:12.777124Z  INFO herdr::logging: session saved event="persist.save" subsystem="persist" outcome="ok" path=/home/jacky/.config/herdr/session.json workspaces=1
2026-07-31T12:33:16.778945Z  INFO herdr::logging: tab focused event="tab.focus" subsystem="tab" outcome="ok" workspace_id="wDH" tab_id="wDH:t7"
2026-07-31T12:33:21.784769Z  INFO herdr::logging: session saved event="persist.save" subsystem="persist" outcome="ok" path=/home/jacky/.config/herdr/session.json workspaces=1
2026-07-31T12:33:25.179611Z  INFO herdr::logging: tab focused event="tab.focus" subsystem="tab" outcome="ok" workspace_id="wDH" tab_id="wDH:tB"
2026-07-31T12:33:30.186733Z  INFO herdr::logging: session saved event="persist.save" subsystem="persist" outcome="ok" path=/home/jacky/.config/herdr/session.json workspaces=1
2026-07-31T12:34:38.560055Z  INFO herdr::logging: tab focused event="tab.focus" subsystem="tab" outcome="ok" workspace_id="wDH" tab_id="wDH:t8"
2026-07-31T12:34:40.044988Z  INFO herdr::logging: tab focused event="tab.focus" subsystem="tab" outcome="ok" workspace_id="wDH" tab_id="wDH:t7"
2026-07-31T12:34:45.054507Z  INFO herdr::logging: session saved event="persist.save" subsystem="persist" outcome="ok" path=/home/jacky/.config/herdr/session.json workspaces=1
2026-07-31T12:35:48.027840Z  INFO herdr::logging: tab focused event="tab.focus" subsystem="tab" outcome="ok" workspace_id="wDH" tab_id="wDH:t8"
2026-07-31T12:35:52.376437Z  INFO herdr::logging: tab focused event="tab.focus" subsystem="tab" outcome="ok" workspace_id="wDH" tab_id="wDH:tB"
2026-07-31T12:35:55.210544Z  INFO herdr::logging: tab focused event="tab.focus" subsystem="tab" outcome="ok" workspace_id="wDH" tab_id="wDH:t8"
2026-07-31T12:36:00.214592Z  INFO herdr::logging: session saved event="persist.save" subsystem="persist" outcome="ok" path=/home/jacky/.config/herdr/session.json workspaces=1
2026-07-31T12:37:50.968177Z  INFO herdr::logging: tab focused event="tab.focus" subsystem="tab" outcome="ok" workspace_id="wDH" tab_id="wDH:t7"
2026-07-31T12:37:55.970963Z  INFO herdr::logging: session saved event="persist.save" subsystem="persist" outcome="ok" path=/home/jacky/.config/herdr/session.json workspaces=1
2026-07-31T12:38:08.299687Z  INFO herdr::logging: tab focused event="tab.focus" subsystem="tab" outcome="ok" workspace_id="wDH" tab_id="wDH:t8"
2026-07-31T12:38:13.303504Z  INFO herdr::logging: session saved event="persist.save" subsystem="persist" outcome="ok" path=/home/jacky/.config/herdr/session.json workspaces=1
2026-07-31T12:38:18.358856Z  INFO herdr::logging: tab focused event="tab.focus" subsystem="tab" outcome="ok" workspace_id="wDH" tab_id="wDH:tB"
2026-07-31T12:38:23.364059Z  INFO herdr::logging: session saved event="persist.save" subsystem="persist" outcome="ok" path=/home/jacky/.config/herdr/session.json workspaces=1
2026-07-31T12:38:25.663074Z  INFO herdr::logging: tab focused event="tab.focus" subsystem="tab" outcome="ok" workspace_id="wDH" tab_id="wDH:t7"
2026-07-31T12:38:26.691671Z  INFO herdr::logging: tab focused event="tab.focus" subsystem="tab" outcome="ok" workspace_id="wDH" tab_id="wDH:t6"
2026-07-31T12:38:27.747779Z  INFO herdr::logging: tab focused event="tab.focus" subsystem="tab" outcome="ok" workspace_id="wDH" tab_id="wDH:t7"
2026-07-31T12:38:28.866234Z  INFO herdr::logging: tab focused event="tab.focus" subsystem="tab" outcome="ok" workspace_id="wDH" tab_id="wDH:tB"
2026-07-31T12:38:30.104474Z  INFO herdr::logging: tab focused event="tab.focus" subsystem="tab" outcome="ok" workspace_id="wDH" tab_id="wDH:t7"
2026-07-31T12:38:35.109141Z  INFO herdr::logging: session saved event="persist.save" subsystem="persist" outcome="ok" path=/home/jacky/.config/herdr/session.json workspaces=1
2026-07-31T12:38:37.198824Z  INFO herdr::logging: tab focused event="tab.focus" subsystem="tab" outcome="ok" workspace_id="wDH" tab_id="wDH:tB"
2026-07-31T12:38:42.203693Z  INFO herdr::logging: session saved event="persist.save" subsystem="persist" outcome="ok" path=/home/jacky/.config/herdr/session.json workspaces=1
2026-07-31T12:38:44.971489Z  INFO herdr::app::actions: copied selection to clipboard
2026-07-31T12:38:50.737231Z  INFO herdr::logging: tab focused event="tab.focus" subsystem="tab" outcome="ok" workspace_id="wDH" tab_id="wDH:t8"
2026-07-31T12:38:52.537326Z  INFO herdr::logging: tab focused event="tab.focus" subsystem="tab" outcome="ok" workspace_id="wDH" tab_id="wDH:t7"
2026-07-31T12:38:57.541386Z  INFO herdr::logging: session saved event="persist.save" subsystem="persist" outcome="ok" path=/home/jacky/.config/herdr/session.json workspaces=1
2026-07-31T12:39:01.090405Z  INFO herdr::logging: tab focused event="tab.focus" subsystem="tab" outcome="ok" workspace_id="wDH" tab_id="wDH:tB"
2026-07-31T12:39:01.835770Z  INFO herdr::logging: tab focused event="tab.focus" subsystem="tab" outcome="ok" workspace_id="wDH" tab_id="wDH:t8"
2026-07-31T12:39:06.839889Z  INFO herdr::logging: session saved event="persist.save" subsystem="persist" outcome="ok" path=/home/jacky/.config/herdr/session.json workspaces=1
2026-07-31T12:39:07.738833Z  INFO herdr::logging: tab focused event="tab.focus" subsystem="tab" outcome="ok" workspace_id="wDH" tab_id="wDH:tB"
2026-07-31T12:39:11.228141Z  INFO herdr::pane: agent changed pane=5 previous_agent=None agent=Some(OpenCode) process=opencode pgid=Some(702683)
2026-07-31T12:39:12.743144Z  INFO herdr::logging: session saved event="persist.save" subsystem="persist" outcome="ok" path=/home/jacky/.config/herdr/session.json workspaces=1
2026-07-31T12:39:21.575002Z  INFO herdr::pane: agent changed pane=5 previous_agent=None agent=Some(OpenCode) process=opencode pgid=Some(702683)
2026-07-31T12:39:26.473787Z  INFO herdr::logging: session saved event="persist.save" subsystem="persist" outcome="ok" path=/home/jacky/.config/herdr/session.json workspaces=1
2026-07-31T12:39:58.701697Z  INFO herdr::logging: tab focused event="tab.focus" subsystem="tab" outcome="ok" workspace_id="wDH" tab_id="wDH:t8"
2026-07-31T12:40:00.526243Z  INFO herdr::logging: tab focused event="tab.focus" subsystem="tab" outcome="ok" workspace_id="wDH" tab_id="wDH:t7"
2026-07-31T12:40:04.252802Z  INFO herdr::logging: tab focused event="tab.focus" subsystem="tab" outcome="ok" workspace_id="wDH" tab_id="wDH:t8"
2026-07-31T12:40:09.255761Z  INFO herdr::logging: session saved event="persist.save" subsystem="persist" outcome="ok" path=/home/jacky/.config/herdr/session.json workspaces=1
2026-07-31T12:41:28.237695Z  INFO herdr::logging: tab focused event="tab.focus" subsystem="tab" outcome="ok" workspace_id="wDH" tab_id="wDH:t7"
2026-07-31T12:41:33.240632Z  INFO herdr::logging: session saved event="persist.save" subsystem="persist" outcome="ok" path=/home/jacky/.config/herdr/session.json workspaces=1
2026-07-31T12:49:36.136488Z  INFO herdr::logging: tab focused event="tab.focus" subsystem="tab" outcome="ok" workspace_id="wDH" tab_id="wDH:t6"
2026-07-31T12:49:37.831374Z  INFO herdr::logging: tab focused event="tab.focus" subsystem="tab" outcome="ok" workspace_id="wDH" tab_id="wDH:t7"
2026-07-31T12:49:42.668212Z  INFO herdr::app::actions: copied selection to clipboard
2026-07-31T12:49:42.835891Z  INFO herdr::logging: session saved event="persist.save" subsystem="persist" outcome="ok" path=/home/jacky/.config/herdr/session.json workspaces=1
2026-07-31T12:53:28.416970Z  INFO herdr::logging: tab focused event="tab.focus" subsystem="tab" outcome="ok" workspace_id="wDH" tab_id="wDH:tB"
2026-07-31T12:53:33.420751Z  INFO herdr::logging: session saved event="persist.save" subsystem="persist" outcome="ok" path=/home/jacky/.config/herdr/session.json workspaces=1
2026-07-31T12:53:41.841151Z  INFO herdr::pane: agent changed pane=5 previous_agent=Some(OpenCode) agent=None pgid=Some(619753)
2026-07-31T12:53:46.534673Z  INFO herdr::logging: tab focused event="tab.focus" subsystem="tab" outcome="ok" workspace_id="wDH" tab_id="wDH:t7"
2026-07-31T12:53:51.541390Z  INFO herdr::logging: session saved event="persist.save" subsystem="persist" outcome="ok" path=/home/jacky/.config/herdr/session.json workspaces=1
2026-07-31T12:55:56.930929Z  INFO herdr::logging: tab focused event="tab.focus" subsystem="tab" outcome="ok" workspace_id="wDH" tab_id="wDH:tB"
2026-07-31T12:56:01.333675Z  INFO herdr::logging: tab focused event="tab.focus" subsystem="tab" outcome="ok" workspace_id="wDH" tab_id="wDH:t7"
2026-07-31T12:56:06.340801Z  INFO herdr::logging: session saved event="persist.save" subsystem="persist" outcome="ok" path=/home/jacky/.config/herdr/session.json workspaces=1
2026-07-31T13:01:29.661146Z  INFO herdr::logging: checking for updates event="update.check.start" subsystem="update" outcome="started"
2026-07-31T13:07:29.838069Z  INFO herdr::app::actions: copied selection to clipboard
2026-07-31T13:13:33.796010Z  INFO herdr::logging: tab focused event="tab.focus" subsystem="tab" outcome="ok" workspace_id="wDH" tab_id="wDH:t8"
2026-07-31T13:13:35.377866Z  INFO herdr::logging: tab focused event="tab.focus" subsystem="tab" outcome="ok" workspace_id="wDH" tab_id="wDH:tB"
2026-07-31T13:13:39.061486Z  INFO herdr::logging: tab focused event="tab.focus" subsystem="tab" outcome="ok" workspace_id="wDH" tab_id="wDH:t7"
2026-07-31T13:13:44.074633Z  INFO herdr::logging: session saved event="persist.save" subsystem="persist" outcome="ok" path=/home/jacky/.config/herdr/session.json workspaces=1
2026-07-31T13:14:11.120137Z  INFO herdr::app::actions: copied selection to clipboard
2026-07-31T13:14:22.899336Z  INFO herdr::logging: tab focused event="tab.focus" subsystem="tab" outcome="ok" workspace_id="wDH" tab_id="wDH:tB"
2026-07-31T13:14:27.910312Z  INFO herdr::logging: session saved event="persist.save" subsystem="persist" outcome="ok" path=/home/jacky/.config/herdr/session.json workspaces=1
2026-07-31T13:31:29.662792Z  INFO herdr::logging: checking for updates event="update.check.start" subsystem="update" outcome="started"
2026-07-31T14:01:29.664246Z  INFO herdr::logging: checking for updates event="update.check.start" subsystem="update" outcome="started"
2026-07-31T14:02:49.708358Z  INFO herdr::app::actions: copied selection to clipboard
2026-07-31T14:02:52.250116Z  INFO herdr::logging: tab focused event="tab.focus" subsystem="tab" outcome="ok" workspace_id="wDH" tab_id="wDH:t8"
2026-07-31T14:02:54.230091Z  INFO herdr::logging: tab focused event="tab.focus" subsystem="tab" outcome="ok" workspace_id="wDH" tab_id="wDH:t7"
2026-07-31T14:02:59.235986Z  INFO herdr::logging: session saved event="persist.save" subsystem="persist" outcome="ok" path=/home/jacky/.config/herdr/session.json workspaces=1
2026-07-31T14:03:39.323518Z  INFO herdr::app::actions: copied selection to clipboard
2026-07-31T14:03:54.185951Z  INFO herdr::logging: tab focused event="tab.focus" subsystem="tab" outcome="ok" workspace_id="wDH" tab_id="wDH:tB"
2026-07-31T14:03:58.942817Z  INFO herdr::logging: tab focused event="tab.focus" subsystem="tab" outcome="ok" workspace_id="wDH" tab_id="wDH:t8"
2026-07-31T14:04:03.952029Z  INFO herdr::logging: session saved event="persist.save" subsystem="persist" outcome="ok" path=/home/jacky/.config/herdr/session.json workspaces=1
2026-07-31T14:09:11.783010Z  INFO herdr::logging: tab focused event="tab.focus" subsystem="tab" outcome="ok" workspace_id="wDH" tab_id="wDH:tB"
2026-07-31T14:09:16.793824Z  INFO herdr::logging: session saved event="persist.save" subsystem="persist" outcome="ok" path=/home/jacky/.config/herdr/session.json workspaces=1
2026-07-31T14:09:21.312416Z  INFO herdr::logging: tab focused event="tab.focus" subsystem="tab" outcome="ok" workspace_id="wDH" tab_id="wDH:t7"
2026-07-31T14:09:26.322742Z  INFO herdr::logging: session saved event="persist.save" subsystem="persist" outcome="ok" path=/home/jacky/.config/herdr/session.json workspaces=1
2026-07-31T14:12:54.478040Z  INFO herdr::app::actions: copied selection to clipboard
2026-07-31T14:13:12.067805Z  INFO herdr::logging: tab focused event="tab.focus" subsystem="tab" outcome="ok" workspace_id="wDH" tab_id="wDH:t8"
2026-07-31T14:13:17.070192Z  INFO herdr::logging: session saved event="persist.save" subsystem="persist" outcome="ok" path=/home/jacky/.config/herdr/session.json workspaces=1
2026-07-31T14:13:23.834460Z  INFO herdr::logging: tab focused event="tab.focus" subsystem="tab" outcome="ok" workspace_id="wDH" tab_id="wDH:tB"
2026-07-31T14:13:28.842961Z  INFO herdr::logging: session saved event="persist.save" subsystem="persist" outcome="ok" path=/home/jacky/.config/herdr/session.json workspaces=1
2026-07-31T14:13:30.225336Z  INFO herdr::logging: tab focused event="tab.focus" subsystem="tab" outcome="ok" workspace_id="wDH" tab_id="wDH:t8"
2026-07-31T14:13:32.131280Z  INFO herdr::logging: tab focused event="tab.focus" subsystem="tab" outcome="ok" workspace_id="wDH" tab_id="wDH:t7"
2026-07-31T14:13:37.132556Z  INFO herdr::logging: session saved event="persist.save" subsystem="persist" outcome="ok" path=/home/jacky/.config/herdr/session.json workspaces=1
2026-07-31T14:15:40.584792Z  INFO herdr::app::actions: copied selection to clipboard
2026-07-31T14:19:15.372298Z  INFO herdr::app::actions: copied selection to clipboard
2026-07-31T14:20:27.507443Z  INFO herdr::server::headless: client connected client_id=8 cols=30 rows=1 cell_width_px=0 cell_height_px=0 render_encoding=SemanticFrame
2026-07-31T14:20:57.999712Z  INFO herdr::server::headless: client disconnected client_id=8
2026-07-31T14:30:35.495483Z  INFO herdr::logging: tab focused event="tab.focus" subsystem="tab" outcome="ok" workspace_id="wDH" tab_id="wDH:t8"
2026-07-31T14:30:36.825115Z  INFO herdr::logging: tab focused event="tab.focus" subsystem="tab" outcome="ok" workspace_id="wDH" tab_id="wDH:tB"
2026-07-31T14:30:41.834435Z  INFO herdr::logging: session saved event="persist.save" subsystem="persist" outcome="ok" path=/home/jacky/.config/herdr/session.json workspaces=1
2026-07-31T14:30:45.523404Z  INFO herdr::logging: tab focused event="tab.focus" subsystem="tab" outcome="ok" workspace_id="wDH" tab_id="wDH:t8"
2026-07-31T14:30:46.851118Z  INFO herdr::logging: tab focused event="tab.focus" subsystem="tab" outcome="ok" workspace_id="wDH" tab_id="wDH:t7"
2026-07-31T14:30:47.450019Z  INFO herdr::logging: tab focused event="tab.focus" subsystem="tab" outcome="ok" workspace_id="wDH" tab_id="wDH:t6"
2026-07-31T14:30:49.348025Z  INFO herdr::logging: tab focused event="tab.focus" subsystem="tab" outcome="ok" workspace_id="wDH" tab_id="wDH:t1"
2026-07-31T14:30:50.422757Z  INFO herdr::logging: tab focused event="tab.focus" subsystem="tab" outcome="ok" workspace_id="wDH" tab_id="wDH:t7"
2026-07-31T14:30:55.426417Z  INFO herdr::logging: session saved event="persist.save" subsystem="persist" outcome="ok" path=/home/jacky/.config/herdr/session.json workspaces=1
2026-07-31T14:31:29.665234Z  INFO herdr::logging: checking for updates event="update.check.start" subsystem="update" outcome="started"
2026-07-31T15:01:29.666043Z  INFO herdr::logging: checking for updates event="update.check.start" subsystem="update" outcome="started"
2026-07-31T15:31:29.667408Z  INFO herdr::logging: checking for updates event="update.check.start" subsystem="update" outcome="started"
2026-07-31T16:01:29.668966Z  INFO herdr::logging: checking for updates event="update.check.start" subsystem="update" outcome="started"
2026-07-31T16:31:29.669635Z  INFO herdr::logging: checking for updates event="update.check.start" subsystem="update" outcome="started"
2026-07-31T17:01:29.671429Z  INFO herdr::logging: checking for updates event="update.check.start" subsystem="update" outcome="started"
2026-07-31T17:31:29.673437Z  INFO herdr::logging: checking for updates event="update.check.start" subsystem="update" outcome="started"
2026-07-31T17:39:15.393662Z  INFO herdr::logging: tab focused event="tab.focus" subsystem="tab" outcome="ok" workspace_id="wDH" tab_id="wDH:t8"
2026-07-31T17:39:19.805999Z  INFO herdr::logging: tab focused event="tab.focus" subsystem="tab" outcome="ok" workspace_id="wDH" tab_id="wDH:tB"
2026-07-31T17:39:24.817723Z  INFO herdr::logging: session saved event="persist.save" subsystem="persist" outcome="ok" path=/home/jacky/.config/herdr/session.json workspaces=1
